{
    "multipart": [
        {   "when": { "north": true, "south": false, "west": true, "east": false },
            "apply": { "model": "block/glass_pane_corner" }
        },
		{   "when": { "north": true, "south": false, "west": false, "east": true },
            "apply": { "model": "block/glass_pane_corner", "y": 90 }
        },
		{   "when": { "north": false, "south": true, "west": false, "east": true },
            "apply": { "model": "block/glass_pane_corner", "y": 180 }
        },
		{   "when": { "north": false, "south": true, "west": true, "east": false },
            "apply": { "model": "block/glass_pane_corner", "y": 270 }
        },
		
		
		
		
		
		{   "when": { "north": false, "south": true, "west": true, "east": true },
            "apply": { "model": "block/glass_pane_ns", "y": 90 }
        },
		{   "when": { "north": true, "south": false, "west": true, "east": true },
            "apply": { "model": "block/glass_pane_ns" }
        },
		{   "when": { "north": true, "south": true, "west": false, "east": true },
            "apply": { "model": "block/glass_pane_ns", "y": 90 }
        },
		{   "when": { "north": true, "south": true, "west": true, "east": false },
            "apply": { "model": "block/glass_pane_ns" }
        },
		
		
		
		
		{   "when": { "north": false, "south": false, "west": false, "east": true },
            "apply": { "model": "block/glass_pane_ns", "y": 90 }
        },
		{   "when": { "north": true, "south": false, "west": false, "east": false },
            "apply": { "model": "block/glass_pane_ns" }
        },
		{   "when": { "north": false, "south": false, "west": true, "east": false },
            "apply": { "model": "block/glass_pane_ns", "y": 90 }
        },
		{   "when": { "north": false, "south": true, "west": false, "east": false },
            "apply": { "model": "block/glass_pane_ns" }
        },
		
		
		
		{   "when": { "north": false, "south": false, "west": true, "east": true },
            "apply": { "model": "block/glass_pane_ns", "y": 90 }
        },
        {   "when": { "north": true, "south": true, "west": false, "east": false },
            "apply": { "model": "block/glass_pane_ns" }
        },
		
		
	
        {   "when": { "north": true, "south": true, "west": true, "east": true },
            "apply": { "model": "block/glass_pane_roof" }
        },
		
		
		{   "when": { "north": false, "south": false, "west": false, "east": false },
            "apply": { "model": "block/glass_pane_collumn" }
        }
    ]
}
