{"multipart": [
			{   "when": { "north": "none", "south": "none", "west": "none", "east": "side|up" },"apply": { "model": "block/umsoea_redstone/line_male" }},
			{   "when": { "north": "none", "south": "none", "west": "side|up", "east": "none" },"apply": { "model": "block/umsoea_redstone/line_female", "y": 180}},
			{   "when": { "north": "none", "south": "side|up", "west": "none", "east": "none" },"apply": { "model": "block/umsoea_redstone/line_female", "y": 90 }},
			{   "when": { "north": "side|up", "south": "none", "west": "none", "east": "none" },"apply": { "model": "block/umsoea_redstone/line_male", "y": 270 }},
			
			{   "when": { "north": "side|up", "south": "side|up", "west": "none", "east": "none" },"apply": { "model": "block/umsoea_redstone/line" }},
			{   "when": { "north": "none", "south": "none", "west": "side|up", "east": "side|up" },"apply": { "model": "block/umsoea_redstone/line", "y": 90 }},
			
			{   "when": { "north": "none", "south": "none", "west": "none", "east": "none" },"apply": { "model": "block/umsoea_redstone/box" }},
			{   "when": { "north": "side|up", "south": "side|up", "west": "side|up", "east": "side|up" },"apply": [{ "model": "block/umsoea_redstone/center" }, { "model": "block/umsoea_redstone/center2" }]}
			,
			{   "when": { "north": "side|up", "south": "none", "west": "side|up", "east": "side|up", "power": 0 },"apply": { "model": "block/umsoea_redstone/t_shape0" }},
			{   "when": { "north": "side|up", "south": "none", "west": "side|up", "east": "side|up", "power": 1 },"apply": { "model": "block/umsoea_redstone/t_shape1" }},
			{   "when": { "north": "side|up", "south": "none", "west": "side|up", "east": "side|up", "power": 2 },"apply": { "model": "block/umsoea_redstone/t_shape2" }},
			{   "when": { "north": "side|up", "south": "none", "west": "side|up", "east": "side|up", "power": 3 },"apply": { "model": "block/umsoea_redstone/t_shape3" }},
			{   "when": { "north": "side|up", "south": "none", "west": "side|up", "east": "side|up", "power": 4 },"apply": { "model": "block/umsoea_redstone/t_shape4" }},
			{   "when": { "north": "side|up", "south": "none", "west": "side|up", "east": "side|up", "power": 5 },"apply": { "model": "block/umsoea_redstone/t_shape5" }},
			{   "when": { "north": "side|up", "south": "none", "west": "side|up", "east": "side|up", "power": 6 },"apply": { "model": "block/umsoea_redstone/t_shape6" }},
			{   "when": { "north": "side|up", "south": "none", "west": "side|up", "east": "side|up", "power": 7 },"apply": { "model": "block/umsoea_redstone/t_shape7" }},
			{   "when": { "north": "side|up", "south": "none", "west": "side|up", "east": "side|up", "power": 8 },"apply": { "model": "block/umsoea_redstone/t_shape8" }},
			{   "when": { "north": "side|up", "south": "none", "west": "side|up", "east": "side|up", "power": 9 },"apply": { "model": "block/umsoea_redstone/t_shape9" }},
			{   "when": { "north": "side|up", "south": "none", "west": "side|up", "east": "side|up", "power": 10 },"apply": { "model": "block/umsoea_redstone/t_shape10" }},
			{   "when": { "north": "side|up", "south": "none", "west": "side|up", "east": "side|up", "power": 11 },"apply": { "model": "block/umsoea_redstone/t_shape11" }},
			{   "when": { "north": "side|up", "south": "none", "west": "side|up", "east": "side|up", "power": 12 },"apply": { "model": "block/umsoea_redstone/t_shape12" }},
			{   "when": { "north": "side|up", "south": "none", "west": "side|up", "east": "side|up", "power": 13 },"apply": { "model": "block/umsoea_redstone/t_shape13" }},
			{   "when": { "north": "side|up", "south": "none", "west": "side|up", "east": "side|up", "power": 14 },"apply": { "model": "block/umsoea_redstone/t_shape14" }},
			{   "when": { "north": "side|up", "south": "none", "west": "side|up", "east": "side|up", "power": 15 },"apply": { "model": "block/umsoea_redstone/t_shape15" }},
			
			{   "when": { "north": "side|up", "south": "side|up", "west": "none", "east": "side|up" },"apply": { "model": "block/umsoea_redstone/t_shape", "y": 90 }},
			{   "when": { "north": "none", "south": "side|up", "west": "side|up", "east": "side|up" },"apply": { "model": "block/umsoea_redstone/t_shape", "y": 180 }},
			{   "when": { "north": "side|up", "south": "side|up", "west": "side|up", "east": "none" },"apply": { "model": "block/umsoea_redstone/t_shape", "y": 270 }},
			
			
			{   "when": { "north": "none", "south": "side|up", "west": "none", "east": "side|up" },"apply": { "model": "block/umsoea_redstone/corner" }},
			{   "when": { "north": "none", "south": "side|up", "west": "side|up", "east": "none" },"apply": { "model": "block/umsoea_redstone/corner", "y": 90 }},
			{   "when": { "north": "side|up", "south": "none", "west": "side|up", "east": "none" },"apply": { "model": "block/umsoea_redstone/corner", "y": 180 }},
			{   "when": { "north": "side|up", "south": "none", "west": "none", "east": "side|up" },"apply": { "model": "block/umsoea_redstone/corner", "y": 270 }},
			
			{   "when": { "north": "up" },"apply": { "model": "block/umsoea_redstone/up" }},
			{   "when": { "east": "up" },"apply": { "model": "block/umsoea_redstone/up", "y": 90 }},
			{   "when": { "south": "up" },"apply": { "model": "block/umsoea_redstone/up", "y": 180 }},
			{   "when": { "west": "up" },"apply": { "model": "block/umsoea_redstone/up", "y": 270 }}
			
			]
			
}
