{
	"ambientocclusion": false,
	"textures": {
		"particle": "block/grass",
		"cross": "block/grass"
	},
	"elements": [
		{
			"from": [0, 16, 9],
			"to": [16, 26, 9],
			"shade": false,
			"rotation": {"angle": -22.5, "axis": "y", "origin": [8, 26, 9]},
			"faces": {
				"north": {"uv": [0, 0, 16, 15], "texture": "#cross", "cullface": "up", "tintindex": 0},
				"south": {"uv": [16, 0, 0, 15], "texture": "#cross", "cullface": "up", "tintindex": 0}
			}
		},
		{
			"from": [9, 16, 0],
			"to": [9, 24, 16],
			"shade": false,
			"rotation": {"angle": -22.5, "axis": "y", "origin": [9, 24, 8]},
			"faces": {
				"east": {"uv": [16, 0, 0, 15], "texture": "#cross", "cullface": "up", "tintindex": 0},
				"west": {"uv": [0, 0, 16, 15], "texture": "#cross", "cullface": "up", "tintindex": 0}
			}
		}
	]
}