{
  "variants": {
    "moisture=0": [
      {
        "model": "minecraft:block/farmland"
      },
      {
        "model": "minecraft:block/farmland_2"
      }
    ],
    "moisture=1": [
      {
        "model": "minecraft:block/farmland"
      },
      {
        "model": "minecraft:block/farmland_2"
      }
    ],
    "moisture=2": [
      {
        "model": "minecraft:block/farmland"
      },
      {
        "model": "minecraft:block/farmland_2"
      }
    ],
    "moisture=3": [
      {
        "model": "minecraft:block/farmland"
      },
      {
        "model": "minecraft:block/farmland_2"
      }
    ],
    "moisture=4": [
      {
        "model": "minecraft:block/farmland"
      },
      {
        "model": "minecraft:block/farmland_2"
      }
    ],
    "moisture=5": [
      {
        "model": "minecraft:block/farmland"
      },
      {
        "model": "minecraft:block/farmland_2"
      }
    ],
    "moisture=6": [
      {
        "model": "minecraft:block/farmland"
      },
      {
        "model": "minecraft:block/farmland_2"
      }
    ],
    "moisture=7": [
      {
        "model": "minecraft:block/farmland_moist"
      },
      {
        "model": "minecraft:block/farmland_moist_2"
      }
    ]
  }
}