{
  "multipart": [
    {
      "when": {
        "OR": [
          {
            "north": "none",
            "south": "none",
            "east": "none",
            "west": "none"
          },
          {
            "north": "side|up",
            "east": "side|up"
          },
          {
            "south": "side|up",
            "east": "side|up"
          },
          {
            "south": "side|up",
            "west": "side|up"
          },
          {
            "north": "side|up",
            "west": "side|up"
          }
        ]
      },
      "apply": {
        "model": "minecraft:block/redstone_dust_dot"
      }
    },
    {
      "when": {
        "north": "side|up"
      },
      "apply": {
        "model": "minecraft:block/redstone_dust_side"
      }
    },
    {
      "when": {
        "south": "side|up"
      },
      "apply": {
        "model": "minecraft:block/redstone_dust_side_alt"
      }
    },
    {
      "when": {
        "east": "side|up"
      },
      "apply": {
        "model": "minecraft:block/redstone_dust_side_alt",
        "y": 270
      }
    },
    {
      "when": {
        "west": "side|up"
      },
      "apply": {
        "model": "minecraft:block/redstone_dust_side2",
        "y": 270
      }
    },
    {
      "when": {
        "north": "up"
      },
      "apply": {
        "model": "minecraft:block/redstone_dust_up2"
      }
    },
    {
      "when": {
        "east": "up"
      },
      "apply": {
        "model": "minecraft:block/redstone_dust_up",
        "y": 90
      }
    },
    {
      "when": {
        "south": "up"
      },
      "apply": {
        "model": "minecraft:block/redstone_dust_up",
        "y": 180
      }
    },
    {
      "when": {
        "west": "up"
      },
      "apply": {
        "model": "minecraft:block/redstone_dust_up2",
        "y": 270
      }
    }
  ]
}