{
	"ambientocclusion": false,
	"textures": {
		"particle": "block/large_fern_top",
		"cross": "block/large_fern_top",
		"extra": "block/extra/large_fern_top_extra"
	},
	"elements": [
		{
			"from": [-1, -2, 8],
			"to": [17, 11, 8],
			"shade": false,
			"rotation": {"angle": 45, "axis": "y", "origin": [8, 0, 8]},
			"faces": {
				"north": {"uv": [0, 0, 16, 16], "texture": "#cross", "tintindex": 0},
				"south": {"uv": [16, 0, 0, 16], "texture": "#cross", "tintindex": 0}
			}
		},
		{
			"from": [8, 0, -1],
			"to": [8, 14, 17],
			"shade": false,
			"rotation": {"angle": 45, "axis": "y", "origin": [8, 0, 8]},
			"faces": {
				"east": {"uv": [0, 0, 16, 16], "texture": "#cross", "tintindex": 0},
				"west": {"uv": [16, 0, 0, 16], "texture": "#cross", "tintindex": 0}
			}
		},
		{
			"from": [-1, -3, 2],
			"to": [17, 12, 2],
			"shade": false,
			"rotation": {"angle": -45, "axis": "x", "origin": [8, -3, 2]},
			"faces": {
				"north": {"uv": [16, 0, 0, 16], "texture": "#extra", "tintindex": 0},
				"south": {"uv": [0, 0, 16, 16], "texture": "#extra", "tintindex": 0}
			}
		},
		{
			"from": [-1, -3, 14],
			"to": [17, 12, 14],
			"shade": false,
			"rotation": {"angle": 45, "axis": "x", "origin": [8, -3, 14]},
			"faces": {
				"north": {"uv": [0, 0, 16, 16], "texture": "#extra", "tintindex": 0},
				"south": {"uv": [16, 0, 0, 16], "texture": "#extra", "tintindex": 0}
			}
		},
		{
			"from": [2, -3, -1],
			"to": [2, 12, 17],
			"shade": false,
			"rotation": {"angle": 45, "axis": "z", "origin": [2, -3, 8]},
			"faces": {
				"east": {"uv": [0, 0, 16, 16], "texture": "#extra", "tintindex": 0},
				"west": {"uv": [16, 0, 0, 16], "texture": "#extra", "tintindex": 0}
			}
		},
		{
			"from": [14, -3, -1],
			"to": [14, 12, 17],
			"shade": false,
			"rotation": {"angle": -45, "axis": "z", "origin": [14, -3, 8]},
			"faces": {
				"east": {"uv": [16, 0, 0, 16], "texture": "#extra", "tintindex": 0},
				"west": {"uv": [0, 0, 16, 16], "texture": "#extra", "tintindex": 0}
			}
		}
	]
}