{
	"parent": "block/block",
	"textures": {
		"particle": "block/mangrove_propagule_hanging",
		"propagule": "block/mangrove_propagule_hanging"
	},
	"elements": [
		{
			"from": [7, 13, 9],
			"to": [9, 13, 11],
			"rotation": {"angle": 22.5, "axis": "x", "origin": [8, 13, 9]},
			"faces": {
				"up": {"uv": [10, 0, 12, 2], "texture": "#propagule"},
				"down": {"uv": [12, 3, 10, 5], "rotation": 180, "texture": "#propagule"}
			}
		},
		{
			"from": [9, 13, 7],
			"to": [11, 13, 9],
			"rotation": {"angle": -22.5, "axis": "z", "origin": [9, 13, 8]},
			"faces": {
				"up": {"uv": [13, 0, 15, 2], "rotation": 270, "texture": "#propagule"},
				"down": {"uv": [15, 3, 13, 5], "rotation": 270, "texture": "#propagule"}
			}
		},
		{
			"from": [7, 13, 5],
			"to": [9, 13, 7],
			"rotation": {"angle": -22.5, "axis": "x", "origin": [8, 13, 7]},
			"faces": {
				"up": {"uv": [10, 0, 12, 2], "rotation": 180, "texture": "#propagule"},
				"down": {"uv": [12, 3, 10, 5], "texture": "#propagule"}
			}
		},
		{
			"from": [5, 13, 7],
			"to": [7, 13, 9],
			"rotation": {"angle": 22.5, "axis": "z", "origin": [7, 13, 8]},
			"faces": {
				"up": {"uv": [13, 0, 15, 2], "rotation": 90, "texture": "#propagule"},
				"down": {"uv": [15, 3, 13, 5], "rotation": 90, "texture": "#propagule"}
			}
		},
		{
			"from": [7, 13, 7],
			"to": [9, 14, 9],
			"rotation": {"angle": 0, "axis": "y", "origin": [8, 16, 8]},
			"faces": {
				"north": {"uv": [0, 3, 2, 4], "texture": "#propagule"},
				"east": {"uv": [2, 3, 4, 4], "texture": "#propagule"},
				"south": {"uv": [0, 3, 2, 4], "texture": "#propagule"},
				"west": {"uv": [2, 3, 4, 4], "texture": "#propagule"},
				"up": {"uv": [0, 0, 2, 2], "texture": "#propagule"},
				"down": {"uv": [0, 8, 2, 10], "texture": "#propagule"}
			}
		},
		{
			"from": [7, 14, 8],
			"to": [9, 16, 8],
			"rotation": {"angle": -45, "axis": "y", "origin": [8, 16, 8]},
			"faces": {
				"north": {"uv": [5, 0, 7, 2], "texture": "#propagule"},
				"south": {"uv": [7, 0, 5, 2], "texture": "#propagule"}
			}
		},
		{
			"from": [7, 14, 8],
			"to": [9, 16, 8],
			"rotation": {"angle": 45, "axis": "y", "origin": [8, 16, 8]},
			"faces": {
				"north": {"uv": [7, 0, 9, 2], "texture": "#propagule"},
				"south": {"uv": [9, 0, 7, 2], "texture": "#propagule"}
			}
		}
	]
}