{
	"credit": "Made with Blockbench",
	"ambientocclusion": false,
	"textures": {
		"1": "block/acacia_door_top_L",
		"particle": "block/acacia_door_top_R",
		"top": "block/acacia_door_top_R"
	},
	"elements": [
		{
			"from": [0, 0, 0],
			"to": [3, 16, 16],
			"faces": {
				"north": {"uv": [3, 0, 0, 16], "texture": "#top", "cullface": "north"},
				"east": {"uv": [0, 0, 16, 16], "texture": "#1"},
				"south": {"uv": [0, 0, 3, 16], "texture": "#top", "cullface": "south"},
				"west": {"uv": [0, 0, 16, 16], "texture": "#top", "cullface": "west"},
				"up": {"uv": [13, 0, 16, 16], "texture": "#top", "cullface": "up"}
			}
		}
	]
}