{
	"credit": "Made with Blockbench",
	"ambientocclusion": false,
	"textures": {
		"0": "block/tools/wooden_square",
		"1": "block/tools/iron_square",
		"2": "block/items/rail_B",
		"3": "block/items/red",
		"4": "block/items/red_circle_hollow",
		"particle": "block/tools/wooden_square"
	},
	"elements": [
		{
			"from": [8, 0, 0],
			"to": [16, 1.5, 4],
			"faces": {
				"north": {"uv": [0, 0, 16, 16], "texture": "#0"},
				"east": {"uv": [0, 0, 16, 16], "texture": "#0"},
				"south": {"uv": [0, 0, 16, 16], "texture": "#0"},
				"up": {"uv": [0, 0, 16, 16], "texture": "#0"},
				"down": {"uv": [0, 0, 16, 16], "texture": "#0"}
			}
		},
		{
			"from": [4, -1.45, 12],
			"to": [12, 0.05, 16.025],
			"faces": {
				"east": {"uv": [0, 0, 16, 16], "texture": "#3"},
				"south": {"uv": [0, 0, 16, 16], "texture": "#3"},
				"west": {"uv": [0, 0, 16, 16], "texture": "#3"},
				"up": {"uv": [0, 0, 16, 16], "texture": "#3"},
				"down": {"uv": [0, 0, 16, 16], "texture": "#3"}
			}
		},
		{
			"from": [4, -1.45, 8],
			"to": [12, 0.05, 12],
			"faces": {
				"east": {"uv": [0, 0, 16, 16], "texture": "#3"},
				"west": {"uv": [0, 0, 16, 16], "texture": "#3"},
				"down": {"uv": [0, 0, 16, 16], "texture": "#3"}
			}
		},
		{
			"from": [4, -1.45, 4],
			"to": [12, 0.05, 8],
			"faces": {
				"east": {"uv": [0, 0, 16, 16], "texture": "#3"},
				"west": {"uv": [0, 0, 16, 16], "texture": "#3"},
				"up": {"uv": [0, 0, 16, 16], "texture": "#3"},
				"down": {"uv": [0, 0, 16, 16], "texture": "#3"}
			}
		},
		{
			"from": [4, -1.45, -0.025],
			"to": [12, 0.05, 4],
			"faces": {
				"north": {"uv": [0, 0, 16, 16], "texture": "#3"},
				"east": {"uv": [0, 0, 16, 16], "texture": "#3"},
				"west": {"uv": [0, 0, 16, 16], "texture": "#3"},
				"up": {"uv": [0, 0, 16, 16], "texture": "#3"},
				"down": {"uv": [0, 0, 16, 16], "texture": "#3"}
			}
		},
		{
			"from": [8, 0, 8],
			"to": [16, 1.5, 12],
			"faces": {
				"north": {"uv": [0, 0, 16, 16], "texture": "#0"},
				"east": {"uv": [0, 0, 16, 16], "texture": "#0"},
				"south": {"uv": [0, 0, 16, 16], "texture": "#0"},
				"up": {"uv": [0, 0, 16, 16], "texture": "#0"},
				"down": {"uv": [0, 0, 16, 16], "texture": "#0"}
			}
		},
		{
			"from": [0, 0, 8],
			"to": [8, 1.5, 12],
			"faces": {
				"north": {"uv": [0, 0, 16, 16], "texture": "#0"},
				"south": {"uv": [0, 0, 16, 16], "texture": "#0"},
				"west": {"uv": [0, 0, 16, 16], "texture": "#0"},
				"up": {"uv": [0, 0, 16, 16], "texture": "#0"},
				"down": {"uv": [0, 0, 16, 16], "texture": "#0"}
			}
		},
		{
			"from": [0, 0, 0],
			"to": [8, 1.5, 4],
			"faces": {
				"north": {"uv": [0, 0, 16, 16], "texture": "#0"},
				"south": {"uv": [0, 0, 16, 16], "texture": "#0"},
				"west": {"uv": [0, 0, 16, 16], "texture": "#0"},
				"up": {"uv": [0, 0, 16, 16], "texture": "#0"},
				"down": {"uv": [0, 0, 16, 16], "texture": "#0"}
			}
		},
		{
			"from": [2, 1.5, 0],
			"to": [6, 3, 8],
			"faces": {
				"north": {"uv": [0, 0, 16, 16], "texture": "#1"},
				"east": {"uv": [1, 0, 16, 16], "texture": "#1"},
				"west": {"uv": [0, 0, 15, 16], "texture": "#1"},
				"up": {"uv": [0, 0, 16, 15], "texture": "#1"},
				"down": {"uv": [0, 1, 16, 16], "texture": "#1"}
			}
		},
		{
			"from": [2, 3, 12],
			"to": [6, 3, 16],
			"faces": {
				"up": {"uv": [0, 1, 16, 16], "texture": "#2"}
			}
		},
		{
			"from": [10, 3, 0],
			"to": [14, 3, 4],
			"faces": {
				"up": {"uv": [0, 1, 16, 16], "rotation": 180, "texture": "#2"}
			}
		},
		{
			"from": [2, 3, 8],
			"to": [6, 3, 12],
			"faces": {
				"up": {"uv": [0, 1, 16, 15], "texture": "#1"}
			}
		},
		{
			"from": [10, 3, 4],
			"to": [14, 3, 8],
			"faces": {
				"up": {"uv": [0, 1, 16, 15], "rotation": 180, "texture": "#1"}
			}
		},
		{
			"from": [10, 1.5, 0],
			"to": [14, 3, 8],
			"faces": {
				"north": {"uv": [0, 0, 16, 16], "texture": "#1"},
				"east": {"uv": [1, 0, 16, 16], "texture": "#1"},
				"west": {"uv": [0, 0, 15, 16], "texture": "#1"},
				"down": {"uv": [0, 1, 16, 16], "texture": "#1"}
			}
		},
		{
			"from": [10, 1.5, 8],
			"to": [14, 3, 16],
			"faces": {
				"east": {"uv": [0, 0, 15, 16], "texture": "#1"},
				"south": {"uv": [0, 0, 16, 16], "texture": "#1"},
				"west": {"uv": [1, 0, 16, 16], "texture": "#1"},
				"up": {"uv": [0, 1, 16, 16], "texture": "#1"},
				"down": {"uv": [0, 0, 16, 15], "texture": "#1"}
			}
		},
		{
			"from": [2, 1.5, 8],
			"to": [6, 3, 16],
			"faces": {
				"east": {"uv": [0, 0, 15, 16], "texture": "#1"},
				"south": {"uv": [0, 0, 16, 16], "texture": "#1"},
				"west": {"uv": [1, 0, 16, 16], "texture": "#1"},
				"down": {"uv": [0, 0, 16, 15], "texture": "#1"}
			}
		},
		{
			"name": "hexadecagon",
			"from": [7.76131, 0.05, 12.8],
			"to": [8.23869, 0.85, 13.2],
			"rotation": {"angle": -45, "axis": "y", "origin": [8, 0.55, 14]},
			"faces": {
				"north": {"uv": [1, 0, 15, 15], "texture": "#3"},
				"south": {"uv": [1, 0, 15, 15], "texture": "#3"},
				"down": {"uv": [0, 0, 1, 1], "texture": "#3"}
			}
		},
		{
			"name": "hexadecagon",
			"from": [7.76131, 0.05, 12.8],
			"to": [8.23869, 0.85, 13.2],
			"rotation": {"angle": -22.5, "axis": "y", "origin": [8, 0.55, 14]},
			"faces": {
				"north": {"uv": [1, 0, 15, 15], "texture": "#3"},
				"south": {"uv": [1, 0, 15, 15], "texture": "#3"},
				"down": {"uv": [0, 0, 1, 1], "texture": "#3"}
			}
		},
		{
			"name": "hexadecagon",
			"from": [7.76131, 0.05, 12.8],
			"to": [8.23869, 0.85, 13.2],
			"rotation": {"angle": 0, "axis": "y", "origin": [8, 0.55, 14]},
			"faces": {
				"north": {"uv": [1, 0, 15, 15], "texture": "#3"},
				"south": {"uv": [1, 0, 15, 15], "texture": "#3"}
			}
		},
		{
			"name": "hexadecagon",
			"from": [7.76131, 0.05, 12.8],
			"to": [8.23869, 0.85, 13.2],
			"rotation": {"angle": 22.5, "axis": "y", "origin": [8, 0.55, 14]},
			"faces": {
				"north": {"uv": [1, 0, 15, 15], "texture": "#3"},
				"south": {"uv": [1, 0, 15, 15], "texture": "#3"},
				"down": {"uv": [0, 0, 1, 1], "texture": "#3"}
			}
		},
		{
			"name": "hexadecagon",
			"from": [7.76131, 0.05, 12.8],
			"to": [8.23869, 0.85, 13.2],
			"rotation": {"angle": 45, "axis": "y", "origin": [8, 0.55, 14]},
			"faces": {
				"north": {"uv": [1, 0, 15, 15], "texture": "#3"},
				"south": {"uv": [1, 0, 15, 15], "texture": "#3"},
				"down": {"uv": [0, 0, 1, 1], "texture": "#3"}
			}
		},
		{
			"name": "hexadecagon",
			"from": [7.76131, 0.05, 14.8],
			"to": [8.23869, 0.85, 15.2],
			"rotation": {"angle": -45, "axis": "y", "origin": [8, 0.55, 14]},
			"faces": {
				"north": {"uv": [1, 0, 15, 15], "texture": "#3"},
				"south": {"uv": [1, 0, 15, 15], "texture": "#3"},
				"down": {"uv": [0, 0, 1, 1], "texture": "#3"}
			}
		},
		{
			"name": "hexadecagon",
			"from": [7.76131, 0.05, 14.8],
			"to": [8.23869, 0.85, 15.2],
			"rotation": {"angle": -22.5, "axis": "y", "origin": [8, 0.55, 14]},
			"faces": {
				"north": {"uv": [1, 0, 15, 15], "texture": "#3"},
				"south": {"uv": [1, 0, 15, 15], "texture": "#3"},
				"down": {"uv": [0, 0, 1, 1], "texture": "#3"}
			}
		},
		{
			"name": "hexadecagon",
			"from": [7.76131, 0.05, 14.8],
			"to": [8.23869, 0.85, 15.2],
			"rotation": {"angle": 0, "axis": "y", "origin": [8, 0.55, 14]},
			"faces": {
				"north": {"uv": [1, 0, 15, 15], "texture": "#3"},
				"south": {"uv": [1, 0, 15, 15], "texture": "#3"}
			}
		},
		{
			"name": "hexadecagon",
			"from": [7.76131, 0.05, 14.8],
			"to": [8.23869, 0.85, 15.2],
			"rotation": {"angle": 22.5, "axis": "y", "origin": [8, 0.55, 14]},
			"faces": {
				"north": {"uv": [1, 0, 15, 15], "texture": "#3"},
				"south": {"uv": [1, 0, 15, 15], "texture": "#3"},
				"down": {"uv": [0, 0, 1, 1], "texture": "#3"}
			}
		},
		{
			"name": "hexadecagon",
			"from": [7.76131, 0.05, 14.8],
			"to": [8.23869, 0.85, 15.2],
			"rotation": {"angle": 45, "axis": "y", "origin": [8, 0.55, 14]},
			"faces": {
				"north": {"uv": [1, 0, 15, 15], "texture": "#3"},
				"south": {"uv": [1, 0, 15, 15], "texture": "#3"},
				"down": {"uv": [0, 0, 1, 1], "texture": "#3"}
			}
		},
		{
			"name": "hexadecagon",
			"from": [6.8, 0.05, 13.76131],
			"to": [7.2, 0.85, 14.23869],
			"rotation": {"angle": -22.5, "axis": "y", "origin": [8, 0.55, 14]},
			"faces": {
				"east": {"uv": [1, 0, 15, 15], "texture": "#3"},
				"west": {"uv": [1, 0, 15, 15], "texture": "#3"},
				"down": {"uv": [0, 0, 1, 1], "texture": "#3"}
			}
		},
		{
			"name": "hexadecagon",
			"from": [6.8, 0.05, 13.76131],
			"to": [7.2, 0.85, 14.23869],
			"rotation": {"angle": 0, "axis": "y", "origin": [8, 0.55, 14]},
			"faces": {
				"east": {"uv": [1, 0, 15, 15], "texture": "#3"},
				"west": {"uv": [1, 0, 15, 15], "texture": "#3"}
			}
		},
		{
			"name": "hexadecagon",
			"from": [6.8, 0.05, 13.76131],
			"to": [7.2, 0.85, 14.23869],
			"rotation": {"angle": 22.5, "axis": "y", "origin": [8, 0.55, 14]},
			"faces": {
				"east": {"uv": [1, 0, 15, 15], "texture": "#3"},
				"west": {"uv": [1, 0, 15, 15], "texture": "#3"},
				"down": {"uv": [0, 0, 1, 1], "texture": "#3"}
			}
		},
		{
			"name": "hexadecagon",
			"from": [8.8, 0.05, 13.76131],
			"to": [9.2, 0.85, 14.23869],
			"rotation": {"angle": -22.5, "axis": "y", "origin": [8, 0.55, 14]},
			"faces": {
				"east": {"uv": [1, 0, 15, 15], "texture": "#3"},
				"west": {"uv": [1, 0, 15, 15], "texture": "#3"},
				"down": {"uv": [0, 0, 1, 1], "texture": "#3"}
			}
		},
		{
			"name": "hexadecagon",
			"from": [8.8, 0.05, 13.76131],
			"to": [9.2, 0.85, 14.23869],
			"rotation": {"angle": 0, "axis": "y", "origin": [8, 0.55, 14]},
			"faces": {
				"east": {"uv": [1, 0, 15, 15], "texture": "#3"},
				"west": {"uv": [1, 0, 15, 15], "texture": "#3"}
			}
		},
		{
			"name": "hexadecagon",
			"from": [8.8, 0.05, 13.76131],
			"to": [9.2, 0.85, 14.23869],
			"rotation": {"angle": 22.5, "axis": "y", "origin": [8, 0.55, 14]},
			"faces": {
				"east": {"uv": [1, 0, 15, 15], "texture": "#3"},
				"west": {"uv": [1, 0, 15, 15], "texture": "#3"},
				"down": {"uv": [0, 0, 1, 1], "texture": "#3"}
			}
		},
		{
			"from": [6.8, 0.85, 12.8],
			"to": [9.2, 0.85, 15.2],
			"faces": {
				"up": {"uv": [0, 0, 16, 16], "texture": "#4"},
				"down": {"uv": [0, 0, 16, 16], "texture": "#4"}
			}
		},
		{
			"name": "hexadecagon",
			"from": [7.76131, 0.05, 4.8],
			"to": [8.23869, 0.85, 5.2],
			"rotation": {"angle": -45, "axis": "y", "origin": [8, 0.55, 6]},
			"faces": {
				"north": {"uv": [1, 0, 15, 15], "texture": "#3"},
				"south": {"uv": [1, 0, 15, 15], "texture": "#3"},
				"down": {"uv": [0, 0, 1, 1], "texture": "#3"}
			}
		},
		{
			"name": "hexadecagon",
			"from": [7.76131, 0.05, 4.8],
			"to": [8.23869, 0.85, 5.2],
			"rotation": {"angle": -22.5, "axis": "y", "origin": [8, 0.55, 6]},
			"faces": {
				"north": {"uv": [1, 0, 15, 15], "texture": "#3"},
				"south": {"uv": [1, 0, 15, 15], "texture": "#3"},
				"down": {"uv": [0, 0, 1, 1], "texture": "#3"}
			}
		},
		{
			"name": "hexadecagon",
			"from": [7.76131, 0.05, 4.8],
			"to": [8.23869, 0.85, 5.2],
			"rotation": {"angle": 0, "axis": "y", "origin": [8, 0.55, 6]},
			"faces": {
				"north": {"uv": [1, 0, 15, 15], "texture": "#3"},
				"south": {"uv": [1, 0, 15, 15], "texture": "#3"}
			}
		},
		{
			"name": "hexadecagon",
			"from": [7.76131, 0.05, 4.8],
			"to": [8.23869, 0.85, 5.2],
			"rotation": {"angle": 22.5, "axis": "y", "origin": [8, 0.55, 6]},
			"faces": {
				"north": {"uv": [1, 0, 15, 15], "texture": "#3"},
				"south": {"uv": [1, 0, 15, 15], "texture": "#3"},
				"down": {"uv": [0, 0, 1, 1], "texture": "#3"}
			}
		},
		{
			"name": "hexadecagon",
			"from": [7.76131, 0.05, 4.8],
			"to": [8.23869, 0.85, 5.2],
			"rotation": {"angle": 45, "axis": "y", "origin": [8, 0.55, 6]},
			"faces": {
				"north": {"uv": [1, 0, 15, 15], "texture": "#3"},
				"south": {"uv": [1, 0, 15, 15], "texture": "#3"},
				"down": {"uv": [0, 0, 1, 1], "texture": "#3"}
			}
		},
		{
			"name": "hexadecagon",
			"from": [7.76131, 0.05, 6.8],
			"to": [8.23869, 0.85, 7.2],
			"rotation": {"angle": -45, "axis": "y", "origin": [8, 0.55, 6]},
			"faces": {
				"north": {"uv": [1, 0, 15, 15], "texture": "#3"},
				"south": {"uv": [1, 0, 15, 15], "texture": "#3"},
				"down": {"uv": [0, 0, 1, 1], "texture": "#3"}
			}
		},
		{
			"name": "hexadecagon",
			"from": [7.76131, 0.05, 6.8],
			"to": [8.23869, 0.85, 7.2],
			"rotation": {"angle": -22.5, "axis": "y", "origin": [8, 0.55, 6]},
			"faces": {
				"north": {"uv": [1, 0, 15, 15], "texture": "#3"},
				"south": {"uv": [1, 0, 15, 15], "texture": "#3"},
				"down": {"uv": [0, 0, 1, 1], "texture": "#3"}
			}
		},
		{
			"name": "hexadecagon",
			"from": [7.76131, 0.05, 6.8],
			"to": [8.23869, 0.85, 7.2],
			"rotation": {"angle": 0, "axis": "y", "origin": [8, 0.55, 6]},
			"faces": {
				"north": {"uv": [1, 0, 15, 15], "texture": "#3"},
				"south": {"uv": [1, 0, 15, 15], "texture": "#3"}
			}
		},
		{
			"name": "hexadecagon",
			"from": [7.76131, 0.05, 6.8],
			"to": [8.23869, 0.85, 7.2],
			"rotation": {"angle": 22.5, "axis": "y", "origin": [8, 0.55, 6]},
			"faces": {
				"north": {"uv": [1, 0, 15, 15], "texture": "#3"},
				"south": {"uv": [1, 0, 15, 15], "texture": "#3"},
				"down": {"uv": [0, 0, 1, 1], "texture": "#3"}
			}
		},
		{
			"name": "hexadecagon",
			"from": [7.76131, 0.05, 6.8],
			"to": [8.23869, 0.85, 7.2],
			"rotation": {"angle": 45, "axis": "y", "origin": [8, 0.55, 6]},
			"faces": {
				"north": {"uv": [1, 0, 15, 15], "texture": "#3"},
				"south": {"uv": [1, 0, 15, 15], "texture": "#3"},
				"down": {"uv": [0, 0, 1, 1], "texture": "#3"}
			}
		},
		{
			"name": "hexadecagon",
			"from": [6.8, 0.05, 5.76131],
			"to": [7.2, 0.85, 6.23869],
			"rotation": {"angle": -22.5, "axis": "y", "origin": [8, 0.55, 6]},
			"faces": {
				"east": {"uv": [1, 0, 15, 15], "texture": "#3"},
				"west": {"uv": [1, 0, 15, 15], "texture": "#3"},
				"down": {"uv": [0, 0, 1, 1], "texture": "#3"}
			}
		},
		{
			"name": "hexadecagon",
			"from": [6.8, 0.05, 5.76131],
			"to": [7.2, 0.85, 6.23869],
			"rotation": {"angle": 0, "axis": "y", "origin": [8, 0.55, 6]},
			"faces": {
				"east": {"uv": [1, 0, 15, 15], "texture": "#3"},
				"west": {"uv": [1, 0, 15, 15], "texture": "#3"}
			}
		},
		{
			"name": "hexadecagon",
			"from": [6.8, 0.05, 5.76131],
			"to": [7.2, 0.85, 6.23869],
			"rotation": {"angle": 22.5, "axis": "y", "origin": [8, 0.55, 6]},
			"faces": {
				"east": {"uv": [1, 0, 15, 15], "texture": "#3"},
				"west": {"uv": [1, 0, 15, 15], "texture": "#3"},
				"down": {"uv": [0, 0, 1, 1], "texture": "#3"}
			}
		},
		{
			"name": "hexadecagon",
			"from": [8.8, 0.05, 5.76131],
			"to": [9.2, 0.85, 6.23869],
			"rotation": {"angle": -22.5, "axis": "y", "origin": [8, 0.55, 6]},
			"faces": {
				"east": {"uv": [1, 0, 15, 15], "texture": "#3"},
				"west": {"uv": [1, 0, 15, 15], "texture": "#3"},
				"down": {"uv": [0, 0, 1, 1], "texture": "#3"}
			}
		},
		{
			"name": "hexadecagon",
			"from": [8.8, 0.05, 5.76131],
			"to": [9.2, 0.85, 6.23869],
			"rotation": {"angle": 0, "axis": "y", "origin": [8, 0.55, 6]},
			"faces": {
				"east": {"uv": [1, 0, 15, 15], "texture": "#3"},
				"west": {"uv": [1, 0, 15, 15], "texture": "#3"}
			}
		},
		{
			"name": "hexadecagon",
			"from": [8.8, 0.05, 5.76131],
			"to": [9.2, 0.85, 6.23869],
			"rotation": {"angle": 22.5, "axis": "y", "origin": [8, 0.55, 6]},
			"faces": {
				"east": {"uv": [1, 0, 15, 15], "texture": "#3"},
				"west": {"uv": [1, 0, 15, 15], "texture": "#3"},
				"down": {"uv": [0, 0, 1, 1], "texture": "#3"}
			}
		},
		{
			"from": [6.8, 0.85, 4.8],
			"to": [9.2, 0.85, 7.2],
			"rotation": {"angle": 0, "axis": "y", "origin": [0, 0, -8]},
			"faces": {
				"up": {"uv": [0, 0, 16, 16], "texture": "#4"},
				"down": {"uv": [0, 0, 16, 16], "texture": "#4"}
			}
		}
	],
	"display": {},
	"groups": [0, 1, 2, 3, 4, 5, 6, 7, 8, 9, 10, 11, 12, 13, 14, 15,
		{
			"name": "hexadecagon",
			"origin": [8, 8, 8],
			"color": 0,
			"children": [16, 17, 18, 19, 20, 21, 22, 23, 24, 25, 26, 27, 28, 29, 30, 31, 32]
		},
		{
			"name": "hexadecagon",
			"origin": [8, 8, 8],
			"color": 0,
			"children": [33, 34, 35, 36, 37, 38, 39, 40, 41, 42, 43, 44, 45, 46, 47, 48, 49]
		}
	]
}