{
	"credit": "Made with Blockbench",
	"textures": {
		"0": "block/andesite_stair_bottom",
		"1": "block/andesite_stair_front",
		"2": "block/andesite_stair_side",
		"3": "block/andesite_stair_top",
		"4": "block/andesite_stair_back",
		"particle": "block/andesite_stair_side"
	},
	"elements": [
		{
			"from": [0, 0, 0],
			"to": [16, 8, 16],
			"faces": {
				"north": {"uv": [0, 8, 16, 16], "texture": "#2", "cullface": "north"},
				"east": {"uv": [0, 8, 16, 16], "texture": "#4", "cullface": "east"},
				"south": {"uv": [0, 8, 16, 16], "texture": "#1", "cullface": "south"},
				"west": {"uv": [0, 8, 16, 16], "texture": "#2", "cullface": "west"},
				"up": {"uv": [0, 0, 16, 16], "texture": "#3"},
				"down": {"uv": [0, 0, 16, 16], "texture": "#0", "cullface": "down"}
			}
		},
		{
			"from": [8, 8, 0],
			"to": [16, 16, 16],
			"faces": {
				"north": {"uv": [0, 0, 8, 8], "texture": "#2", "cullface": "north"},
				"east": {"uv": [0, 0, 16, 8], "texture": "#4", "cullface": "east"},
				"south": {"uv": [8, 0, 16, 8], "texture": "#1", "cullface": "south"},
				"up": {"uv": [8, 0, 16, 16], "texture": "#3", "cullface": "up"}
			}
		},
		{
			"from": [0, 8, 8],
			"to": [8, 16, 16],
			"faces": {
				"north": {"uv": [8, 0, 16, 8], "texture": "#1"},
				"south": {"uv": [0, 0, 8, 8], "texture": "#1", "cullface": "south"},
				"west": {"uv": [8, 0, 16, 8], "texture": "#2", "cullface": "west"},
				"up": {"uv": [0, 8, 8, 16], "texture": "#3", "cullface": "up"}
			}
		},
		{
			"from": [8, 8, 0],
			"to": [8, 16, 8],
			"faces": {
				"north": {"uv": [0, 0, 0, 8], "texture": "#missing"},
				"east": {"uv": [0, 0, 8, 8], "texture": "#missing"},
				"south": {"uv": [0, 0, 0, 8], "texture": "#missing"},
				"west": {"uv": [0, 0, 8, 8], "texture": "#1"},
				"up": {"uv": [0, 0, 0, 8], "texture": "#missing"},
				"down": {"uv": [0, 0, 0, 8], "texture": "#missing"}
			}
		}
	]
}