{
	"credit": "Made with Blockbench",
	"textures": {
		"2": "block/saplings/leaf_short",
		"5": "block/saplings/oak_leaf",
		"particle": "block/saplings/sapling_base"
	},
	"elements": [
		{
			"from": [7.975, 6.5, 3.975],
			"to": [11.975, 6.5, 8.025],
			"rotation": {"angle": 0, "axis": "y", "origin": [-2, -4, -2]},
			"faces": {
				"up": {"uv": [0, 0, 16, 16], "texture": "#5"},
				"down": {"uv": [0, 0, 16, 16], "texture": "#5"}
			}
		},
		{
			"from": [3.95, 6.5, 3.975],
			"to": [7.975, 11.3, 8.025],
			"rotation": {"angle": 0, "axis": "y", "origin": [-2, -4, -2]},
			"faces": {
				"north": {"uv": [1, 0, 16, 16], "texture": "#5"},
				"east": {"uv": [0, 0, 16, 16], "texture": "#5"},
				"south": {"uv": [0, 0, 15, 16], "texture": "#5"},
				"west": {"uv": [0, 0, 16, 16], "texture": "#5"},
				"up": {"uv": [0, 0, 16, 16], "texture": "#5"},
				"down": {"uv": [0, 0, 16, 16], "texture": "#5"}
			}
		},
		{
			"from": [11.975, 6.5, 3.975],
			"to": [11.975, 7.3, 8.025],
			"rotation": {"angle": 0, "axis": "y", "origin": [-2, -4, -2]},
			"faces": {
				"east": {"uv": [0, 0, 16, 16], "texture": "#5"},
				"west": {"uv": [0, 0, 16, 16], "texture": "#5"}
			}
		},
		{
			"from": [-5.775, 13.875, 3.975],
			"to": [-0.1, 13.875, 8.025],
			"rotation": {"angle": -45, "axis": "z", "origin": [-2, -4, -2]},
			"faces": {
				"up": {"uv": [0, 0, 16, 16], "texture": "#5"},
				"down": {"uv": [0, 0, 16, 16], "texture": "#5"}
			}
		},
		{
			"from": [7.95, 6.5, 3.975],
			"to": [11.975, 11.3, 3.975],
			"rotation": {"angle": 0, "axis": "y", "origin": [-2, -4, -2]},
			"faces": {
				"north": {"uv": [16, 0, 0, 16], "texture": "#2"},
				"south": {"uv": [0, 0, 16, 16], "texture": "#2"}
			}
		},
		{
			"from": [7.95, 6.5, 8.025],
			"to": [11.975, 11.3, 8.025],
			"rotation": {"angle": 0, "axis": "y", "origin": [-2, -4, -2]},
			"faces": {
				"north": {"uv": [16, 0, 0, 16], "texture": "#2"},
				"south": {"uv": [0, 0, 16, 16], "texture": "#2"}
			}
		},
		{
			"from": [3.975, -1.5, 7.975],
			"to": [8.025, -1.5, 11.975],
			"rotation": {"angle": 0, "axis": "y", "origin": [-2, -9, -2]},
			"faces": {
				"up": {"uv": [0, 0, 16, 16], "rotation": 90, "texture": "#5"},
				"down": {"uv": [0, 0, 16, 16], "rotation": 270, "texture": "#5"}
			}
		},
		{
			"from": [3.975, -1.5, 3.95],
			"to": [8.025, 3.3, 7.975],
			"rotation": {"angle": 0, "axis": "y", "origin": [-2, -9, -2]},
			"faces": {
				"north": {"uv": [0, 0, 16, 16], "texture": "#5"},
				"east": {"uv": [1, 0, 16, 16], "texture": "#5"},
				"south": {"uv": [0, 0, 16, 16], "texture": "#5"},
				"west": {"uv": [0, 0, 15, 16], "texture": "#5"},
				"up": {"uv": [0, 0, 16, 16], "rotation": 90, "texture": "#5"},
				"down": {"uv": [0, 0, 16, 16], "rotation": 270, "texture": "#5"}
			}
		},
		{
			"from": [3.975, -1.5, 11.975],
			"to": [8.025, -0.7, 11.975],
			"rotation": {"angle": 0, "axis": "y", "origin": [-2, -9, -2]},
			"faces": {
				"north": {"uv": [0, 0, 16, 16], "texture": "#5"},
				"south": {"uv": [0, 0, 16, 16], "texture": "#5"}
			}
		},
		{
			"from": [3.975, 6.75, -3.65],
			"to": [8.025, 6.75, 2.025],
			"rotation": {"angle": 45, "axis": "x", "origin": [-2, -9, -2]},
			"faces": {
				"up": {"uv": [0, 0, 16, 16], "rotation": 90, "texture": "#5"},
				"down": {"uv": [0, 0, 16, 16], "rotation": 270, "texture": "#5"}
			}
		},
		{
			"from": [8.025, -1.5, 7.95],
			"to": [8.025, 3.3, 11.975],
			"rotation": {"angle": 0, "axis": "y", "origin": [-2, -9, -2]},
			"faces": {
				"east": {"uv": [16, 0, 0, 16], "texture": "#2"},
				"west": {"uv": [0, 0, 16, 16], "texture": "#2"}
			}
		},
		{
			"from": [3.975, -1.5, 7.95],
			"to": [3.975, 3.3, 11.975],
			"rotation": {"angle": 0, "axis": "y", "origin": [-2, -9, -2]},
			"faces": {
				"east": {"uv": [16, 0, 0, 16], "texture": "#2"},
				"west": {"uv": [0, 0, 16, 16], "texture": "#2"}
			}
		}
	],
	"groups": [
		{
			"name": "group",
			"origin": [-2, -4, -2],
			"color": 0,
			"children": [0, 1, 2, 3, 4, 5]
		},
		{
			"name": "group",
			"origin": [-2, -4, -2],
			"color": 0,
			"children": [6, 7, 8, 9, 10, 11]
		}
	]
}