{
	"credit": "Made with Blockbench",
	"textures": {
		"2": "block/saplings/sapling_base",
		"3": "block/crops/sugar_cane",
		"4": "block/crops/sugar_cane_B",
		"5": "block/saplings/oak_leaf",
		"particle": "block/saplings/sapling_base"
	},
	"elements": [
		{
			"from": [4, -1.5, 4],
			"to": [8, 3.3, 8],
			"rotation": {"angle": 0, "axis": "y", "origin": [-2, -4, -2]},
			"faces": {
				"north": {"uv": [0, 0, 16, 16], "texture": "#5"},
				"east": {"uv": [0, 0, 16, 16], "texture": "#5"},
				"south": {"uv": [0, 0, 16, 16], "texture": "#5"},
				"west": {"uv": [0, 0, 16, 16], "texture": "#5"},
				"down": {"uv": [0, 0, 16, 16], "texture": "#5"}
			}
		},
		{
			"from": [4, 12.9, 4],
			"to": [8, 14.5, 8],
			"rotation": {"angle": 0, "axis": "y", "origin": [-2, -4, -2]},
			"faces": {
				"north": {"uv": [0, 0, 16, 16], "texture": "#3"},
				"east": {"uv": [0, 0, 16, 16], "texture": "#3"},
				"south": {"uv": [0, 0, 16, 16], "texture": "#3"},
				"west": {"uv": [0, 0, 16, 16], "texture": "#3"},
				"up": {"uv": [0, 0, 16, 16], "texture": "#3"}
			}
		},
		{
			"from": [4, 15.2, 4],
			"to": [8, 15.2, 8],
			"rotation": {"angle": 0, "axis": "y", "origin": [-2, -4, -2]},
			"faces": {
				"up": {"uv": [0, 0, 16, 16], "texture": "#4"},
				"down": {"uv": [0, 0, 16, 16], "texture": "#4"}
			}
		},
		{
			"from": [4, 11.3, 4],
			"to": [8, 12.9, 8],
			"rotation": {"angle": 0, "axis": "y", "origin": [-2, -4, -2]},
			"faces": {
				"north": {"uv": [0, 0, 16, 16], "texture": "#2"},
				"east": {"uv": [0, 0, 16, 16], "texture": "#2"},
				"south": {"uv": [0, 0, 16, 16], "texture": "#2"},
				"west": {"uv": [0, 0, 16, 16], "texture": "#2"}
			}
		},
		{
			"from": [4, 4.9, 4],
			"to": [8, 6.5, 8],
			"rotation": {"angle": 0, "axis": "y", "origin": [-2, -4, -2]},
			"faces": {
				"north": {"uv": [0, 0, 16, 16], "texture": "#3"},
				"east": {"uv": [0, 0, 16, 16], "texture": "#3"},
				"south": {"uv": [0, 0, 16, 16], "texture": "#3"},
				"west": {"uv": [0, 0, 16, 16], "texture": "#3"}
			}
		},
		{
			"from": [4, 3.3, 4],
			"to": [8, 4.9, 8],
			"rotation": {"angle": 0, "axis": "y", "origin": [-2, -4, -2]},
			"faces": {
				"north": {"uv": [0, 0, 16, 16], "texture": "#2"},
				"east": {"uv": [0, 0, 16, 16], "texture": "#2"},
				"south": {"uv": [0, 0, 16, 16], "texture": "#2"},
				"west": {"uv": [0, 0, 16, 16], "texture": "#2"}
			}
		},
		{
			"from": [4, 6.5, 4],
			"to": [8, 11.3, 8],
			"rotation": {"angle": 0, "axis": "y", "origin": [-2, -4, -2]},
			"faces": {
				"north": {"uv": [0, 0, 16, 16], "texture": "#5"},
				"east": {"uv": [0, 0, 16, 16], "texture": "#5"},
				"south": {"uv": [0, 0, 16, 16], "texture": "#5"},
				"west": {"uv": [0, 0, 16, 16], "texture": "#5"}
			}
		},
		{
			"name": "hexadecagon",
			"from": [5.76131, 14.5, 4.8],
			"to": [6.23869, 15.2, 7.2],
			"rotation": {"angle": -45, "axis": "y", "origin": [6, 15, 6]},
			"faces": {
				"north": {"uv": [0, 0, 16, 8], "texture": "#3"},
				"south": {"uv": [0, 0, 16, 8], "texture": "#3"}
			}
		},
		{
			"name": "hexadecagon",
			"from": [5.76131, 14.5, 4.8],
			"to": [6.23869, 15.2, 7.2],
			"rotation": {"angle": -22.5, "axis": "y", "origin": [6, 15, 6]},
			"faces": {
				"north": {"uv": [0, 0, 16, 8], "texture": "#3"},
				"south": {"uv": [0, 0, 16, 8], "texture": "#3"}
			}
		},
		{
			"name": "hexadecagon",
			"from": [5.76131, 14.5, 4.8],
			"to": [6.23869, 15.2, 7.2],
			"rotation": {"angle": 0, "axis": "y", "origin": [6, 15, 6]},
			"faces": {
				"north": {"uv": [0, 0, 16, 8], "texture": "#3"},
				"south": {"uv": [0, 0, 16, 8], "texture": "#3"}
			}
		},
		{
			"name": "hexadecagon",
			"from": [5.76131, 14.5, 4.8],
			"to": [6.23869, 15.2, 7.2],
			"rotation": {"angle": 22.5, "axis": "y", "origin": [6, 15, 6]},
			"faces": {
				"north": {"uv": [0, 0, 16, 8], "texture": "#3"},
				"south": {"uv": [0, 0, 16, 8], "texture": "#3"}
			}
		},
		{
			"name": "hexadecagon",
			"from": [5.76131, 14.5, 4.8],
			"to": [6.23869, 15.2, 7.2],
			"rotation": {"angle": 45, "axis": "y", "origin": [6, 15, 6]},
			"faces": {
				"north": {"uv": [0, 0, 16, 8], "texture": "#3"},
				"south": {"uv": [0, 0, 16, 8], "texture": "#3"}
			}
		},
		{
			"name": "hexadecagon",
			"from": [4.8, 14.5, 5.76131],
			"to": [7.2, 15.2, 6.23869],
			"rotation": {"angle": -22.5, "axis": "y", "origin": [6, 15, 6]},
			"faces": {
				"east": {"uv": [0, 0, 16, 8], "texture": "#3"},
				"west": {"uv": [0, 0, 16, 8], "texture": "#3"}
			}
		},
		{
			"name": "hexadecagon",
			"from": [4.8, 14.5, 5.76131],
			"to": [7.2, 15.2, 6.23869],
			"rotation": {"angle": 0, "axis": "y", "origin": [6, 15, 6]},
			"faces": {
				"east": {"uv": [0, 0, 16, 8], "texture": "#3"},
				"west": {"uv": [0, 0, 16, 8], "texture": "#3"}
			}
		},
		{
			"name": "hexadecagon",
			"from": [4.8, 14.5, 5.76131],
			"to": [7.2, 15.2, 6.23869],
			"rotation": {"angle": 22.5, "axis": "y", "origin": [6, 15, 6]},
			"faces": {
				"east": {"uv": [0, 0, 16, 8], "texture": "#3"},
				"west": {"uv": [0, 0, 16, 8], "texture": "#3"}
			}
		}
	],
	"groups": [
		{
			"name": "group",
			"origin": [0, 0, 0],
			"color": 0,
			"children": [
				{
					"name": "group",
					"origin": [-2, -4, -2],
					"color": 0,
					"children": [0, 1, 2, 3, 4, 5, 6]
				}
			]
		},
		{
			"name": "hexadecagon",
			"origin": [8, 8, 8],
			"color": 0,
			"children": [7, 8, 9, 10, 11, 12, 13, 14]
		}
	]
}