{
	"credit": "Made with Blockbench",
	"textures": {
		"3": "block/crops/sugar_cane",
		"4": "block/saplings/oak_leaf_B",
		"5": "block/saplings/oak_leaf",
		"6": "block/crops/potatoes_top",
		"particle": "block/saplings/sapling_base"
	},
	"elements": [
		{
			"from": [4, -1.5, 4],
			"to": [8, 3.3, 8],
			"rotation": {"angle": 0, "axis": "y", "origin": [-2, -4, -2]},
			"faces": {
				"north": {"uv": [0, 0, 16, 16], "texture": "#6"},
				"east": {"uv": [0, 0, 16, 16], "texture": "#6"},
				"south": {"uv": [0, 0, 16, 16], "texture": "#6"},
				"west": {"uv": [0, 0, 16, 16], "texture": "#6"},
				"down": {"uv": [0, 0, 16, 16], "texture": "#6"}
			}
		},
		{
			"from": [4, 4.9, 4],
			"to": [8, 6.5, 8],
			"rotation": {"angle": 0, "axis": "y", "origin": [-2, -12, -2]},
			"faces": {
				"north": {"uv": [0, 0, 16, 16], "texture": "#5"},
				"east": {"uv": [0, 0, 16, 16], "texture": "#5"},
				"south": {"uv": [0, 0, 16, 16], "texture": "#5"},
				"west": {"uv": [0, 0, 16, 16], "texture": "#5"},
				"up": {"uv": [0, 0, 16, 16], "texture": "#5"}
			}
		},
		{
			"from": [4, 7.2, 4],
			"to": [8, 7.2, 8],
			"rotation": {"angle": 0, "axis": "y", "origin": [-2, -12, -2]},
			"faces": {
				"up": {"uv": [0, 0, 16, 16], "texture": "#4"},
				"down": {"uv": [0, 0, 16, 16], "texture": "#4"}
			}
		},
		{
			"from": [4, 3.3, 4],
			"to": [8, 4.9, 8],
			"rotation": {"angle": 0, "axis": "y", "origin": [-2, -4, -2]},
			"faces": {
				"north": {"uv": [0, 0, 16, 16], "texture": "#3"},
				"east": {"uv": [0, 0, 16, 16], "texture": "#3"},
				"south": {"uv": [0, 0, 16, 16], "texture": "#3"},
				"west": {"uv": [0, 0, 16, 16], "texture": "#3"}
			}
		},
		{
			"name": "hexadecagon",
			"from": [5.76131, 6.5, 4.8],
			"to": [6.23869, 7.2, 7.2],
			"rotation": {"angle": -45, "axis": "y", "origin": [6, 7, 6]},
			"faces": {
				"north": {"uv": [0, 0, 16, 8], "texture": "#5"},
				"south": {"uv": [0, 0, 16, 8], "texture": "#5"},
				"down": {"uv": [0, 0, 0, 0], "texture": "#5"}
			}
		},
		{
			"name": "hexadecagon",
			"from": [5.76131, 6.5, 4.8],
			"to": [6.23869, 7.2, 7.2],
			"rotation": {"angle": -22.5, "axis": "y", "origin": [6, 7, 6]},
			"faces": {
				"north": {"uv": [0, 0, 16, 8], "texture": "#5"},
				"south": {"uv": [0, 0, 16, 8], "texture": "#5"},
				"down": {"uv": [0, 0, 0, 0], "texture": "#5"}
			}
		},
		{
			"name": "hexadecagon",
			"from": [5.76131, 6.5, 4.8],
			"to": [6.23869, 7.2, 7.2],
			"rotation": {"angle": 0, "axis": "y", "origin": [6, 7, 6]},
			"faces": {
				"north": {"uv": [0, 0, 16, 8], "texture": "#5"},
				"south": {"uv": [0, 0, 16, 8], "texture": "#5"}
			}
		},
		{
			"name": "hexadecagon",
			"from": [5.76131, 6.5, 4.8],
			"to": [6.23869, 7.2, 7.2],
			"rotation": {"angle": 22.5, "axis": "y", "origin": [6, 7, 6]},
			"faces": {
				"north": {"uv": [0, 0, 16, 8], "texture": "#5"},
				"south": {"uv": [0, 0, 16, 8], "texture": "#5"},
				"down": {"uv": [0, 0, 0, 0], "texture": "#5"}
			}
		},
		{
			"name": "hexadecagon",
			"from": [5.76131, 6.5, 4.8],
			"to": [6.23869, 7.2, 7.2],
			"rotation": {"angle": 45, "axis": "y", "origin": [6, 7, 6]},
			"faces": {
				"north": {"uv": [0, 0, 16, 8], "texture": "#5"},
				"south": {"uv": [0, 0, 16, 8], "texture": "#5"},
				"down": {"uv": [0, 0, 0, 0], "texture": "#5"}
			}
		},
		{
			"name": "hexadecagon",
			"from": [4.8, 6.5, 5.76131],
			"to": [7.2, 7.2, 6.23869],
			"rotation": {"angle": -22.5, "axis": "y", "origin": [6, 7, 6]},
			"faces": {
				"east": {"uv": [0, 0, 16, 8], "texture": "#5"},
				"west": {"uv": [0, 0, 16, 8], "texture": "#5"},
				"down": {"uv": [0, 0, 0, 0], "texture": "#5"}
			}
		},
		{
			"name": "hexadecagon",
			"from": [4.8, 6.5, 5.76131],
			"to": [7.2, 7.2, 6.23869],
			"rotation": {"angle": 0, "axis": "y", "origin": [6, 7, 6]},
			"faces": {
				"east": {"uv": [0, 0, 16, 8], "texture": "#5"},
				"west": {"uv": [0, 0, 16, 8], "texture": "#5"}
			}
		},
		{
			"name": "hexadecagon",
			"from": [4.8, 6.5, 5.76131],
			"to": [7.2, 7.2, 6.23869],
			"rotation": {"angle": 22.5, "axis": "y", "origin": [6, 7, 6]},
			"faces": {
				"east": {"uv": [0, 0, 16, 8], "texture": "#5"},
				"west": {"uv": [0, 0, 16, 8], "texture": "#5"},
				"down": {"uv": [0, 0, 0, 0], "texture": "#5"}
			}
		}
	],
	"groups": [
		{
			"name": "group",
			"origin": [0, 0, 0],
			"color": 0,
			"children": [
				{
					"name": "group",
					"origin": [-2, -4, -2],
					"color": 0,
					"children": [0, 1, 2, 3]
				}
			]
		},
		{
			"name": "hexadecagon",
			"origin": [8, 8, 8],
			"color": 0,
			"children": [4, 5, 6, 7, 8, 9, 10, 11]
		}
	]
}