{
	"credit": "Made with Blockbench",
	"textures": {
		"2": "block/saplings/leaf_short",
		"5": "block/saplings/oak_leaf",
		"particle": "block/saplings/sapling_base"
	},
	"elements": [
		{
			"from": [0.025, 6.5, 3.975],
			"to": [4.025, 6.5, 8.025],
			"rotation": {"angle": 0, "axis": "y", "origin": [14, -1, -2]},
			"faces": {
				"up": {"uv": [0, 0, 16, 16], "rotation": 180, "texture": "#5"},
				"down": {"uv": [0, 0, 16, 16], "rotation": 180, "texture": "#5"}
			}
		},
		{
			"from": [4.025, 6.5, 3.975],
			"to": [8.05, 11.3, 8.025],
			"rotation": {"angle": 0, "axis": "y", "origin": [14, -1, -2]},
			"faces": {
				"north": {"uv": [0, 0, 15, 16], "texture": "#5"},
				"east": {"uv": [0, 0, 16, 16], "texture": "#5"},
				"south": {"uv": [1, 0, 16, 16], "texture": "#5"},
				"west": {"uv": [0, 0, 16, 16], "texture": "#5"},
				"up": {"uv": [0, 0, 16, 16], "rotation": 180, "texture": "#5"},
				"down": {"uv": [0, 0, 16, 16], "rotation": 180, "texture": "#5"}
			}
		},
		{
			"from": [0.025, 6.5, 3.975],
			"to": [0.025, 7.3, 8.025],
			"rotation": {"angle": 0, "axis": "y", "origin": [14, -1, -2]},
			"faces": {
				"east": {"uv": [0, 0, 16, 16], "texture": "#5"},
				"west": {"uv": [0, 0, 16, 16], "texture": "#5"}
			}
		},
		{
			"from": [9.975, 14.75, 3.975],
			"to": [15.65, 14.75, 8.025],
			"rotation": {"angle": 45, "axis": "z", "origin": [14, -1, -2]},
			"faces": {
				"up": {"uv": [0, 0, 16, 16], "rotation": 180, "texture": "#5"},
				"down": {"uv": [0, 0, 16, 16], "rotation": 180, "texture": "#5"}
			}
		},
		{
			"from": [0.025, 6.5, 8.025],
			"to": [4.05, 11.3, 8.025],
			"rotation": {"angle": 0, "axis": "y", "origin": [14, -1, -2]},
			"faces": {
				"north": {"uv": [0, 0, 16, 16], "texture": "#2"},
				"south": {"uv": [16, 0, 0, 16], "texture": "#2"}
			}
		},
		{
			"from": [0.025, 6.5, 3.975],
			"to": [4.05, 11.3, 3.975],
			"rotation": {"angle": 0, "axis": "y", "origin": [14, -1, -2]},
			"faces": {
				"north": {"uv": [0, 0, 16, 16], "texture": "#2"},
				"south": {"uv": [16, 0, 0, 16], "texture": "#2"}
			}
		},
		{
			"from": [3.975, -1.5, 0.025],
			"to": [8.025, -1.5, 4.025],
			"rotation": {"angle": 0, "axis": "y", "origin": [-2, -12, 14]},
			"faces": {
				"up": {"uv": [0, 0, 16, 16], "rotation": 270, "texture": "#5"},
				"down": {"uv": [0, 0, 15, 16], "rotation": 90, "texture": "#5"}
			}
		},
		{
			"from": [3.975, -1.5, -5.575],
			"to": [8.025, -1.5, 0.025],
			"rotation": {"angle": 0, "axis": "y", "origin": [-2, -12, 14]},
			"faces": {
				"up": {"uv": [0, 0, 16, 16], "rotation": 270, "texture": "#5"},
				"down": {"uv": [1, 0, 16, 16], "rotation": 90, "texture": "#5"}
			}
		},
		{
			"from": [3.975, -1.5, 4.025],
			"to": [8.025, 3.3, 8.05],
			"rotation": {"angle": 0, "axis": "y", "origin": [-2, -12, 14]},
			"faces": {
				"north": {"uv": [0, 0, 16, 16], "texture": "#5"},
				"east": {"uv": [0, 0, 15, 16], "texture": "#5"},
				"south": {"uv": [0, 0, 16, 16], "texture": "#5"},
				"west": {"uv": [1, 0, 16, 16], "texture": "#5"},
				"up": {"uv": [0, 0, 16, 16], "rotation": 270, "texture": "#5"},
				"down": {"uv": [0, 0, 16, 16], "rotation": 90, "texture": "#5"}
			}
		},
		{
			"from": [3.975, -1.5, -5.575],
			"to": [8.025, -0.675, -5.575],
			"rotation": {"angle": 0, "axis": "y", "origin": [-2, -12, 14]},
			"faces": {
				"north": {"uv": [0, 0, 16, 16], "texture": "#5"},
				"south": {"uv": [0, 0, 16, 16], "texture": "#5"}
			}
		},
		{
			"from": [3.975, 5.95, 5.45],
			"to": [8.025, 5.95, 10.65],
			"rotation": {"angle": -22.5, "axis": "x", "origin": [-2, -12, 14]},
			"faces": {
				"up": {"uv": [0, 0, 15, 16], "rotation": 270, "texture": "#5"},
				"down": {"uv": [0, 0, 16, 16], "rotation": 90, "texture": "#5"}
			}
		},
		{
			"from": [3.975, 5.95, 0.25],
			"to": [8.025, 5.95, 5.45],
			"rotation": {"angle": -22.5, "axis": "x", "origin": [-2, -12, 14]},
			"faces": {
				"up": {"uv": [1, 0, 16, 16], "rotation": 270, "texture": "#5"},
				"down": {"uv": [0, 0, 16, 16], "rotation": 90, "texture": "#5"}
			}
		},
		{
			"from": [3.975, -1.5, -5.575],
			"to": [3.975, 3.3, 4.05],
			"rotation": {"angle": 0, "axis": "y", "origin": [-2, -12, 14]},
			"faces": {
				"east": {"uv": [0, 0, 16, 16], "texture": "#2"},
				"west": {"uv": [16, 0, 0, 16], "texture": "#2"}
			}
		},
		{
			"from": [8.025, -1.5, -5.575],
			"to": [8.025, 3.3, 4.05],
			"rotation": {"angle": 0, "axis": "y", "origin": [-2, -12, 14]},
			"faces": {
				"east": {"uv": [0, 0, 16, 16], "texture": "#2"},
				"west": {"uv": [16, 0, 0, 16], "texture": "#2"}
			}
		}
	],
	"groups": [
		{
			"name": "group",
			"origin": [-2, -4, -2],
			"color": 0,
			"children": [0, 1, 2, 3, 4, 5]
		},
		{
			"name": "group",
			"origin": [-2, -4, -2],
			"color": 0,
			"children": [6, 7, 8, 9, 10, 11, 12, 13]
		}
	]
}