{
	"credit": "Made with Blockbench",
	"textures": {
		"0": "block/tools/wooden_square",
		"1": "block/tools/stone_square",
		"2": "block/tools/wooden_circle",
		"particle": "block/tools/wooden_square"
	},
	"elements": [
		{
			"from": [14, 0, 6],
			"to": [16, 12, 10],
			"faces": {
				"north": {"uv": [0, 0, 16, 16], "texture": "#1"},
				"east": {"uv": [0, 0, 16, 16], "texture": "#1"},
				"south": {"uv": [0, 0, 16, 16], "texture": "#1"},
				"west": {"uv": [0, 0, 16, 16], "texture": "#1"},
				"down": {"uv": [0, 0, 16, 16], "texture": "#1", "cullface": "down"}
			}
		},
		{
			"from": [0, 0, 6],
			"to": [2, 12, 10],
			"faces": {
				"north": {"uv": [0, 0, 16, 16], "texture": "#1"},
				"east": {"uv": [0, 0, 16, 16], "texture": "#1"},
				"south": {"uv": [0, 0, 16, 16], "texture": "#1"},
				"west": {"uv": [0, 0, 16, 16], "texture": "#1"},
				"down": {"uv": [0, 0, 16, 16], "texture": "#1", "cullface": "down"}
			}
		},
		{
			"from": [14, 12, 6],
			"to": [16, 16, 10],
			"faces": {
				"north": {"uv": [0, 0, 16, 16], "texture": "#0"},
				"east": {"uv": [0, 0, 16, 16], "texture": "#0"},
				"south": {"uv": [0, 0, 16, 16], "texture": "#0"},
				"west": {"uv": [0, 0, 16, 16], "texture": "#0"},
				"up": {"uv": [0, 0, 16, 16], "texture": "#0", "cullface": "up"}
			}
		},
		{
			"from": [17, 12.8, 6.7],
			"to": [17, 15.2, 9.2],
			"faces": {
				"east": {"uv": [0, 0, 16, 16], "texture": "#2"},
				"west": {"uv": [0, 0, 16, 16], "texture": "#2"}
			}
		},
		{
			"from": [-1, 12.8, 6.7],
			"to": [-1, 15.2, 9.2],
			"faces": {
				"east": {"uv": [0, 0, 16, 16], "texture": "#2"},
				"west": {"uv": [0, 0, 16, 16], "texture": "#2"}
			}
		},
		{
			"from": [0, 12, 6],
			"to": [2, 16, 10],
			"faces": {
				"north": {"uv": [0, 0, 16, 16], "texture": "#0"},
				"east": {"uv": [0, 0, 16, 16], "texture": "#0"},
				"south": {"uv": [0, 0, 16, 16], "texture": "#0"},
				"west": {"uv": [0, 0, 16, 16], "texture": "#0"},
				"up": {"uv": [0, 0, 16, 16], "texture": "#0", "cullface": "up"}
			}
		},
		{
			"name": "hexadecagon",
			"from": [16, 13.76131, 6.8],
			"to": [17, 14.23869, 9.2],
			"rotation": {"angle": -45, "axis": "x", "origin": [16.5, 14, 8]},
			"faces": {
				"north": {"uv": [0, 1, 16, 15], "texture": "#0"},
				"south": {"uv": [0, 1, 16, 15], "texture": "#0"},
				"west": {"uv": [0, 0, 1, 1], "texture": "#0"}
			}
		},
		{
			"name": "hexadecagon",
			"from": [16, 13.76131, 6.8],
			"to": [17, 14.23869, 9.2],
			"rotation": {"angle": -22.5, "axis": "x", "origin": [16.5, 14, 8]},
			"faces": {
				"north": {"uv": [0, 1, 16, 15], "texture": "#0"},
				"south": {"uv": [0, 1, 16, 15], "texture": "#0"},
				"west": {"uv": [0, 0, 1, 1], "texture": "#0"}
			}
		},
		{
			"name": "hexadecagon",
			"from": [16, 13.76131, 6.8],
			"to": [17, 14.23869, 9.2],
			"rotation": {"angle": 0, "axis": "x", "origin": [16.5, 14, 8]},
			"faces": {
				"north": {"uv": [0, 1, 16, 15], "texture": "#0"},
				"south": {"uv": [0, 1, 16, 15], "texture": "#0"}
			}
		},
		{
			"name": "hexadecagon",
			"from": [16, 13.76131, 6.8],
			"to": [17, 14.23869, 9.2],
			"rotation": {"angle": 22.5, "axis": "x", "origin": [16.5, 14, 8]},
			"faces": {
				"north": {"uv": [0, 1, 16, 15], "texture": "#0"},
				"south": {"uv": [0, 1, 16, 15], "texture": "#0"},
				"west": {"uv": [0, 0, 1, 1], "texture": "#0"}
			}
		},
		{
			"name": "hexadecagon",
			"from": [16, 13.76131, 6.8],
			"to": [17, 14.23869, 9.2],
			"rotation": {"angle": 45, "axis": "x", "origin": [16.5, 14, 8]},
			"faces": {
				"north": {"uv": [0, 1, 16, 15], "texture": "#0"},
				"south": {"uv": [0, 1, 16, 15], "texture": "#0"},
				"west": {"uv": [0, 0, 1, 1], "texture": "#0"}
			}
		},
		{
			"name": "hexadecagon",
			"from": [16, 12.8, 7.76131],
			"to": [17, 15.2, 8.23869],
			"rotation": {"angle": -22.5, "axis": "x", "origin": [16.5, 14, 8]},
			"faces": {
				"west": {"uv": [0, 0, 1, 1], "texture": "#0"},
				"up": {"uv": [0, 1, 16, 15], "texture": "#0"},
				"down": {"uv": [0, 1, 16, 15], "texture": "#0"}
			}
		},
		{
			"name": "hexadecagon",
			"from": [16, 12.8, 7.76131],
			"to": [17, 15.2, 8.23869],
			"rotation": {"angle": 0, "axis": "x", "origin": [16.5, 14, 8]},
			"faces": {
				"up": {"uv": [0, 1, 16, 15], "texture": "#0"},
				"down": {"uv": [0, 1, 16, 15], "texture": "#0"}
			}
		},
		{
			"name": "hexadecagon",
			"from": [16, 12.8, 7.76131],
			"to": [17, 15.2, 8.23869],
			"rotation": {"angle": 22.5, "axis": "x", "origin": [16.5, 14, 8]},
			"faces": {
				"west": {"uv": [0, 0, 1, 1], "texture": "#0"},
				"up": {"uv": [0, 1, 16, 15], "texture": "#0"},
				"down": {"uv": [0, 1, 16, 15], "texture": "#0"}
			}
		},
		{
			"name": "hexadecagon",
			"from": [1, 13.76131, 6.8],
			"to": [15, 14.23869, 9.2],
			"rotation": {"angle": -45, "axis": "x", "origin": [13.5, 14, 8]},
			"faces": {
				"north": {"uv": [0, 1, 16, 15], "texture": "#0"},
				"east": {"uv": [0, 0, 0, 0], "texture": "#0"},
				"south": {"uv": [0, 1, 16, 15], "texture": "#0"},
				"west": {"uv": [0, 0, 1, 1], "texture": "#0"}
			}
		},
		{
			"name": "hexadecagon",
			"from": [1, 13.76131, 6.8],
			"to": [15, 14.23869, 9.2],
			"rotation": {"angle": -22.5, "axis": "x", "origin": [13.5, 14, 8]},
			"faces": {
				"north": {"uv": [0, 1, 16, 15], "texture": "#0"},
				"east": {"uv": [0, 0, 0, 0], "texture": "#0"},
				"south": {"uv": [0, 1, 16, 15], "texture": "#0"},
				"west": {"uv": [0, 0, 1, 1], "texture": "#0"}
			}
		},
		{
			"name": "hexadecagon",
			"from": [1, 13.76131, 6.8],
			"to": [15, 14.23869, 9.2],
			"rotation": {"angle": 0, "axis": "x", "origin": [13.5, 14, 8]},
			"faces": {
				"north": {"uv": [0, 1, 16, 15], "texture": "#0"},
				"south": {"uv": [0, 1, 16, 15], "texture": "#0"}
			}
		},
		{
			"name": "hexadecagon",
			"from": [1, 13.76131, 6.8],
			"to": [15, 14.23869, 9.2],
			"rotation": {"angle": 22.5, "axis": "x", "origin": [13.5, 14, 8]},
			"faces": {
				"north": {"uv": [0, 1, 16, 15], "texture": "#0"},
				"east": {"uv": [0, 0, 0, 0], "texture": "#0"},
				"south": {"uv": [0, 1, 16, 15], "texture": "#0"},
				"west": {"uv": [0, 0, 1, 1], "texture": "#0"}
			}
		},
		{
			"name": "hexadecagon",
			"from": [1, 13.76131, 6.8],
			"to": [15, 14.23869, 9.2],
			"rotation": {"angle": 45, "axis": "x", "origin": [13.5, 14, 8]},
			"faces": {
				"north": {"uv": [0, 1, 16, 15], "texture": "#0"},
				"east": {"uv": [0, 0, 0, 0], "texture": "#0"},
				"south": {"uv": [0, 1, 16, 15], "texture": "#0"},
				"west": {"uv": [0, 0, 1, 1], "texture": "#0"}
			}
		},
		{
			"name": "hexadecagon",
			"from": [1, 12.8, 7.76131],
			"to": [15, 15.2, 8.23869],
			"rotation": {"angle": -22.5, "axis": "x", "origin": [13.5, 14, 8]},
			"faces": {
				"east": {"uv": [0, 0, 0, 0], "texture": "#0"},
				"west": {"uv": [0, 0, 1, 1], "texture": "#0"},
				"up": {"uv": [0, 1, 16, 15], "texture": "#0"},
				"down": {"uv": [0, 1, 16, 15], "texture": "#0"}
			}
		},
		{
			"name": "hexadecagon",
			"from": [1, 12.8, 7.76131],
			"to": [15, 15.2, 8.23869],
			"rotation": {"angle": 0, "axis": "x", "origin": [13.5, 14, 8]},
			"faces": {
				"up": {"uv": [0, 1, 16, 15], "texture": "#0"},
				"down": {"uv": [0, 1, 16, 15], "texture": "#0"}
			}
		},
		{
			"name": "hexadecagon",
			"from": [1, 12.8, 7.76131],
			"to": [15, 15.2, 8.23869],
			"rotation": {"angle": 22.5, "axis": "x", "origin": [13.5, 14, 8]},
			"faces": {
				"east": {"uv": [0, 0, 0, 0], "texture": "#0"},
				"west": {"uv": [0, 0, 1, 1], "texture": "#0"},
				"up": {"uv": [0, 1, 16, 15], "texture": "#0"},
				"down": {"uv": [0, 1, 16, 15], "texture": "#0"}
			}
		},
		{
			"name": "hexadecagon",
			"from": [-1, 13.76131, 6.8],
			"to": [0, 14.23869, 9.2],
			"rotation": {"angle": -45, "axis": "x", "origin": [-0.5, 14, 8]},
			"faces": {
				"north": {"uv": [0, 1, 16, 15], "texture": "#0"},
				"east": {"uv": [0, 0, 0, 0], "texture": "#0"},
				"south": {"uv": [0, 1, 16, 15], "texture": "#0"}
			}
		},
		{
			"name": "hexadecagon",
			"from": [-1, 13.76131, 6.8],
			"to": [0, 14.23869, 9.2],
			"rotation": {"angle": -22.5, "axis": "x", "origin": [-0.5, 14, 8]},
			"faces": {
				"north": {"uv": [0, 1, 16, 15], "texture": "#0"},
				"east": {"uv": [0, 0, 0, 0], "texture": "#0"},
				"south": {"uv": [0, 1, 16, 15], "texture": "#0"}
			}
		},
		{
			"name": "hexadecagon",
			"from": [-1, 13.76131, 6.8],
			"to": [0, 14.23869, 9.2],
			"rotation": {"angle": 0, "axis": "x", "origin": [-0.5, 14, 8]},
			"faces": {
				"north": {"uv": [0, 1, 16, 15], "texture": "#0"},
				"south": {"uv": [0, 1, 16, 15], "texture": "#0"}
			}
		},
		{
			"name": "hexadecagon",
			"from": [-1, 13.76131, 6.8],
			"to": [0, 14.23869, 9.2],
			"rotation": {"angle": 22.5, "axis": "x", "origin": [-0.5, 14, 8]},
			"faces": {
				"north": {"uv": [0, 1, 16, 15], "texture": "#0"},
				"east": {"uv": [0, 0, 0, 0], "texture": "#0"},
				"south": {"uv": [0, 1, 16, 15], "texture": "#0"}
			}
		},
		{
			"name": "hexadecagon",
			"from": [-1, 13.76131, 6.8],
			"to": [0, 14.23869, 9.2],
			"rotation": {"angle": 45, "axis": "x", "origin": [-0.5, 14, 8]},
			"faces": {
				"north": {"uv": [0, 1, 16, 15], "texture": "#0"},
				"east": {"uv": [0, 0, 0, 0], "texture": "#0"},
				"south": {"uv": [0, 1, 16, 15], "texture": "#0"}
			}
		},
		{
			"name": "hexadecagon",
			"from": [-1, 12.8, 7.76131],
			"to": [0, 15.2, 8.23869],
			"rotation": {"angle": -22.5, "axis": "x", "origin": [-0.5, 14, 8]},
			"faces": {
				"east": {"uv": [0, 0, 0, 0], "texture": "#0"},
				"up": {"uv": [0, 1, 16, 15], "texture": "#0"},
				"down": {"uv": [0, 1, 16, 15], "texture": "#0"}
			}
		},
		{
			"name": "hexadecagon",
			"from": [-1, 12.8, 7.76131],
			"to": [0, 15.2, 8.23869],
			"rotation": {"angle": 0, "axis": "x", "origin": [-0.5, 14, 8]},
			"faces": {
				"up": {"uv": [0, 1, 16, 15], "texture": "#0"},
				"down": {"uv": [0, 1, 16, 15], "texture": "#0"}
			}
		},
		{
			"name": "hexadecagon",
			"from": [-1, 12.8, 7.76131],
			"to": [0, 15.2, 8.23869],
			"rotation": {"angle": 22.5, "axis": "x", "origin": [-0.5, 14, 8]},
			"faces": {
				"east": {"uv": [0, 0, 0, 0], "texture": "#0"},
				"up": {"uv": [0, 1, 16, 15], "texture": "#0"},
				"down": {"uv": [0, 1, 16, 15], "texture": "#0"}
			}
		}
	],
	"groups": [
		0,
		1,
		2,
		3,
		4,
		5,
		{
			"name": "hexadecagon",
			"origin": [8, 8, 8],
			"color": 0,
			"children": [6, 7, 8, 9, 10, 11, 12, 13]
		},
		{
			"name": "hexadecagon",
			"origin": [8, 8, 8],
			"color": 0,
			"children": [14, 15, 16, 17, 18, 19, 20, 21]
		},
		{
			"name": "hexadecagon",
			"origin": [8, 8, 8],
			"color": 0,
			"children": [22, 23, 24, 25, 26, 27, 28, 29]
		}
	]
}