{
	"credit": "Made with Blockbench",
	"textures": {
		"0": "block/tools/wooden_square",
		"2": "block/tools/wooden_circle",
		"particle": "block/tools/wooden_square"
	},
	"elements": [
		{
			"from": [16, 12.8, 6.7],
			"to": [16, 15.2, 9.2],
			"faces": {
				"east": {"uv": [0, 0, 16, 16], "texture": "#2"},
				"west": {"uv": [0, 0, 16, 16], "texture": "#2"}
			}
		},
		{
			"from": [0, 12.8, 6.7],
			"to": [0, 15.2, 9.2],
			"faces": {
				"east": {"uv": [0, 0, 16, 16], "texture": "#2"},
				"west": {"uv": [0, 0, 16, 16], "texture": "#2"}
			}
		},
		{
			"name": "hexadecagon",
			"from": [15, 13.76131, 6.8],
			"to": [16, 14.23869, 9.2],
			"rotation": {"angle": -45, "axis": "x", "origin": [15.5, 14, 8]},
			"faces": {
				"north": {"uv": [0, 1, 16, 15], "texture": "#0"},
				"south": {"uv": [0, 1, 16, 15], "texture": "#0"}
			}
		},
		{
			"name": "hexadecagon",
			"from": [15, 13.76131, 6.8],
			"to": [16, 14.23869, 9.2],
			"rotation": {"angle": -22.5, "axis": "x", "origin": [15.5, 14, 8]},
			"faces": {
				"north": {"uv": [0, 1, 16, 15], "texture": "#0"},
				"south": {"uv": [0, 1, 16, 15], "texture": "#0"}
			}
		},
		{
			"name": "hexadecagon",
			"from": [15, 13.76131, 6.8],
			"to": [16, 14.23869, 9.2],
			"rotation": {"angle": 0, "axis": "x", "origin": [15.5, 14, 8]},
			"faces": {
				"north": {"uv": [0, 1, 16, 15], "texture": "#0"},
				"south": {"uv": [0, 1, 16, 15], "texture": "#0"}
			}
		},
		{
			"name": "hexadecagon",
			"from": [15, 13.76131, 6.8],
			"to": [16, 14.23869, 9.2],
			"rotation": {"angle": 22.5, "axis": "x", "origin": [15.5, 14, 8]},
			"faces": {
				"north": {"uv": [0, 1, 16, 15], "texture": "#0"},
				"south": {"uv": [0, 1, 16, 15], "texture": "#0"}
			}
		},
		{
			"name": "hexadecagon",
			"from": [15, 13.76131, 6.8],
			"to": [16, 14.23869, 9.2],
			"rotation": {"angle": 45, "axis": "x", "origin": [15.5, 14, 8]},
			"faces": {
				"north": {"uv": [0, 1, 16, 15], "texture": "#0"},
				"south": {"uv": [0, 1, 16, 15], "texture": "#0"}
			}
		},
		{
			"name": "hexadecagon",
			"from": [15, 12.8, 7.76131],
			"to": [16, 15.2, 8.23869],
			"rotation": {"angle": -22.5, "axis": "x", "origin": [15.5, 14, 8]},
			"faces": {
				"up": {"uv": [0, 1, 16, 15], "texture": "#0"},
				"down": {"uv": [0, 1, 16, 15], "texture": "#0"}
			}
		},
		{
			"name": "hexadecagon",
			"from": [15, 12.8, 7.76131],
			"to": [16, 15.2, 8.23869],
			"rotation": {"angle": 0, "axis": "x", "origin": [15.5, 14, 8]},
			"faces": {
				"up": {"uv": [0, 1, 16, 15], "texture": "#0"},
				"down": {"uv": [0, 1, 16, 15], "texture": "#0"}
			}
		},
		{
			"name": "hexadecagon",
			"from": [15, 12.8, 7.76131],
			"to": [16, 15.2, 8.23869],
			"rotation": {"angle": 22.5, "axis": "x", "origin": [15.5, 14, 8]},
			"faces": {
				"up": {"uv": [0, 1, 16, 15], "texture": "#0"},
				"down": {"uv": [0, 1, 16, 15], "texture": "#0"}
			}
		},
		{
			"name": "hexadecagon",
			"from": [1, 13.76131, 6.8],
			"to": [15, 14.23869, 9.2],
			"rotation": {"angle": -45, "axis": "x", "origin": [13.5, 14, 8]},
			"faces": {
				"north": {"uv": [0, 1, 16, 15], "texture": "#0"},
				"south": {"uv": [0, 1, 16, 15], "texture": "#0"}
			}
		},
		{
			"name": "hexadecagon",
			"from": [1, 13.76131, 6.8],
			"to": [15, 14.23869, 9.2],
			"rotation": {"angle": -22.5, "axis": "x", "origin": [13.5, 14, 8]},
			"faces": {
				"north": {"uv": [0, 1, 16, 15], "texture": "#0"},
				"south": {"uv": [0, 1, 16, 15], "texture": "#0"}
			}
		},
		{
			"name": "hexadecagon",
			"from": [1, 13.76131, 6.8],
			"to": [15, 14.23869, 9.2],
			"rotation": {"angle": 0, "axis": "x", "origin": [13.5, 14, 8]},
			"faces": {
				"north": {"uv": [0, 1, 16, 15], "texture": "#0"},
				"south": {"uv": [0, 1, 16, 15], "texture": "#0"}
			}
		},
		{
			"name": "hexadecagon",
			"from": [1, 13.76131, 6.8],
			"to": [15, 14.23869, 9.2],
			"rotation": {"angle": 22.5, "axis": "x", "origin": [13.5, 14, 8]},
			"faces": {
				"north": {"uv": [0, 1, 16, 15], "texture": "#0"},
				"south": {"uv": [0, 1, 16, 15], "texture": "#0"}
			}
		},
		{
			"name": "hexadecagon",
			"from": [1, 13.76131, 6.8],
			"to": [15, 14.23869, 9.2],
			"rotation": {"angle": 45, "axis": "x", "origin": [13.5, 14, 8]},
			"faces": {
				"north": {"uv": [0, 1, 16, 15], "texture": "#0"},
				"south": {"uv": [0, 1, 16, 15], "texture": "#0"}
			}
		},
		{
			"name": "hexadecagon",
			"from": [1, 12.8, 7.76131],
			"to": [15, 15.2, 8.23869],
			"rotation": {"angle": -22.5, "axis": "x", "origin": [13.5, 14, 8]},
			"faces": {
				"up": {"uv": [0, 1, 16, 15], "texture": "#0"},
				"down": {"uv": [0, 1, 16, 15], "texture": "#0"}
			}
		},
		{
			"name": "hexadecagon",
			"from": [1, 12.8, 7.76131],
			"to": [15, 15.2, 8.23869],
			"rotation": {"angle": 0, "axis": "x", "origin": [13.5, 14, 8]},
			"faces": {
				"up": {"uv": [0, 1, 16, 15], "texture": "#0"},
				"down": {"uv": [0, 1, 16, 15], "texture": "#0"}
			}
		},
		{
			"name": "hexadecagon",
			"from": [1, 12.8, 7.76131],
			"to": [15, 15.2, 8.23869],
			"rotation": {"angle": 22.5, "axis": "x", "origin": [13.5, 14, 8]},
			"faces": {
				"up": {"uv": [0, 1, 16, 15], "texture": "#0"},
				"down": {"uv": [0, 1, 16, 15], "texture": "#0"}
			}
		},
		{
			"name": "hexadecagon",
			"from": [0, 13.76131, 6.8],
			"to": [1, 14.23869, 9.2],
			"rotation": {"angle": -45, "axis": "x", "origin": [0.5, 14, 8]},
			"faces": {
				"north": {"uv": [0, 1, 16, 15], "texture": "#0"},
				"south": {"uv": [0, 1, 16, 15], "texture": "#0"}
			}
		},
		{
			"name": "hexadecagon",
			"from": [0, 13.76131, 6.8],
			"to": [1, 14.23869, 9.2],
			"rotation": {"angle": -22.5, "axis": "x", "origin": [0.5, 14, 8]},
			"faces": {
				"north": {"uv": [0, 1, 16, 15], "texture": "#0"},
				"south": {"uv": [0, 1, 16, 15], "texture": "#0"}
			}
		},
		{
			"name": "hexadecagon",
			"from": [0, 13.76131, 6.8],
			"to": [1, 14.23869, 9.2],
			"rotation": {"angle": 0, "axis": "x", "origin": [0.5, 14, 8]},
			"faces": {
				"north": {"uv": [0, 1, 16, 15], "texture": "#0"},
				"south": {"uv": [0, 1, 16, 15], "texture": "#0"}
			}
		},
		{
			"name": "hexadecagon",
			"from": [0, 13.76131, 6.8],
			"to": [1, 14.23869, 9.2],
			"rotation": {"angle": 22.5, "axis": "x", "origin": [0.5, 14, 8]},
			"faces": {
				"north": {"uv": [0, 1, 16, 15], "texture": "#0"},
				"south": {"uv": [0, 1, 16, 15], "texture": "#0"}
			}
		},
		{
			"name": "hexadecagon",
			"from": [0, 13.76131, 6.8],
			"to": [1, 14.23869, 9.2],
			"rotation": {"angle": 45, "axis": "x", "origin": [0.5, 14, 8]},
			"faces": {
				"north": {"uv": [0, 1, 16, 15], "texture": "#0"},
				"south": {"uv": [0, 1, 16, 15], "texture": "#0"}
			}
		},
		{
			"name": "hexadecagon",
			"from": [0, 12.8, 7.76131],
			"to": [1, 15.2, 8.23869],
			"rotation": {"angle": -22.5, "axis": "x", "origin": [0.5, 14, 8]},
			"faces": {
				"up": {"uv": [0, 1, 16, 15], "texture": "#0"},
				"down": {"uv": [0, 1, 16, 15], "texture": "#0"}
			}
		},
		{
			"name": "hexadecagon",
			"from": [0, 12.8, 7.76131],
			"to": [1, 15.2, 8.23869],
			"rotation": {"angle": 0, "axis": "x", "origin": [0.5, 14, 8]},
			"faces": {
				"up": {"uv": [0, 1, 16, 15], "texture": "#0"},
				"down": {"uv": [0, 1, 16, 15], "texture": "#0"}
			}
		},
		{
			"name": "hexadecagon",
			"from": [0, 12.8, 7.76131],
			"to": [1, 15.2, 8.23869],
			"rotation": {"angle": 22.5, "axis": "x", "origin": [0.5, 14, 8]},
			"faces": {
				"up": {"uv": [0, 1, 16, 15], "texture": "#0"},
				"down": {"uv": [0, 1, 16, 15], "texture": "#0"}
			}
		}
	],
	"groups": [
		0,
		1,
		{
			"name": "hexadecagon",
			"origin": [8, 8, 8],
			"color": 0,
			"children": [2, 3, 4, 5, 6, 7, 8, 9]
		},
		{
			"name": "hexadecagon",
			"origin": [8, 8, 8],
			"color": 0,
			"children": [10, 11, 12, 13, 14, 15, 16, 17]
		},
		{
			"name": "hexadecagon",
			"origin": [8, 8, 8],
			"color": 0,
			"children": [18, 19, 20, 21, 22, 23, 24, 25]
		}
	]
}