{
	"credit": "Made with Blockbench",
	"textures": {
		"2": "block/saplings/leaf_short",
		"5": "block/saplings/oak_leaf",
		"particle": "block/saplings/sapling_base"
	},
	"elements": [
		{
			"from": [6.01069, 6.4, 7.96069],
			"to": [10.06069, 6.4, 11.96069],
			"rotation": {"angle": 0, "axis": "y", "origin": [8.03569, 4.66626, 10.3]},
			"faces": {
				"up": {"uv": [0, 16, 16, 0], "rotation": 270, "texture": "#5"},
				"down": {"uv": [0, 16, 16, 0], "rotation": 90, "texture": "#5"}
			}
		},
		{
			"from": [6.01069, 1.6, 11.96069],
			"to": [10.06069, 6.4, 15.98569],
			"rotation": {"angle": 0, "axis": "y", "origin": [8.03569, 4.66626, 10.3]},
			"faces": {
				"north": {"uv": [0, 16, 16, 0], "texture": "#5"},
				"east": {"uv": [0, 16, 15, 0], "texture": "#5"},
				"south": {"uv": [0, 16, 16, 0], "texture": "#5"},
				"west": {"uv": [1, 16, 16, 0], "texture": "#5"},
				"up": {"uv": [0, 16, 16, 0], "rotation": 270, "texture": "#5"},
				"down": {"uv": [0, 16, 16, 0], "rotation": 90, "texture": "#5"}
			}
		},
		{
			"from": [6.01069, 5.6, 7.96069],
			"to": [10.06069, 6.4, 7.96069],
			"rotation": {"angle": 0, "axis": "y", "origin": [8.03569, 4.66626, 10.3]},
			"faces": {
				"north": {"uv": [0, 16, 16, 0], "texture": "#5"},
				"south": {"uv": [0, 16, 16, 0], "texture": "#5"}
			}
		},
		{
			"from": [6.01069, 3.66949, 7.97711],
			"to": [10.06069, 3.66949, 13.65211],
			"rotation": {"angle": 45, "axis": "x", "origin": [8.03569, 4.66626, 10.3]},
			"faces": {
				"up": {"uv": [0, 16, 16, 0], "rotation": 270, "texture": "#5"},
				"down": {"uv": [0, 16, 16, 0], "rotation": 90, "texture": "#5"}
			}
		},
		{
			"from": [6.01069, 1.6, 7.96069],
			"to": [6.01069, 6.4, 11.98569],
			"rotation": {"angle": 0, "axis": "y", "origin": [8.03569, 4.66626, 10.3]},
			"faces": {
				"east": {"uv": [0, 16, 16, 0], "texture": "#2"},
				"west": {"uv": [16, 16, 0, 0], "texture": "#2"}
			}
		},
		{
			"from": [10.06069, 1.6, 7.96069],
			"to": [10.06069, 6.4, 11.98569],
			"rotation": {"angle": 0, "axis": "y", "origin": [8.03569, 4.66626, 10.3]},
			"faces": {
				"east": {"uv": [0, 16, 16, 0], "texture": "#2"},
				"west": {"uv": [16, 16, 0, 0], "texture": "#2"}
			}
		},
		{
			"from": [10.025, 11.2, 11.925],
			"to": [14.025, 11.2, 15.975],
			"rotation": {"angle": 0, "axis": "y", "origin": [11.68569, 9.46626, 13.95]},
			"faces": {
				"up": {"uv": [0, 16, 16, 0], "texture": "#5"},
				"down": {"uv": [0, 16, 16, 0], "texture": "#5"}
			}
		},
		{
			"from": [6, 6.4, 11.925],
			"to": [10.025, 11.2, 15.975],
			"rotation": {"angle": 0, "axis": "y", "origin": [11.68569, 9.46626, 13.95]},
			"faces": {
				"north": {"uv": [1, 16, 16, 0], "texture": "#5"},
				"east": {"uv": [0, 16, 16, 0], "texture": "#5"},
				"south": {"uv": [0, 16, 15, 0], "texture": "#5"},
				"west": {"uv": [0, 16, 16, 0], "texture": "#5"},
				"up": {"uv": [0, 16, 16, 0], "texture": "#5"},
				"down": {"uv": [0, 16, 16, 0], "texture": "#5"}
			}
		},
		{
			"from": [14.025, 10.4, 11.925],
			"to": [14.025, 11.2, 15.975],
			"rotation": {"angle": 0, "axis": "y", "origin": [11.68569, 9.46626, 13.95]},
			"faces": {
				"east": {"uv": [0, 16, 16, 0], "texture": "#5"},
				"west": {"uv": [0, 16, 16, 0], "texture": "#5"}
			}
		},
		{
			"from": [8.33358, 8.46949, 11.925],
			"to": [14.00858, 8.46949, 15.975],
			"rotation": {"angle": 45, "axis": "z", "origin": [11.68569, 9.46626, 13.95]},
			"faces": {
				"up": {"uv": [0, 16, 16, 0], "texture": "#5"},
				"down": {"uv": [0, 16, 16, 0], "texture": "#5"}
			}
		},
		{
			"from": [10, 6.4, 11.925],
			"to": [14.025, 11.2, 11.925],
			"rotation": {"angle": 0, "axis": "y", "origin": [11.68569, 9.46626, 13.95]},
			"faces": {
				"north": {"uv": [16, 16, 0, 0], "texture": "#2"},
				"south": {"uv": [0, 16, 16, 0], "texture": "#2"}
			}
		},
		{
			"from": [10, 6.4, 15.975],
			"to": [14.025, 11.2, 15.975],
			"rotation": {"angle": 0, "axis": "y", "origin": [11.68569, 9.46626, 13.95]},
			"faces": {
				"north": {"uv": [16, 16, 0, 0], "texture": "#2"},
				"south": {"uv": [0, 16, 16, 0], "texture": "#2"}
			}
		},
		{
			"from": [1.99638, 16, 11.925],
			"to": [5.99638, 16, 15.975],
			"rotation": {"angle": 0, "axis": "y", "origin": [4.33569, 14.26626, 13.95]},
			"faces": {
				"up": {"uv": [0, 16, 16, 0], "rotation": 180, "texture": "#5"},
				"down": {"uv": [0, 16, 16, 0], "rotation": 180, "texture": "#5"}
			}
		},
		{
			"from": [5.99638, 11.2, 11.925],
			"to": [10.02138, 16, 15.975],
			"rotation": {"angle": 0, "axis": "y", "origin": [4.33569, 14.26626, 13.95]},
			"faces": {
				"north": {"uv": [0, 16, 15, 0], "texture": "#5"},
				"east": {"uv": [0, 16, 16, 0], "texture": "#5"},
				"south": {"uv": [1, 16, 16, 0], "texture": "#5"},
				"west": {"uv": [0, 16, 16, 0], "texture": "#5"},
				"up": {"uv": [0, 16, 16, 0], "rotation": 180, "texture": "#5"},
				"down": {"uv": [0, 16, 16, 0], "rotation": 180, "texture": "#5"}
			}
		},
		{
			"from": [5.99638, 0, 11.925],
			"to": [10.02138, 1.6, 15.975],
			"rotation": {"angle": 0, "axis": "y", "origin": [4.33569, 14.26626, 13.95]},
			"faces": {
				"north": {"uv": [0, 16, 15, 0], "texture": "#5"},
				"east": {"uv": [0, 16, 16, 0], "texture": "#5"},
				"south": {"uv": [1, 16, 16, 0], "texture": "#5"},
				"west": {"uv": [0, 16, 16, 0], "texture": "#5"},
				"up": {"uv": [0, 16, 16, 0], "rotation": 180, "texture": "#5"},
				"down": {"uv": [0, 16, 16, 0], "rotation": 180, "texture": "#5"}
			}
		},
		{
			"from": [1.99638, 15.2, 11.925],
			"to": [1.99638, 16, 15.975],
			"rotation": {"angle": 0, "axis": "y", "origin": [4.33569, 14.26626, 13.95]},
			"faces": {
				"east": {"uv": [0, 16, 16, 0], "texture": "#5"},
				"west": {"uv": [0, 16, 16, 0], "texture": "#5"}
			}
		},
		{
			"from": [2.0128, 13.26949, 11.925],
			"to": [7.6878, 13.26949, 15.975],
			"rotation": {"angle": -45, "axis": "z", "origin": [4.33569, 14.26626, 13.95]},
			"faces": {
				"up": {"uv": [0, 16, 16, 0], "rotation": 180, "texture": "#5"},
				"down": {"uv": [0, 16, 16, 0], "rotation": 180, "texture": "#5"}
			}
		},
		{
			"from": [1.99638, 11.2, 15.975],
			"to": [6.02138, 16, 15.975],
			"rotation": {"angle": 0, "axis": "y", "origin": [4.33569, 14.26626, 13.95]},
			"faces": {
				"north": {"uv": [0, 16, 16, 0], "texture": "#2"},
				"south": {"uv": [16, 16, 0, 0], "texture": "#2"}
			}
		},
		{
			"from": [1.99638, 11.2, 11.925],
			"to": [6.02138, 16, 11.925],
			"rotation": {"angle": 0, "axis": "y", "origin": [4.33569, 14.26626, 13.95]},
			"faces": {
				"north": {"uv": [0, 16, 16, 0], "texture": "#2"},
				"south": {"uv": [16, 16, 0, 0], "texture": "#2"}
			}
		}
	],
	"groups": [
		{
			"name": "group",
			"origin": [-2, -4, -2],
			"color": 0,
			"children": [0, 1, 2, 3, 4, 5]
		},
		{
			"name": "group",
			"origin": [-2, -4, -2],
			"color": 0,
			"children": [6, 7, 8, 9, 10, 11]
		},
		{
			"name": "group",
			"origin": [-2, -4, -2],
			"color": 0,
			"children": [12, 13, 14, 15, 16, 17, 18]
		}
	]
}