{
	"credit": "Made with Blockbench",
	"textures": {
		"3": "block/saplings/sapling_base",
		"4": "block/saplings/dripleaf",
		"5": "block/saplings/oak_leaf",
		"6": "block/saplings/green_circle_hollow",
		"particle": "block/saplings/sapling_base"
	},
	"elements": [
		{
			"from": [6.01069, 0, 11.96069],
			"to": [10.06069, 4.8, 15.98569],
			"rotation": {"angle": 0, "axis": "y", "origin": [8.03569, 3.06626, 10.3]},
			"faces": {
				"north": {"uv": [0, 0, 16, 16], "texture": "#5"},
				"east": {"uv": [0, 0, 16, 16], "texture": "#5"},
				"south": {"uv": [0, 0, 16, 16], "texture": "#5"},
				"west": {"uv": [0, 0, 16, 16], "texture": "#5"},
				"up": {"uv": [0, 0, 16, 16], "rotation": 270, "texture": "#5"},
				"down": {"uv": [0, 0, 16, 16], "rotation": 90, "texture": "#5"}
			}
		},
		{
			"from": [6, 4.4, 11.925],
			"to": [10.025, 9.2, 15.975],
			"rotation": {"angle": 0, "axis": "y", "origin": [11.68569, 9.46626, 13.95]},
			"faces": {
				"north": {"uv": [0, 0, 16, 16], "texture": "#5"},
				"east": {"uv": [0, 0, 16, 16], "texture": "#5"},
				"south": {"uv": [0, 0, 16, 16], "texture": "#5"},
				"west": {"uv": [0, 0, 16, 16], "texture": "#5"},
				"up": {"uv": [0, 0, 16, 16], "texture": "#5"},
				"down": {"uv": [0, 0, 16, 16], "texture": "#5"}
			}
		},
		{
			"from": [0, 9.225, 8.025],
			"to": [16, 9.225, 12.025],
			"rotation": {"angle": -45, "axis": "x", "origin": [8, 9.26211, 15.9278]},
			"faces": {
				"up": {"uv": [0, 0, 16, 16], "rotation": 270, "texture": "#3"},
				"down": {"uv": [0, 0, 15, 16], "rotation": 90, "texture": "#3"}
			}
		},
		{
			"from": [0, 9.225, 2.425],
			"to": [16, 9.225, 8.025],
			"rotation": {"angle": -45, "axis": "x", "origin": [8, 9.26211, 15.9278]},
			"faces": {
				"up": {"uv": [0, 0, 16, 16], "rotation": 270, "texture": "#3"},
				"down": {"uv": [1, 0, 16, 16], "rotation": 90, "texture": "#3"}
			}
		},
		{
			"from": [0, 9.225, 12.025],
			"to": [16, 14.025, 16.05],
			"rotation": {"angle": -45, "axis": "x", "origin": [8, 9.26211, 15.9278]},
			"faces": {
				"north": {"uv": [0, 0, 16, 16], "texture": "#3"},
				"east": {"uv": [0, 0, 15, 16], "texture": "#3"},
				"south": {"uv": [0, 0, 16, 16], "texture": "#3"},
				"west": {"uv": [1, 0, 16, 16], "texture": "#3"},
				"up": {"uv": [0, 0, 16, 16], "rotation": 270, "texture": "#3"},
				"down": {"uv": [0, 0, 16, 16], "rotation": 90, "texture": "#3"}
			}
		},
		{
			"from": [0, 9.225, 2.425],
			"to": [16, 10.05, 2.425],
			"rotation": {"angle": -45, "axis": "x", "origin": [8, 9.26211, 15.9278]},
			"faces": {
				"north": {"uv": [0, 0, 16, 16], "texture": "#3"},
				"south": {"uv": [0, 0, 16, 16], "texture": "#3"}
			}
		},
		{
			"from": [0, 2.28972, 10.03655],
			"to": [16, 7.48972, 10.03655],
			"rotation": {"angle": 22.5, "axis": "x", "origin": [8, 9.26211, 15.9278]},
			"faces": {
				"north": {"uv": [0, 0, 15, 16], "rotation": 90, "texture": "#3"},
				"south": {"uv": [0, 0, 16, 16], "rotation": 90, "texture": "#3"}
			}
		},
		{
			"from": [0, -2.91028, 10.03655],
			"to": [16, 2.28972, 10.03655],
			"rotation": {"angle": 22.5, "axis": "x", "origin": [8, 9.26211, 15.9278]},
			"faces": {
				"north": {"uv": [1, 0, 16, 16], "rotation": 90, "texture": "#3"},
				"south": {"uv": [0, 0, 16, 16], "rotation": 90, "texture": "#3"}
			}
		},
		{
			"from": [0, 9.225, 2.425],
			"to": [0, 14.025, 12.05],
			"rotation": {"angle": -45, "axis": "x", "origin": [8, 9.26211, 15.9278]},
			"faces": {
				"east": {"uv": [0, 0, 16, 16], "texture": "#4"},
				"west": {"uv": [16, 0, 0, 16], "texture": "#4"}
			}
		},
		{
			"from": [16, 9.225, 2.425],
			"to": [16, 14.025, 12.05],
			"rotation": {"angle": -45, "axis": "x", "origin": [8, 9.26211, 15.9278]},
			"faces": {
				"east": {"uv": [0, 0, 16, 16], "texture": "#4"},
				"west": {"uv": [16, 0, 0, 16], "texture": "#4"}
			}
		},
		{
			"from": [12.75, 14.125, 12.775],
			"to": [15.25, 14.125, 15.3],
			"rotation": {"angle": -45, "axis": "x", "origin": [8, 9.26211, 15.9278]},
			"faces": {
				"north": {"uv": [0, 0, 16, 16], "texture": "#6"},
				"east": {"uv": [0, 0, 15, 16], "texture": "#6"},
				"south": {"uv": [0, 0, 16, 16], "texture": "#6"},
				"west": {"uv": [1, 0, 16, 16], "texture": "#6"},
				"up": {"uv": [0, 0, 16, 16], "rotation": 270, "texture": "#6"},
				"down": {"uv": [0, 0, 16, 16], "rotation": 90, "texture": "#6"}
			}
		},
		{
			"from": [12.75, 14.225, 12.775],
			"to": [15.25, 14.225, 15.3],
			"rotation": {"angle": -45, "axis": "x", "origin": [8, 9.26211, 15.9278]},
			"faces": {
				"north": {"uv": [0, 0, 16, 16], "texture": "#6"},
				"east": {"uv": [0, 0, 15, 16], "texture": "#6"},
				"south": {"uv": [0, 0, 16, 16], "texture": "#6"},
				"west": {"uv": [1, 0, 16, 16], "texture": "#6"},
				"up": {"uv": [0, 0, 16, 16], "rotation": 270, "texture": "#6"},
				"down": {"uv": [0, 0, 16, 16], "rotation": 90, "texture": "#6"}
			}
		},
		{
			"from": [12.75, 14.325, 12.775],
			"to": [15.25, 14.325, 15.3],
			"rotation": {"angle": -45, "axis": "x", "origin": [8, 9.26211, 15.9278]},
			"faces": {
				"north": {"uv": [0, 0, 16, 16], "texture": "#6"},
				"east": {"uv": [0, 0, 15, 16], "texture": "#6"},
				"south": {"uv": [0, 0, 16, 16], "texture": "#6"},
				"west": {"uv": [1, 0, 16, 16], "texture": "#6"},
				"up": {"uv": [0, 0, 16, 16], "rotation": 270, "texture": "#6"},
				"down": {"uv": [0, 0, 16, 16], "rotation": 90, "texture": "#6"}
			}
		},
		{
			"from": [12.75, 14.425, 12.775],
			"to": [15.25, 14.425, 15.3],
			"rotation": {"angle": -45, "axis": "x", "origin": [8, 9.26211, 15.9278]},
			"faces": {
				"north": {"uv": [0, 0, 16, 16], "texture": "#6"},
				"east": {"uv": [0, 0, 15, 16], "texture": "#6"},
				"south": {"uv": [0, 0, 16, 16], "texture": "#6"},
				"west": {"uv": [1, 0, 16, 16], "texture": "#6"},
				"up": {"uv": [0, 0, 16, 16], "rotation": 270, "texture": "#6"},
				"down": {"uv": [0, 0, 16, 16], "rotation": 90, "texture": "#6"}
			}
		},
		{
			"from": [12.75, 14.525, 12.775],
			"to": [15.25, 14.525, 15.3],
			"rotation": {"angle": -45, "axis": "x", "origin": [8, 9.26211, 15.9278]},
			"faces": {
				"north": {"uv": [0, 0, 16, 16], "texture": "#6"},
				"east": {"uv": [0, 0, 15, 16], "texture": "#6"},
				"south": {"uv": [0, 0, 16, 16], "texture": "#6"},
				"west": {"uv": [1, 0, 16, 16], "texture": "#6"},
				"up": {"uv": [0, 0, 16, 16], "rotation": 270, "texture": "#6"},
				"down": {"uv": [0, 0, 16, 16], "rotation": 90, "texture": "#6"}
			}
		},
		{
			"from": [12.75, 14.625, 12.775],
			"to": [15.25, 14.625, 15.3],
			"rotation": {"angle": -45, "axis": "x", "origin": [8, 9.26211, 15.9278]},
			"faces": {
				"north": {"uv": [0, 0, 16, 16], "texture": "#6"},
				"east": {"uv": [0, 0, 15, 16], "texture": "#6"},
				"south": {"uv": [0, 0, 16, 16], "texture": "#6"},
				"west": {"uv": [1, 0, 16, 16], "texture": "#6"},
				"up": {"uv": [0, 0, 16, 16], "rotation": 270, "texture": "#6"},
				"down": {"uv": [0, 0, 16, 16], "rotation": 90, "texture": "#6"}
			}
		},
		{
			"from": [12.75, 14.725, 12.775],
			"to": [15.25, 14.725, 15.3],
			"rotation": {"angle": -45, "axis": "x", "origin": [8, 9.26211, 15.9278]},
			"faces": {
				"north": {"uv": [0, 0, 16, 16], "texture": "#6"},
				"east": {"uv": [0, 0, 15, 16], "texture": "#6"},
				"south": {"uv": [0, 0, 16, 16], "texture": "#6"},
				"west": {"uv": [1, 0, 16, 16], "texture": "#6"},
				"up": {"uv": [0, 0, 16, 16], "rotation": 270, "texture": "#6"},
				"down": {"uv": [0, 0, 16, 16], "rotation": 90, "texture": "#6"}
			}
		},
		{
			"from": [4.75, 14.125, 12.775],
			"to": [7.25, 14.125, 15.3],
			"rotation": {"angle": -45, "axis": "x", "origin": [8, 9.26211, 15.9278]},
			"faces": {
				"north": {"uv": [0, 0, 16, 16], "texture": "#6"},
				"east": {"uv": [0, 0, 15, 16], "texture": "#6"},
				"south": {"uv": [0, 0, 16, 16], "texture": "#6"},
				"west": {"uv": [1, 0, 16, 16], "texture": "#6"},
				"up": {"uv": [0, 0, 16, 16], "rotation": 270, "texture": "#6"},
				"down": {"uv": [0, 0, 16, 16], "rotation": 90, "texture": "#6"}
			}
		},
		{
			"from": [4.75, 14.225, 12.775],
			"to": [7.25, 14.225, 15.3],
			"rotation": {"angle": -45, "axis": "x", "origin": [8, 9.26211, 15.9278]},
			"faces": {
				"north": {"uv": [0, 0, 16, 16], "texture": "#6"},
				"east": {"uv": [0, 0, 15, 16], "texture": "#6"},
				"south": {"uv": [0, 0, 16, 16], "texture": "#6"},
				"west": {"uv": [1, 0, 16, 16], "texture": "#6"},
				"up": {"uv": [0, 0, 16, 16], "rotation": 270, "texture": "#6"},
				"down": {"uv": [0, 0, 16, 16], "rotation": 90, "texture": "#6"}
			}
		},
		{
			"from": [4.75, 14.325, 12.775],
			"to": [7.25, 14.325, 15.3],
			"rotation": {"angle": -45, "axis": "x", "origin": [8, 9.26211, 15.9278]},
			"faces": {
				"north": {"uv": [0, 0, 16, 16], "texture": "#6"},
				"east": {"uv": [0, 0, 15, 16], "texture": "#6"},
				"south": {"uv": [0, 0, 16, 16], "texture": "#6"},
				"west": {"uv": [1, 0, 16, 16], "texture": "#6"},
				"up": {"uv": [0, 0, 16, 16], "rotation": 270, "texture": "#6"},
				"down": {"uv": [0, 0, 16, 16], "rotation": 90, "texture": "#6"}
			}
		},
		{
			"from": [4.75, 14.425, 12.775],
			"to": [7.25, 14.425, 15.3],
			"rotation": {"angle": -45, "axis": "x", "origin": [8, 9.26211, 15.9278]},
			"faces": {
				"north": {"uv": [0, 0, 16, 16], "texture": "#6"},
				"east": {"uv": [0, 0, 15, 16], "texture": "#6"},
				"south": {"uv": [0, 0, 16, 16], "texture": "#6"},
				"west": {"uv": [1, 0, 16, 16], "texture": "#6"},
				"up": {"uv": [0, 0, 16, 16], "rotation": 270, "texture": "#6"},
				"down": {"uv": [0, 0, 16, 16], "rotation": 90, "texture": "#6"}
			}
		},
		{
			"from": [4.75, 14.525, 12.775],
			"to": [7.25, 14.525, 15.3],
			"rotation": {"angle": -45, "axis": "x", "origin": [8, 9.26211, 15.9278]},
			"faces": {
				"north": {"uv": [0, 0, 16, 16], "texture": "#6"},
				"east": {"uv": [0, 0, 15, 16], "texture": "#6"},
				"south": {"uv": [0, 0, 16, 16], "texture": "#6"},
				"west": {"uv": [1, 0, 16, 16], "texture": "#6"},
				"up": {"uv": [0, 0, 16, 16], "rotation": 270, "texture": "#6"},
				"down": {"uv": [0, 0, 16, 16], "rotation": 90, "texture": "#6"}
			}
		},
		{
			"from": [4.75, 14.625, 12.775],
			"to": [7.25, 14.625, 15.3],
			"rotation": {"angle": -45, "axis": "x", "origin": [8, 9.26211, 15.9278]},
			"faces": {
				"north": {"uv": [0, 0, 16, 16], "texture": "#6"},
				"east": {"uv": [0, 0, 15, 16], "texture": "#6"},
				"south": {"uv": [0, 0, 16, 16], "texture": "#6"},
				"west": {"uv": [1, 0, 16, 16], "texture": "#6"},
				"up": {"uv": [0, 0, 16, 16], "rotation": 270, "texture": "#6"},
				"down": {"uv": [0, 0, 16, 16], "rotation": 90, "texture": "#6"}
			}
		},
		{
			"from": [4.75, 14.725, 12.775],
			"to": [7.25, 14.725, 15.3],
			"rotation": {"angle": -45, "axis": "x", "origin": [8, 9.26211, 15.9278]},
			"faces": {
				"north": {"uv": [0, 0, 16, 16], "texture": "#6"},
				"east": {"uv": [0, 0, 15, 16], "texture": "#6"},
				"south": {"uv": [0, 0, 16, 16], "texture": "#6"},
				"west": {"uv": [1, 0, 16, 16], "texture": "#6"},
				"up": {"uv": [0, 0, 16, 16], "rotation": 270, "texture": "#6"},
				"down": {"uv": [0, 0, 16, 16], "rotation": 90, "texture": "#6"}
			}
		},
		{
			"from": [8.75, 14.125, 12.775],
			"to": [11.25, 14.125, 15.3],
			"rotation": {"angle": -45, "axis": "x", "origin": [8, 9.26211, 15.9278]},
			"faces": {
				"north": {"uv": [0, 0, 16, 16], "texture": "#6"},
				"east": {"uv": [0, 0, 15, 16], "texture": "#6"},
				"south": {"uv": [0, 0, 16, 16], "texture": "#6"},
				"west": {"uv": [1, 0, 16, 16], "texture": "#6"},
				"up": {"uv": [0, 0, 16, 16], "rotation": 270, "texture": "#6"},
				"down": {"uv": [0, 0, 16, 16], "rotation": 90, "texture": "#6"}
			}
		},
		{
			"from": [8.75, 14.225, 12.775],
			"to": [11.25, 14.225, 15.3],
			"rotation": {"angle": -45, "axis": "x", "origin": [8, 9.26211, 15.9278]},
			"faces": {
				"north": {"uv": [0, 0, 16, 16], "texture": "#6"},
				"east": {"uv": [0, 0, 15, 16], "texture": "#6"},
				"south": {"uv": [0, 0, 16, 16], "texture": "#6"},
				"west": {"uv": [1, 0, 16, 16], "texture": "#6"},
				"up": {"uv": [0, 0, 16, 16], "rotation": 270, "texture": "#6"},
				"down": {"uv": [0, 0, 16, 16], "rotation": 90, "texture": "#6"}
			}
		},
		{
			"from": [8.75, 14.325, 12.775],
			"to": [11.25, 14.325, 15.3],
			"rotation": {"angle": -45, "axis": "x", "origin": [8, 9.26211, 15.9278]},
			"faces": {
				"north": {"uv": [0, 0, 16, 16], "texture": "#6"},
				"east": {"uv": [0, 0, 15, 16], "texture": "#6"},
				"south": {"uv": [0, 0, 16, 16], "texture": "#6"},
				"west": {"uv": [1, 0, 16, 16], "texture": "#6"},
				"up": {"uv": [0, 0, 16, 16], "rotation": 270, "texture": "#6"},
				"down": {"uv": [0, 0, 16, 16], "rotation": 90, "texture": "#6"}
			}
		},
		{
			"from": [8.75, 14.425, 12.775],
			"to": [11.25, 14.425, 15.3],
			"rotation": {"angle": -45, "axis": "x", "origin": [8, 9.26211, 15.9278]},
			"faces": {
				"north": {"uv": [0, 0, 16, 16], "texture": "#6"},
				"east": {"uv": [0, 0, 15, 16], "texture": "#6"},
				"south": {"uv": [0, 0, 16, 16], "texture": "#6"},
				"west": {"uv": [1, 0, 16, 16], "texture": "#6"},
				"up": {"uv": [0, 0, 16, 16], "rotation": 270, "texture": "#6"},
				"down": {"uv": [0, 0, 16, 16], "rotation": 90, "texture": "#6"}
			}
		},
		{
			"from": [8.75, 14.525, 12.775],
			"to": [11.25, 14.525, 15.3],
			"rotation": {"angle": -45, "axis": "x", "origin": [8, 9.26211, 15.9278]},
			"faces": {
				"north": {"uv": [0, 0, 16, 16], "texture": "#6"},
				"east": {"uv": [0, 0, 15, 16], "texture": "#6"},
				"south": {"uv": [0, 0, 16, 16], "texture": "#6"},
				"west": {"uv": [1, 0, 16, 16], "texture": "#6"},
				"up": {"uv": [0, 0, 16, 16], "rotation": 270, "texture": "#6"},
				"down": {"uv": [0, 0, 16, 16], "rotation": 90, "texture": "#6"}
			}
		},
		{
			"from": [8.75, 14.625, 12.775],
			"to": [11.25, 14.625, 15.3],
			"rotation": {"angle": -45, "axis": "x", "origin": [8, 9.26211, 15.9278]},
			"faces": {
				"north": {"uv": [0, 0, 16, 16], "texture": "#6"},
				"east": {"uv": [0, 0, 15, 16], "texture": "#6"},
				"south": {"uv": [0, 0, 16, 16], "texture": "#6"},
				"west": {"uv": [1, 0, 16, 16], "texture": "#6"},
				"up": {"uv": [0, 0, 16, 16], "rotation": 270, "texture": "#6"},
				"down": {"uv": [0, 0, 16, 16], "rotation": 90, "texture": "#6"}
			}
		},
		{
			"from": [8.75, 14.725, 12.775],
			"to": [11.25, 14.725, 15.3],
			"rotation": {"angle": -45, "axis": "x", "origin": [8, 9.26211, 15.9278]},
			"faces": {
				"north": {"uv": [0, 0, 16, 16], "texture": "#6"},
				"east": {"uv": [0, 0, 15, 16], "texture": "#6"},
				"south": {"uv": [0, 0, 16, 16], "texture": "#6"},
				"west": {"uv": [1, 0, 16, 16], "texture": "#6"},
				"up": {"uv": [0, 0, 16, 16], "rotation": 270, "texture": "#6"},
				"down": {"uv": [0, 0, 16, 16], "rotation": 90, "texture": "#6"}
			}
		},
		{
			"from": [0.75, 14.125, 12.775],
			"to": [3.25, 14.125, 15.3],
			"rotation": {"angle": -45, "axis": "x", "origin": [8, 9.26211, 15.9278]},
			"faces": {
				"north": {"uv": [0, 0, 16, 16], "texture": "#6"},
				"east": {"uv": [0, 0, 15, 16], "texture": "#6"},
				"south": {"uv": [0, 0, 16, 16], "texture": "#6"},
				"west": {"uv": [1, 0, 16, 16], "texture": "#6"},
				"up": {"uv": [0, 0, 16, 16], "rotation": 270, "texture": "#6"},
				"down": {"uv": [0, 0, 16, 16], "rotation": 90, "texture": "#6"}
			}
		},
		{
			"from": [0.75, 14.225, 12.775],
			"to": [3.25, 14.225, 15.3],
			"rotation": {"angle": -45, "axis": "x", "origin": [8, 9.26211, 15.9278]},
			"faces": {
				"north": {"uv": [0, 0, 16, 16], "texture": "#6"},
				"east": {"uv": [0, 0, 15, 16], "texture": "#6"},
				"south": {"uv": [0, 0, 16, 16], "texture": "#6"},
				"west": {"uv": [1, 0, 16, 16], "texture": "#6"},
				"up": {"uv": [0, 0, 16, 16], "rotation": 270, "texture": "#6"},
				"down": {"uv": [0, 0, 16, 16], "rotation": 90, "texture": "#6"}
			}
		},
		{
			"from": [0.75, 14.325, 12.775],
			"to": [3.25, 14.325, 15.3],
			"rotation": {"angle": -45, "axis": "x", "origin": [8, 9.26211, 15.9278]},
			"faces": {
				"north": {"uv": [0, 0, 16, 16], "texture": "#6"},
				"east": {"uv": [0, 0, 15, 16], "texture": "#6"},
				"south": {"uv": [0, 0, 16, 16], "texture": "#6"},
				"west": {"uv": [1, 0, 16, 16], "texture": "#6"},
				"up": {"uv": [0, 0, 16, 16], "rotation": 270, "texture": "#6"},
				"down": {"uv": [0, 0, 16, 16], "rotation": 90, "texture": "#6"}
			}
		},
		{
			"from": [0.75, 14.425, 12.775],
			"to": [3.25, 14.425, 15.3],
			"rotation": {"angle": -45, "axis": "x", "origin": [8, 9.26211, 15.9278]},
			"faces": {
				"north": {"uv": [0, 0, 16, 16], "texture": "#6"},
				"east": {"uv": [0, 0, 15, 16], "texture": "#6"},
				"south": {"uv": [0, 0, 16, 16], "texture": "#6"},
				"west": {"uv": [1, 0, 16, 16], "texture": "#6"},
				"up": {"uv": [0, 0, 16, 16], "rotation": 270, "texture": "#6"},
				"down": {"uv": [0, 0, 16, 16], "rotation": 90, "texture": "#6"}
			}
		},
		{
			"from": [0.75, 14.525, 12.775],
			"to": [3.25, 14.525, 15.3],
			"rotation": {"angle": -45, "axis": "x", "origin": [8, 9.26211, 15.9278]},
			"faces": {
				"north": {"uv": [0, 0, 16, 16], "texture": "#6"},
				"east": {"uv": [0, 0, 15, 16], "texture": "#6"},
				"south": {"uv": [0, 0, 16, 16], "texture": "#6"},
				"west": {"uv": [1, 0, 16, 16], "texture": "#6"},
				"up": {"uv": [0, 0, 16, 16], "rotation": 270, "texture": "#6"},
				"down": {"uv": [0, 0, 16, 16], "rotation": 90, "texture": "#6"}
			}
		},
		{
			"from": [0.75, 14.625, 12.775],
			"to": [3.25, 14.625, 15.3],
			"rotation": {"angle": -45, "axis": "x", "origin": [8, 9.26211, 15.9278]},
			"faces": {
				"north": {"uv": [0, 0, 16, 16], "texture": "#6"},
				"east": {"uv": [0, 0, 15, 16], "texture": "#6"},
				"south": {"uv": [0, 0, 16, 16], "texture": "#6"},
				"west": {"uv": [1, 0, 16, 16], "texture": "#6"},
				"up": {"uv": [0, 0, 16, 16], "rotation": 270, "texture": "#6"},
				"down": {"uv": [0, 0, 16, 16], "rotation": 90, "texture": "#6"}
			}
		},
		{
			"from": [0.75, 14.725, 12.775],
			"to": [3.25, 14.725, 15.3],
			"rotation": {"angle": -45, "axis": "x", "origin": [8, 9.26211, 15.9278]},
			"faces": {
				"north": {"uv": [0, 0, 16, 16], "texture": "#6"},
				"east": {"uv": [0, 0, 15, 16], "texture": "#6"},
				"south": {"uv": [0, 0, 16, 16], "texture": "#6"},
				"west": {"uv": [1, 0, 16, 16], "texture": "#6"},
				"up": {"uv": [0, 0, 16, 16], "rotation": 270, "texture": "#6"},
				"down": {"uv": [0, 0, 16, 16], "rotation": 90, "texture": "#6"}
			}
		}
	],
	"groups": [
		{
			"name": "group",
			"origin": [-2, -4, -2],
			"color": 0,
			"children": [0]
		},
		{
			"name": "group",
			"origin": [-2, -4, -2],
			"color": 0,
			"children": [1]
		},
		{
			"name": "group",
			"origin": [8, 8, 8],
			"color": 0,
			"children": [
				{
					"name": "group",
					"origin": [-2, -4, -2],
					"color": 0,
					"children": [
						2,
						3,
						4,
						5,
						6,
						7,
						8,
						9,
						{
							"name": "group",
							"origin": [8, 10.87949, 7.58135],
							"color": 0,
							"children": [10, 11, 12, 13, 14, 15, 16]
						},
						{
							"name": "group",
							"origin": [8, 10.87949, 7.58135],
							"color": 0,
							"children": [17, 18, 19, 20, 21, 22, 23]
						},
						{
							"name": "group",
							"origin": [8, 10.87949, 7.58135],
							"color": 0,
							"children": [24, 25, 26, 27, 28, 29, 30]
						}
					]
				},
				{
					"name": "group",
					"origin": [8, 10.87949, 7.58135],
					"color": 0,
					"children": [31, 32, 33, 34, 35, 36, 37]
				}
			]
		}
	]
}