{
	"credit": "Made with Blockbench",
	"textures": {
		"1": "block/birch_post_top",
		"particle": "block/birch_planks",
		"texture": "block/birch_planks"
	},
	"elements": [
		{
			"from": [6, 0, 6],
			"to": [10, 16, 10],
			"faces": {
				"north": {"uv": [0, 0, 4, 16], "texture": "#texture"},
				"east": {"uv": [0, 0, 4, 16], "texture": "#texture"},
				"south": {"uv": [0, 0, 4, 16], "texture": "#texture"},
				"west": {"uv": [0, 0, 4, 16], "texture": "#texture"},
				"up": {"uv": [6, 6, 10, 10], "texture": "#1"},
				"down": {"uv": [6, 6, 10, 10], "texture": "#1"}
			}
		}
	]
}