{
	"credit": "Made with Blockbench",
	"texture_size": [32, 16],
	"textures": {
		"1": "block/brewing_stand",
		"particle": "block/brewing_stand"
	},
	"elements": [
		{
			"from": [2.5, 11.5, 2.5],
			"to": [6.5, 13, 3.5],
			"faces": {
				"north": {"uv": [14, 8, 16, 9.5], "texture": "#1"},
				"east": {"uv": [13.5, 8, 14, 9.5], "texture": "#1"},
				"south": {"uv": [14, 8, 16, 9.5], "texture": "#1"},
				"west": {"uv": [13.5, 8, 14, 9.5], "texture": "#1"},
				"up": {"uv": [14, 10, 16, 11], "texture": "#1"},
				"down": {"uv": [14, 10, 16, 11], "texture": "#1"}
			}
		},
		{
			"from": [6.5, 11.5, 2.5],
			"to": [7.5, 13, 6.5],
			"rotation": {"angle": 0, "axis": "y", "origin": [4.5, 12.25, 3]},
			"faces": {
				"north": {"uv": [13.5, 8, 14, 9.5], "texture": "#1"},
				"east": {"uv": [14, 8, 16, 9.5], "texture": "#1"},
				"south": {"uv": [13.5, 8, 14, 9.5], "texture": "#1"},
				"west": {"uv": [14, 8, 16, 9.5], "texture": "#1"},
				"up": {"uv": [14, 10, 16, 11], "rotation": 270, "texture": "#1"},
				"down": {"uv": [14, 10, 16, 11], "rotation": 90, "texture": "#1"}
			}
		},
		{
			"from": [3, 10, 2.5],
			"to": [4, 11.5, 3.5],
			"faces": {
				"north": {"uv": [15.25, 11, 16, 12.5], "texture": "#1"},
				"east": {"uv": [13, 8, 13.5, 9.5], "texture": "#1"},
				"south": {"uv": [15.25, 11, 16, 12.5], "texture": "#1"},
				"west": {"uv": [13, 8, 13.5, 9.5], "texture": "#1"},
				"up": {"uv": [13.25, 10, 14, 11], "texture": "#1"},
				"down": {"uv": [13.25, 10, 14, 11], "texture": "#1"}
			}
		},
		{
			"from": [2.5, 9, 2],
			"to": [4.5, 10, 4],
			"faces": {
				"north": {"uv": [13, 11, 14.25, 12], "texture": "#1"},
				"east": {"uv": [15, 13, 16, 14], "texture": "#1"},
				"south": {"uv": [13, 11, 14.25, 12], "texture": "#1"},
				"west": {"uv": [15, 13, 16, 14], "texture": "#1"},
				"up": {"uv": [13, 12, 14.25, 14], "texture": "#1"},
				"down": {"uv": [13, 12, 14.25, 14], "texture": "#1"}
			}
		}
	],
	"display": {
		"firstperson_righthand": {
			"rotation": [20, 0, 0],
			"translation": [0, 3.75, 0],
			"scale": [0.5, 0.5, 0.5]
		},
		"firstperson_lefthand": {
			"rotation": [20, 0, 0],
			"translation": [0, 3.75, 0],
			"scale": [0.5, 0.5, 0.5]
		},
		"ground": {
			"translation": [0, 4.25, 0]
		},
		"gui": {
			"rotation": [20, 45, 0],
			"scale": [0.5, 0.5, 0.5]
		},
		"head": {
			"translation": [0, 14.25, 0]
		},
		"fixed": {
			"rotation": [-90, 0, 0],
			"translation": [0, 0, -8.25]
		}
	},
	"groups": [
		{
			"name": "brewing_stand_bottle1",
			"origin": [0, 0, 0],
			"color": 0,
			"children": [
				{
					"name": "brewing_stand_empty1",
					"origin": [0, 0, 0],
					"color": 0,
					"children": [0, 1, 2, 3]
				}
			]
		}
	]
}