{
	"credit": "Made with Blockbench",
	"texture_size": [32, 16],
	"textures": {
		"1": "block/brewing_stand",
		"particle": "block/brewing_stand"
	},
	"elements": [
		{
			"name": "color",
			"from": [2, 6, 11.5],
			"to": [5, 7, 14.5],
			"faces": {
				"north": {"uv": [10, 10.5, 11, 12], "texture": "#1"},
				"east": {"uv": [10, 10.5, 11, 12], "texture": "#1"},
				"south": {"uv": [10, 10.5, 11, 12], "texture": "#1"},
				"west": {"uv": [10, 10.5, 11, 12], "texture": "#1"},
				"up": {"uv": [10, 12, 11, 14], "texture": "#1"},
				"down": {"uv": [10, 12, 11, 14], "texture": "#1"}
			}
		},
		{
			"from": [2.5, 5.5, 12],
			"to": [4.5, 6, 14],
			"faces": {
				"north": {"uv": [8.5, 12, 9.5, 12.5], "texture": "#1"},
				"east": {"uv": [8.5, 12, 9.5, 12.5], "texture": "#1"},
				"south": {"uv": [8.5, 12, 9.5, 12.5], "texture": "#1"},
				"west": {"uv": [8.5, 12, 9.5, 12.5], "texture": "#1"},
				"up": {"uv": [8.5, 10, 9.5, 12], "texture": "#1"},
				"down": {"uv": [8.5, 10, 9.5, 12], "texture": "#1"}
			}
		},
		{
			"from": [2.5, 8, 12],
			"to": [4.5, 8.5, 14],
			"faces": {
				"north": {"uv": [9, 4, 10, 4.5], "texture": "#1"},
				"east": {"uv": [9, 4, 10, 4.5], "texture": "#1"},
				"south": {"uv": [9, 4, 10, 4.5], "texture": "#1"},
				"west": {"uv": [9, 4, 10, 4.5], "texture": "#1"},
				"up": {"uv": [10, 4, 11, 6], "texture": "#1"},
				"down": {"uv": [10, 4, 11, 6], "texture": "#1"}
			}
		},
		{
			"name": "cork",
			"from": [3, 8.5, 12.5],
			"to": [4, 9, 13.5],
			"faces": {
				"north": {"uv": [9.5, 11.5, 10, 13], "texture": "#1"},
				"east": {"uv": [9.5, 11.5, 10, 13], "texture": "#1"},
				"south": {"uv": [9.5, 11.5, 10, 13], "texture": "#1"},
				"west": {"uv": [9.5, 11.5, 10, 13], "texture": "#1"},
				"up": {"uv": [9.5, 13, 10, 14], "texture": "#1"},
				"down": {"uv": [9.5, 13, 10, 14], "texture": "#1"}
			}
		},
		{
			"from": [2.5, 7, 11.5],
			"to": [4.5, 8, 12],
			"rotation": {"angle": 0, "axis": "y", "origin": [3, 7, 1.75]},
			"faces": {
				"north": {"uv": [9, 5, 10, 7], "texture": "#1"},
				"east": {"uv": [8.75, 5, 9, 7], "texture": "#1"},
				"south": {"uv": [9, 5, 10, 7], "texture": "#1"},
				"west": {"uv": [8.75, 5, 9, 7], "texture": "#1"},
				"up": {"uv": [9, 7, 10, 7.5], "texture": "#1"},
				"down": {"uv": [9, 7, 10, 7.5], "texture": "#1"}
			}
		},
		{
			"from": [2.5, 7, 14],
			"to": [4.5, 8, 14.5],
			"faces": {
				"north": {"uv": [9, 5, 10, 7], "texture": "#1"},
				"east": {"uv": [8.75, 5, 9, 7], "texture": "#1"},
				"south": {"uv": [9, 5, 10, 7], "texture": "#1"},
				"west": {"uv": [8.75, 5, 9, 7], "texture": "#1"},
				"up": {"uv": [9, 7, 10, 7.5], "texture": "#1"},
				"down": {"uv": [9, 7, 10, 7.5], "texture": "#1"}
			}
		},
		{
			"from": [2, 7, 11.5],
			"to": [2.5, 8, 14.5],
			"faces": {
				"north": {"uv": [10.75, 8, 11, 10], "texture": "#1"},
				"east": {"uv": [10, 6, 11, 8], "texture": "#1"},
				"south": {"uv": [10.75, 8, 11, 10], "texture": "#1"},
				"west": {"uv": [10, 6, 11, 8], "texture": "#1"},
				"up": {"uv": [10.75, 8, 11, 10], "texture": "#1"},
				"down": {"uv": [10.75, 8, 11, 10], "texture": "#1"}
			}
		},
		{
			"from": [4.5, 7, 11.5],
			"to": [5, 8, 14.5],
			"faces": {
				"north": {"uv": [10.75, 8, 11, 10], "texture": "#1"},
				"east": {"uv": [10, 6, 11, 8], "texture": "#1"},
				"south": {"uv": [10.75, 8, 11, 10], "texture": "#1"},
				"west": {"uv": [10, 6, 11, 8], "texture": "#1"},
				"up": {"uv": [10.75, 8, 11, 10], "texture": "#1"},
				"down": {"uv": [10.75, 8, 11, 10], "texture": "#1"}
			}
		},
		{
			"from": [2.5, 11.5, 12.5],
			"to": [6.5, 13, 13.5],
			"faces": {
				"north": {"uv": [14, 8, 16, 9.5], "texture": "#1"},
				"east": {"uv": [13.5, 8, 14, 9.5], "texture": "#1"},
				"south": {"uv": [14, 8, 16, 9.5], "texture": "#1"},
				"west": {"uv": [13.5, 8, 14, 9.5], "texture": "#1"},
				"up": {"uv": [14, 10, 16, 11], "texture": "#1"},
				"down": {"uv": [14, 10, 16, 11], "texture": "#1"}
			}
		},
		{
			"from": [6.5, 11.5, 9.5],
			"to": [7.5, 13, 13.5],
			"rotation": {"angle": 0, "axis": "y", "origin": [4.5, 12.25, 3]},
			"faces": {
				"north": {"uv": [13.5, 8, 14, 9.5], "texture": "#1"},
				"east": {"uv": [14, 8, 16, 9.5], "texture": "#1"},
				"south": {"uv": [13.5, 8, 14, 9.5], "texture": "#1"},
				"west": {"uv": [14, 8, 16, 9.5], "texture": "#1"},
				"up": {"uv": [14, 10, 16, 11], "rotation": 270, "texture": "#1"},
				"down": {"uv": [14, 10, 16, 11], "rotation": 90, "texture": "#1"}
			}
		},
		{
			"from": [3, 10, 12.5],
			"to": [4, 11.5, 13.5],
			"faces": {
				"north": {"uv": [15.25, 11, 16, 12.5], "texture": "#1"},
				"east": {"uv": [13, 8, 13.5, 9.5], "texture": "#1"},
				"south": {"uv": [15.25, 11, 16, 12.5], "texture": "#1"},
				"west": {"uv": [13, 8, 13.5, 9.5], "texture": "#1"},
				"up": {"uv": [13.25, 10, 14, 11], "texture": "#1"},
				"down": {"uv": [13.25, 10, 14, 11], "texture": "#1"}
			}
		},
		{
			"from": [2.5, 9, 12],
			"to": [4.5, 10, 14],
			"faces": {
				"north": {"uv": [13, 11, 14.25, 12], "texture": "#1"},
				"east": {"uv": [15, 13, 16, 14], "texture": "#1"},
				"south": {"uv": [13, 11, 14.25, 12], "texture": "#1"},
				"west": {"uv": [15, 13, 16, 14], "texture": "#1"},
				"up": {"uv": [13, 12, 14.25, 14], "texture": "#1"},
				"down": {"uv": [13, 12, 14.25, 14], "texture": "#1"}
			}
		}
	],
	"display": {
		"firstperson_righthand": {
			"rotation": [20, 0, 0],
			"translation": [0, 3.75, 0],
			"scale": [0.5, 0.5, 0.5]
		},
		"firstperson_lefthand": {
			"rotation": [20, 0, 0],
			"translation": [0, 3.75, 0],
			"scale": [0.5, 0.5, 0.5]
		},
		"ground": {
			"translation": [0, 4.25, 0]
		},
		"gui": {
			"rotation": [20, 45, 0],
			"scale": [0.5, 0.5, 0.5]
		},
		"head": {
			"translation": [0, 14.25, 0]
		},
		"fixed": {
			"rotation": [-90, 0, 0],
			"translation": [0, 0, -8.25]
		}
	},
	"groups": [
		{
			"name": "brewing_stand_bottle2",
			"origin": [0, 0, 0],
			"color": 0,
			"children": [
				{
					"name": "battle",
					"origin": [0, 0, 0],
					"color": 0,
					"children": [0, 1, 2, 3, 4, 5, 6, 7]
				},
				{
					"name": "brewing_stand_empty2",
					"origin": [0, 0, 0],
					"color": 0,
					"children": [8, 9, 10, 11]
				}
			]
		}
	]
}