{
	"credit": "Made with Blockbench",
	"texture_size": [32, 16],
	"textures": {
		"1": "block/brewing_stand",
		"particle": "block/brewing_stand"
	},
	"elements": [
		{
			"from": [0, 0, 0],
			"to": [16, 1, 16],
			"faces": {
				"north": {"uv": [8, 15, 16, 16], "texture": "#1"},
				"east": {"uv": [8, 15, 16, 16], "texture": "#1"},
				"south": {"uv": [8, 15, 16, 16], "texture": "#1"},
				"west": {"uv": [8, 15, 16, 16], "texture": "#1"},
				"up": {"uv": [0, 0, 8, 16], "texture": "#1"},
				"down": {"uv": [0, 0, 8, 16], "texture": "#1"}
			}
		},
		{
			"from": [6, 1, 6],
			"to": [10, 15, 10],
			"faces": {
				"north": {"uv": [11, 0, 13, 14], "texture": "#1"},
				"east": {"uv": [11, 0, 13, 14], "texture": "#1"},
				"south": {"uv": [11, 0, 13, 14], "texture": "#1"},
				"west": {"uv": [11, 0, 13, 14], "texture": "#1"},
				"up": {"uv": [11, 4, 9, 0], "texture": "#1"},
				"down": {"uv": [9, 0, 11, 4], "texture": "#1"}
			}
		},
		{
			"from": [10, 1, 5],
			"to": [16, 3, 11],
			"faces": {
				"north": {"uv": [13, 6, 16, 8], "texture": "#1"},
				"east": {"uv": [13, 6, 16, 8], "texture": "#1"},
				"south": {"uv": [13, 6, 16, 8], "texture": "#1"},
				"west": {"uv": [13, 6, 16, 8], "texture": "#1"},
				"up": {"uv": [13, 0, 16, 6], "texture": "#1"},
				"down": {"uv": [13, 0, 16, 6], "texture": "#1", "cullface": "down"}
			}
		},
		{
			"from": [0, 1, 0],
			"to": [6, 3, 6],
			"faces": {
				"north": {"uv": [13, 6, 16, 8], "texture": "#1"},
				"east": {"uv": [13, 6, 16, 8], "texture": "#1"},
				"south": {"uv": [13, 6, 16, 8], "texture": "#1"},
				"west": {"uv": [13, 6, 16, 8], "texture": "#1"},
				"up": {"uv": [13, 0, 16, 6], "texture": "#1"},
				"down": {"uv": [13, 0, 16, 6], "texture": "#1", "cullface": "down"}
			}
		},
		{
			"from": [0, 1, 10],
			"to": [6, 3, 16],
			"faces": {
				"north": {"uv": [13, 6, 16, 8], "texture": "#1"},
				"east": {"uv": [13, 6, 16, 8], "texture": "#1"},
				"south": {"uv": [13, 6, 16, 8], "texture": "#1"},
				"west": {"uv": [13, 6, 16, 8], "texture": "#1"},
				"up": {"uv": [13, 0, 16, 6], "texture": "#1"},
				"down": {"uv": [13, 0, 16, 6], "texture": "#1", "cullface": "down"}
			}
		}
	],
	"display": {
		"firstperson_righthand": {
			"rotation": [20, 0, 0],
			"translation": [0, 3.75, 0],
			"scale": [0.5, 0.5, 0.5]
		},
		"firstperson_lefthand": {
			"rotation": [20, 0, 0],
			"translation": [0, 3.75, 0],
			"scale": [0.5, 0.5, 0.5]
		},
		"ground": {
			"translation": [0, 4.25, 0]
		},
		"gui": {
			"rotation": [20, 45, 0],
			"scale": [0.5, 0.5, 0.5]
		},
		"head": {
			"translation": [0, 14.25, 0]
		},
		"fixed": {
			"rotation": [-90, 0, 0],
			"translation": [0, 0, -8.25]
		}
	},
	"groups": [
		{
			"name": "stand",
			"origin": [0, 0, 0],
			"color": 0,
			"children": [0, 1, 2, 3, 4]
		}
	]
}