{
	"credit": "Made with Blockbench",
	"textures": {
		"0": "block/items/light_gray",
		"1": "block/saplings/sapling_base",
		"2": "block/saplings/green_circle_hollow",
		"3": "block/items/light_gray_circle_hollow",
		"4": "block/tools/wooden_square",
		"5": "block/tools/wooden_circle_hollow",
		"6": "block/tools/wooden_circle",
		"particle": "block/tools/wooden_square"
	},
	"elements": [
		{
			"from": [5.775, 8, 9.875],
			"to": [9.825, 9.5, 13.925],
			"rotation": {"angle": 0, "axis": "y", "origin": [6.8, 5.5, 3.9]},
			"faces": {
				"east": {"uv": [0, 0, 16, 16], "texture": "#4"},
				"south": {"uv": [0, 0, 16, 16], "texture": "#4"},
				"up": {"uv": [0, 0, 16, 16], "texture": "#4"},
				"down": {"uv": [0, 0, 16, 16], "texture": "#4"}
			}
		},
		{
			"from": [5.775, 8, 5.875],
			"to": [9.825, 9.5, 9.925],
			"rotation": {"angle": 0, "axis": "y", "origin": [6.8, 5.5, 3.9]},
			"faces": {
				"north": {"uv": [0, 0, 16, 16], "texture": "#4"},
				"east": {"uv": [0, 0, 16, 16], "texture": "#4"},
				"up": {"uv": [0, 0, 16, 16], "texture": "#4"},
				"down": {"uv": [0, 0, 16, 16], "texture": "#4"}
			}
		},
		{
			"from": [1.775, 8, 5.875],
			"to": [5.825, 9.5, 9.925],
			"rotation": {"angle": 0, "axis": "y", "origin": [6.8, 5.5, 3.9]},
			"faces": {
				"north": {"uv": [0, 0, 16, 16], "texture": "#4"},
				"west": {"uv": [0, 0, 16, 16], "texture": "#4"},
				"up": {"uv": [0, 0, 16, 16], "texture": "#4"},
				"down": {"uv": [0, 0, 16, 16], "texture": "#4"}
			}
		},
		{
			"from": [1.775, 8, 9.875],
			"to": [5.825, 9.5, 13.925],
			"rotation": {"angle": 0, "axis": "y", "origin": [6.8, 5.5, 3.9]},
			"faces": {
				"south": {"uv": [0, 0, 16, 16], "texture": "#4"},
				"west": {"uv": [0, 0, 16, 16], "texture": "#4"},
				"up": {"uv": [0, 0, 16, 16], "texture": "#4"},
				"down": {"uv": [0, 0, 16, 16], "texture": "#4"}
			}
		},
		{
			"name": "hexadecagon",
			"from": [3.53631, 9.5, 6.675],
			"to": [4.06369, 10.2, 7.125],
			"rotation": {"angle": -45, "axis": "y", "origin": [3.8, 9.9, 7.9]},
			"faces": {
				"north": {"uv": [2.0625, 0, 13.875, 3.9375], "texture": "#4"},
				"south": {"uv": [0, 0, 16, 8], "texture": "#4"},
				"down": {"uv": [0, 0, 0.125, 0.125], "texture": "#4"}
			}
		},
		{
			"name": "hexadecagon",
			"from": [3.53631, 9.5, 6.675],
			"to": [4.06369, 10.2, 7.125],
			"rotation": {"angle": -22.5, "axis": "y", "origin": [3.8, 9.9, 7.9]},
			"faces": {
				"north": {"uv": [2.0625, 0, 13.875, 3.9375], "texture": "#4"},
				"south": {"uv": [0, 0, 16, 8], "texture": "#4"},
				"down": {"uv": [0, 0, 0.125, 0.125], "texture": "#4"}
			}
		},
		{
			"name": "hexadecagon",
			"from": [3.53631, 9.5, 6.675],
			"to": [4.06369, 10.2, 7.125],
			"rotation": {"angle": 0, "axis": "y", "origin": [3.8, 9.9, 7.9]},
			"faces": {
				"north": {"uv": [2.0625, 0, 13.875, 3.9375], "texture": "#4"},
				"south": {"uv": [0, 0, 16, 8], "texture": "#4"}
			}
		},
		{
			"name": "hexadecagon",
			"from": [3.53631, 9.5, 6.675],
			"to": [4.06369, 10.2, 7.125],
			"rotation": {"angle": 22.5, "axis": "y", "origin": [3.8, 9.9, 7.9]},
			"faces": {
				"north": {"uv": [2.0625, 0, 13.875, 3.9375], "texture": "#4"},
				"south": {"uv": [0, 0, 16, 8], "texture": "#4"},
				"down": {"uv": [0, 0, 0.125, 0.125], "texture": "#4"}
			}
		},
		{
			"name": "hexadecagon",
			"from": [3.53631, 9.5, 6.675],
			"to": [4.06369, 10.2, 7.125],
			"rotation": {"angle": 45, "axis": "y", "origin": [3.8, 9.9, 7.9]},
			"faces": {
				"north": {"uv": [2.0625, 0, 13.875, 3.9375], "texture": "#4"},
				"south": {"uv": [0, 0, 16, 8], "texture": "#4"},
				"down": {"uv": [0, 0, 0.125, 0.125], "texture": "#4"}
			}
		},
		{
			"name": "hexadecagon",
			"from": [3.53631, 9.5, 8.675],
			"to": [4.06369, 10.2, 9.125],
			"rotation": {"angle": -45, "axis": "y", "origin": [3.8, 9.9, 7.9]},
			"faces": {
				"north": {"uv": [0, 0, 16, 8], "texture": "#4"},
				"south": {"uv": [2.0625, 0, 13.875, 3.9375], "texture": "#4"},
				"down": {"uv": [0, 0, 0.125, 0.125], "texture": "#4"}
			}
		},
		{
			"name": "hexadecagon",
			"from": [3.53631, 9.5, 8.675],
			"to": [4.06369, 10.2, 9.125],
			"rotation": {"angle": -22.5, "axis": "y", "origin": [3.8, 9.9, 7.9]},
			"faces": {
				"north": {"uv": [0, 0, 16, 8], "texture": "#4"},
				"south": {"uv": [2.0625, 0, 13.875, 3.9375], "texture": "#4"},
				"down": {"uv": [0, 0, 0.125, 0.125], "texture": "#4"}
			}
		},
		{
			"name": "hexadecagon",
			"from": [3.53631, 9.5, 8.675],
			"to": [4.06369, 10.2, 9.125],
			"rotation": {"angle": 0, "axis": "y", "origin": [3.8, 9.9, 7.9]},
			"faces": {
				"north": {"uv": [0, 0, 16, 8], "texture": "#4"},
				"south": {"uv": [2.0625, 0, 13.875, 3.9375], "texture": "#4"}
			}
		},
		{
			"name": "hexadecagon",
			"from": [3.53631, 9.5, 8.675],
			"to": [4.06369, 10.2, 9.125],
			"rotation": {"angle": 22.5, "axis": "y", "origin": [3.8, 9.9, 7.9]},
			"faces": {
				"north": {"uv": [0, 0, 16, 8], "texture": "#4"},
				"south": {"uv": [2.0625, 0, 13.875, 3.9375], "texture": "#4"},
				"down": {"uv": [0, 0, 0.125, 0.125], "texture": "#4"}
			}
		},
		{
			"name": "hexadecagon",
			"from": [3.53631, 9.5, 8.675],
			"to": [4.06369, 10.2, 9.125],
			"rotation": {"angle": 45, "axis": "y", "origin": [3.8, 9.9, 7.9]},
			"faces": {
				"north": {"uv": [0, 0, 16, 8], "texture": "#4"},
				"south": {"uv": [2.0625, 0, 13.875, 3.9375], "texture": "#4"},
				"down": {"uv": [0, 0, 0.125, 0.125], "texture": "#4"}
			}
		},
		{
			"name": "hexadecagon",
			"from": [2.575, 9.5, 7.63631],
			"to": [3.025, 10.2, 8.16369],
			"rotation": {"angle": -22.5, "axis": "y", "origin": [3.8, 9.9, 7.9]},
			"faces": {
				"east": {"uv": [0, 0, 16, 8], "texture": "#4"},
				"west": {"uv": [2.0625, 0, 13.875, 3.9375], "texture": "#4"},
				"down": {"uv": [0, 0, 0.125, 0.125], "texture": "#4"}
			}
		},
		{
			"name": "hexadecagon",
			"from": [2.575, 9.5, 7.63631],
			"to": [3.025, 10.2, 8.16369],
			"rotation": {"angle": 0, "axis": "y", "origin": [3.8, 9.9, 7.9]},
			"faces": {
				"east": {"uv": [0, 0, 16, 8], "texture": "#4"},
				"west": {"uv": [2.0625, 0, 13.875, 3.9375], "texture": "#4"}
			}
		},
		{
			"name": "hexadecagon",
			"from": [2.575, 9.5, 7.63631],
			"to": [3.025, 10.2, 8.16369],
			"rotation": {"angle": 22.5, "axis": "y", "origin": [3.8, 9.9, 7.9]},
			"faces": {
				"east": {"uv": [0, 0, 16, 8], "texture": "#4"},
				"west": {"uv": [2.0625, 0, 13.875, 3.9375], "texture": "#4"},
				"down": {"uv": [0, 0, 0.125, 0.125], "texture": "#4"}
			}
		},
		{
			"name": "hexadecagon",
			"from": [4.575, 9.5, 7.63631],
			"to": [5.025, 10.2, 8.16369],
			"rotation": {"angle": -22.5, "axis": "y", "origin": [3.8, 9.9, 7.9]},
			"faces": {
				"east": {"uv": [2.0625, 0, 13.875, 3.9375], "texture": "#4"},
				"west": {"uv": [0, 0, 16, 8], "texture": "#4"},
				"down": {"uv": [0, 0, 0.125, 0.125], "texture": "#4"}
			}
		},
		{
			"name": "hexadecagon",
			"from": [4.575, 9.5, 7.63631],
			"to": [5.025, 10.2, 8.16369],
			"rotation": {"angle": 0, "axis": "y", "origin": [3.8, 9.9, 7.9]},
			"faces": {
				"east": {"uv": [2.0625, 0, 13.875, 3.9375], "texture": "#4"},
				"west": {"uv": [0, 0, 16, 8], "texture": "#4"}
			}
		},
		{
			"name": "hexadecagon",
			"from": [4.575, 9.5, 7.63631],
			"to": [5.025, 10.2, 8.16369],
			"rotation": {"angle": 22.5, "axis": "y", "origin": [3.8, 9.9, 7.9]},
			"faces": {
				"east": {"uv": [2.0625, 0, 13.875, 3.9375], "texture": "#4"},
				"west": {"uv": [0, 0, 16, 8], "texture": "#4"},
				"down": {"uv": [0, 0, 0.125, 0.125], "texture": "#4"}
			}
		},
		{
			"from": [2.575, 10.2, 6.675],
			"to": [5.025, 10.2, 9.125],
			"rotation": {"angle": 0, "axis": "y", "origin": [-4.2, -0.6, 3.9]},
			"faces": {
				"up": {"uv": [0, 0, 16, 16], "texture": "#5"},
				"down": {"uv": [0, 0, 16, 16], "texture": "#5"}
			}
		},
		{
			"name": "hexadecagon",
			"from": [3.53631, 9.5, 10.675],
			"to": [4.06369, 10.2, 11.125],
			"rotation": {"angle": -45, "axis": "y", "origin": [3.8, 9.9, 11.9]},
			"faces": {
				"north": {"uv": [2.0625, 0, 13.875, 3.9375], "texture": "#4"},
				"south": {"uv": [0, 0, 16, 8], "texture": "#4"},
				"down": {"uv": [0, 0, 0.125, 0.125], "texture": "#4"}
			}
		},
		{
			"name": "hexadecagon",
			"from": [3.53631, 9.5, 10.675],
			"to": [4.06369, 10.2, 11.125],
			"rotation": {"angle": -22.5, "axis": "y", "origin": [3.8, 9.9, 11.9]},
			"faces": {
				"north": {"uv": [2.0625, 0, 13.875, 3.9375], "texture": "#4"},
				"south": {"uv": [0, 0, 16, 8], "texture": "#4"},
				"down": {"uv": [0, 0, 0.125, 0.125], "texture": "#4"}
			}
		},
		{
			"name": "hexadecagon",
			"from": [3.53631, 9.5, 10.675],
			"to": [4.06369, 10.2, 11.125],
			"rotation": {"angle": 0, "axis": "y", "origin": [3.8, 9.9, 11.9]},
			"faces": {
				"north": {"uv": [2.0625, 0, 13.875, 3.9375], "texture": "#4"},
				"south": {"uv": [0, 0, 16, 8], "texture": "#4"}
			}
		},
		{
			"name": "hexadecagon",
			"from": [3.53631, 9.5, 10.675],
			"to": [4.06369, 10.2, 11.125],
			"rotation": {"angle": 22.5, "axis": "y", "origin": [3.8, 9.9, 11.9]},
			"faces": {
				"north": {"uv": [2.0625, 0, 13.875, 3.9375], "texture": "#4"},
				"south": {"uv": [0, 0, 16, 8], "texture": "#4"},
				"down": {"uv": [0, 0, 0.125, 0.125], "texture": "#4"}
			}
		},
		{
			"name": "hexadecagon",
			"from": [3.53631, 9.5, 10.675],
			"to": [4.06369, 10.2, 11.125],
			"rotation": {"angle": 45, "axis": "y", "origin": [3.8, 9.9, 11.9]},
			"faces": {
				"north": {"uv": [2.0625, 0, 13.875, 3.9375], "texture": "#4"},
				"south": {"uv": [0, 0, 16, 8], "texture": "#4"},
				"down": {"uv": [0, 0, 0.125, 0.125], "texture": "#4"}
			}
		},
		{
			"name": "hexadecagon",
			"from": [3.53631, 9.5, 12.675],
			"to": [4.06369, 10.2, 13.125],
			"rotation": {"angle": -45, "axis": "y", "origin": [3.8, 9.9, 11.9]},
			"faces": {
				"north": {"uv": [0, 0, 16, 8], "texture": "#4"},
				"south": {"uv": [2.0625, 0, 13.875, 3.9375], "texture": "#4"},
				"down": {"uv": [0, 0, 0.125, 0.125], "texture": "#4"}
			}
		},
		{
			"name": "hexadecagon",
			"from": [3.53631, 9.5, 12.675],
			"to": [4.06369, 10.2, 13.125],
			"rotation": {"angle": -22.5, "axis": "y", "origin": [3.8, 9.9, 11.9]},
			"faces": {
				"north": {"uv": [0, 0, 16, 8], "texture": "#4"},
				"south": {"uv": [2.0625, 0, 13.875, 3.9375], "texture": "#4"},
				"down": {"uv": [0, 0, 0.125, 0.125], "texture": "#4"}
			}
		},
		{
			"name": "hexadecagon",
			"from": [3.53631, 9.5, 12.675],
			"to": [4.06369, 10.2, 13.125],
			"rotation": {"angle": 0, "axis": "y", "origin": [3.8, 9.9, 11.9]},
			"faces": {
				"north": {"uv": [0, 0, 16, 8], "texture": "#4"},
				"south": {"uv": [2.0625, 0, 13.875, 3.9375], "texture": "#4"}
			}
		},
		{
			"name": "hexadecagon",
			"from": [3.53631, 9.5, 12.675],
			"to": [4.06369, 10.2, 13.125],
			"rotation": {"angle": 22.5, "axis": "y", "origin": [3.8, 9.9, 11.9]},
			"faces": {
				"north": {"uv": [0, 0, 16, 8], "texture": "#4"},
				"south": {"uv": [2.0625, 0, 13.875, 3.9375], "texture": "#4"},
				"down": {"uv": [0, 0, 0.125, 0.125], "texture": "#4"}
			}
		},
		{
			"name": "hexadecagon",
			"from": [3.53631, 9.5, 12.675],
			"to": [4.06369, 10.2, 13.125],
			"rotation": {"angle": 45, "axis": "y", "origin": [3.8, 9.9, 11.9]},
			"faces": {
				"north": {"uv": [0, 0, 16, 8], "texture": "#4"},
				"south": {"uv": [2.0625, 0, 13.875, 3.9375], "texture": "#4"},
				"down": {"uv": [0, 0, 0.125, 0.125], "texture": "#4"}
			}
		},
		{
			"name": "hexadecagon",
			"from": [2.575, 9.5, 11.63631],
			"to": [3.025, 10.2, 12.16369],
			"rotation": {"angle": -22.5, "axis": "y", "origin": [3.8, 9.9, 11.9]},
			"faces": {
				"east": {"uv": [0, 0, 16, 8], "texture": "#4"},
				"west": {"uv": [2.0625, 0, 13.875, 3.9375], "texture": "#4"},
				"down": {"uv": [0, 0, 0.125, 0.125], "texture": "#4"}
			}
		},
		{
			"name": "hexadecagon",
			"from": [2.575, 9.5, 11.63631],
			"to": [3.025, 10.2, 12.16369],
			"rotation": {"angle": 0, "axis": "y", "origin": [3.8, 9.9, 11.9]},
			"faces": {
				"east": {"uv": [0, 0, 16, 8], "texture": "#4"},
				"west": {"uv": [2.0625, 0, 13.875, 3.9375], "texture": "#4"}
			}
		},
		{
			"name": "hexadecagon",
			"from": [2.575, 9.5, 11.63631],
			"to": [3.025, 10.2, 12.16369],
			"rotation": {"angle": 22.5, "axis": "y", "origin": [3.8, 9.9, 11.9]},
			"faces": {
				"east": {"uv": [0, 0, 16, 8], "texture": "#4"},
				"west": {"uv": [2.0625, 0, 13.875, 3.9375], "texture": "#4"},
				"down": {"uv": [0, 0, 0.125, 0.125], "texture": "#4"}
			}
		},
		{
			"name": "hexadecagon",
			"from": [4.575, 9.5, 11.63631],
			"to": [5.025, 10.2, 12.16369],
			"rotation": {"angle": -22.5, "axis": "y", "origin": [3.8, 9.9, 11.9]},
			"faces": {
				"east": {"uv": [2.0625, 0, 13.875, 3.9375], "texture": "#4"},
				"west": {"uv": [0, 0, 16, 8], "texture": "#4"},
				"down": {"uv": [0, 0, 0.125, 0.125], "texture": "#4"}
			}
		},
		{
			"name": "hexadecagon",
			"from": [4.575, 9.5, 11.63631],
			"to": [5.025, 10.2, 12.16369],
			"rotation": {"angle": 0, "axis": "y", "origin": [3.8, 9.9, 11.9]},
			"faces": {
				"east": {"uv": [2.0625, 0, 13.875, 3.9375], "texture": "#4"},
				"west": {"uv": [0, 0, 16, 8], "texture": "#4"}
			}
		},
		{
			"name": "hexadecagon",
			"from": [4.575, 9.5, 11.63631],
			"to": [5.025, 10.2, 12.16369],
			"rotation": {"angle": 22.5, "axis": "y", "origin": [3.8, 9.9, 11.9]},
			"faces": {
				"east": {"uv": [2.0625, 0, 13.875, 3.9375], "texture": "#4"},
				"west": {"uv": [0, 0, 16, 8], "texture": "#4"},
				"down": {"uv": [0, 0, 0.125, 0.125], "texture": "#4"}
			}
		},
		{
			"from": [2.575, 10.2, 10.675],
			"to": [5.025, 10.2, 13.125],
			"rotation": {"angle": 0, "axis": "y", "origin": [-4.2, -0.6, 7.9]},
			"faces": {
				"up": {"uv": [0, 0, 16, 16], "texture": "#5"},
				"down": {"uv": [0, 0, 16, 16], "texture": "#5"}
			}
		},
		{
			"name": "hexadecagon",
			"from": [7.53631, 9.5, 10.675],
			"to": [8.06369, 10.2, 11.125],
			"rotation": {"angle": -45, "axis": "y", "origin": [7.8, 9.9, 11.9]},
			"faces": {
				"north": {"uv": [2.0625, 0, 13.875, 3.9375], "texture": "#4"},
				"south": {"uv": [0, 0, 16, 8], "texture": "#4"},
				"down": {"uv": [0, 0, 0.125, 0.125], "texture": "#4"}
			}
		},
		{
			"name": "hexadecagon",
			"from": [7.53631, 9.5, 10.675],
			"to": [8.06369, 10.2, 11.125],
			"rotation": {"angle": -22.5, "axis": "y", "origin": [7.8, 9.9, 11.9]},
			"faces": {
				"north": {"uv": [2.0625, 0, 13.875, 3.9375], "texture": "#4"},
				"south": {"uv": [0, 0, 16, 8], "texture": "#4"},
				"down": {"uv": [0, 0, 0.125, 0.125], "texture": "#4"}
			}
		},
		{
			"name": "hexadecagon",
			"from": [7.53631, 9.5, 10.675],
			"to": [8.06369, 10.2, 11.125],
			"rotation": {"angle": 0, "axis": "y", "origin": [7.8, 9.9, 11.9]},
			"faces": {
				"north": {"uv": [2.0625, 0, 13.875, 3.9375], "texture": "#4"},
				"south": {"uv": [0, 0, 16, 8], "texture": "#4"}
			}
		},
		{
			"name": "hexadecagon",
			"from": [7.53631, 9.5, 10.675],
			"to": [8.06369, 10.2, 11.125],
			"rotation": {"angle": 22.5, "axis": "y", "origin": [7.8, 9.9, 11.9]},
			"faces": {
				"north": {"uv": [2.0625, 0, 13.875, 3.9375], "texture": "#4"},
				"south": {"uv": [0, 0, 16, 8], "texture": "#4"},
				"down": {"uv": [0, 0, 0.125, 0.125], "texture": "#4"}
			}
		},
		{
			"name": "hexadecagon",
			"from": [7.53631, 9.5, 10.675],
			"to": [8.06369, 10.2, 11.125],
			"rotation": {"angle": 45, "axis": "y", "origin": [7.8, 9.9, 11.9]},
			"faces": {
				"north": {"uv": [2.0625, 0, 13.875, 3.9375], "texture": "#4"},
				"south": {"uv": [0, 0, 16, 8], "texture": "#4"},
				"down": {"uv": [0, 0, 0.125, 0.125], "texture": "#4"}
			}
		},
		{
			"name": "hexadecagon",
			"from": [7.53631, 9.5, 12.675],
			"to": [8.06369, 10.2, 13.125],
			"rotation": {"angle": -45, "axis": "y", "origin": [7.8, 9.9, 11.9]},
			"faces": {
				"north": {"uv": [0, 0, 16, 8], "texture": "#4"},
				"south": {"uv": [2.0625, 0, 13.875, 3.9375], "texture": "#4"},
				"down": {"uv": [0, 0, 0.125, 0.125], "texture": "#4"}
			}
		},
		{
			"name": "hexadecagon",
			"from": [7.53631, 9.5, 12.675],
			"to": [8.06369, 10.2, 13.125],
			"rotation": {"angle": -22.5, "axis": "y", "origin": [7.8, 9.9, 11.9]},
			"faces": {
				"north": {"uv": [0, 0, 16, 8], "texture": "#4"},
				"south": {"uv": [2.0625, 0, 13.875, 3.9375], "texture": "#4"},
				"down": {"uv": [0, 0, 0.125, 0.125], "texture": "#4"}
			}
		},
		{
			"name": "hexadecagon",
			"from": [7.53631, 9.5, 12.675],
			"to": [8.06369, 10.2, 13.125],
			"rotation": {"angle": 0, "axis": "y", "origin": [7.8, 9.9, 11.9]},
			"faces": {
				"north": {"uv": [0, 0, 16, 8], "texture": "#4"},
				"south": {"uv": [2.0625, 0, 13.875, 3.9375], "texture": "#4"}
			}
		},
		{
			"name": "hexadecagon",
			"from": [7.53631, 9.5, 12.675],
			"to": [8.06369, 10.2, 13.125],
			"rotation": {"angle": 22.5, "axis": "y", "origin": [7.8, 9.9, 11.9]},
			"faces": {
				"north": {"uv": [0, 0, 16, 8], "texture": "#4"},
				"south": {"uv": [2.0625, 0, 13.875, 3.9375], "texture": "#4"},
				"down": {"uv": [0, 0, 0.125, 0.125], "texture": "#4"}
			}
		},
		{
			"name": "hexadecagon",
			"from": [7.53631, 9.5, 12.675],
			"to": [8.06369, 10.2, 13.125],
			"rotation": {"angle": 45, "axis": "y", "origin": [7.8, 9.9, 11.9]},
			"faces": {
				"north": {"uv": [0, 0, 16, 8], "texture": "#4"},
				"south": {"uv": [2.0625, 0, 13.875, 3.9375], "texture": "#4"},
				"down": {"uv": [0, 0, 0.125, 0.125], "texture": "#4"}
			}
		},
		{
			"name": "hexadecagon",
			"from": [6.575, 9.5, 11.63631],
			"to": [7.025, 10.2, 12.16369],
			"rotation": {"angle": -22.5, "axis": "y", "origin": [7.8, 9.9, 11.9]},
			"faces": {
				"east": {"uv": [0, 0, 16, 8], "texture": "#4"},
				"west": {"uv": [2.0625, 0, 13.875, 3.9375], "texture": "#4"},
				"down": {"uv": [0, 0, 0.125, 0.125], "texture": "#4"}
			}
		},
		{
			"name": "hexadecagon",
			"from": [6.575, 9.5, 11.63631],
			"to": [7.025, 10.2, 12.16369],
			"rotation": {"angle": 0, "axis": "y", "origin": [7.8, 9.9, 11.9]},
			"faces": {
				"east": {"uv": [0, 0, 16, 8], "texture": "#4"},
				"west": {"uv": [2.0625, 0, 13.875, 3.9375], "texture": "#4"}
			}
		},
		{
			"name": "hexadecagon",
			"from": [6.575, 9.5, 11.63631],
			"to": [7.025, 10.2, 12.16369],
			"rotation": {"angle": 22.5, "axis": "y", "origin": [7.8, 9.9, 11.9]},
			"faces": {
				"east": {"uv": [0, 0, 16, 8], "texture": "#4"},
				"west": {"uv": [2.0625, 0, 13.875, 3.9375], "texture": "#4"},
				"down": {"uv": [0, 0, 0.125, 0.125], "texture": "#4"}
			}
		},
		{
			"name": "hexadecagon",
			"from": [8.575, 9.5, 11.63631],
			"to": [9.025, 10.2, 12.16369],
			"rotation": {"angle": -22.5, "axis": "y", "origin": [7.8, 9.9, 11.9]},
			"faces": {
				"east": {"uv": [2.0625, 0, 13.875, 3.9375], "texture": "#4"},
				"west": {"uv": [0, 0, 16, 8], "texture": "#4"},
				"down": {"uv": [0, 0, 0.125, 0.125], "texture": "#4"}
			}
		},
		{
			"name": "hexadecagon",
			"from": [8.575, 9.5, 11.63631],
			"to": [9.025, 10.2, 12.16369],
			"rotation": {"angle": 0, "axis": "y", "origin": [7.8, 9.9, 11.9]},
			"faces": {
				"east": {"uv": [2.0625, 0, 13.875, 3.9375], "texture": "#4"},
				"west": {"uv": [0, 0, 16, 8], "texture": "#4"}
			}
		},
		{
			"name": "hexadecagon",
			"from": [8.575, 9.5, 11.63631],
			"to": [9.025, 10.2, 12.16369],
			"rotation": {"angle": 22.5, "axis": "y", "origin": [7.8, 9.9, 11.9]},
			"faces": {
				"east": {"uv": [2.0625, 0, 13.875, 3.9375], "texture": "#4"},
				"west": {"uv": [0, 0, 16, 8], "texture": "#4"},
				"down": {"uv": [0, 0, 0.125, 0.125], "texture": "#4"}
			}
		},
		{
			"from": [6.575, 10.2, 10.675],
			"to": [9.025, 10.2, 13.125],
			"rotation": {"angle": 0, "axis": "y", "origin": [-0.2, -0.6, 7.9]},
			"faces": {
				"up": {"uv": [0, 0, 16, 16], "texture": "#5"},
				"down": {"uv": [0, 0, 16, 16], "texture": "#5"}
			}
		},
		{
			"name": "hexadecagon",
			"from": [7.53631, 9.5, 6.675],
			"to": [8.06369, 10.2, 7.125],
			"rotation": {"angle": -45, "axis": "y", "origin": [7.8, 9.9, 7.9]},
			"faces": {
				"north": {"uv": [2.0625, 0, 13.875, 3.9375], "texture": "#4"},
				"south": {"uv": [0, 0, 16, 8], "texture": "#4"},
				"down": {"uv": [0, 0, 0.125, 0.125], "texture": "#4"}
			}
		},
		{
			"name": "hexadecagon",
			"from": [7.53631, 9.5, 6.675],
			"to": [8.06369, 10.2, 7.125],
			"rotation": {"angle": -22.5, "axis": "y", "origin": [7.8, 9.9, 7.9]},
			"faces": {
				"north": {"uv": [2.0625, 0, 13.875, 3.9375], "texture": "#4"},
				"south": {"uv": [0, 0, 16, 8], "texture": "#4"},
				"down": {"uv": [0, 0, 0.125, 0.125], "texture": "#4"}
			}
		},
		{
			"name": "hexadecagon",
			"from": [7.53631, 9.5, 6.675],
			"to": [8.06369, 10.2, 7.125],
			"rotation": {"angle": 0, "axis": "y", "origin": [7.8, 9.9, 7.9]},
			"faces": {
				"north": {"uv": [2.0625, 0, 13.875, 3.9375], "texture": "#4"},
				"south": {"uv": [0, 0, 16, 8], "texture": "#4"}
			}
		},
		{
			"name": "hexadecagon",
			"from": [7.53631, 9.5, 6.675],
			"to": [8.06369, 10.2, 7.125],
			"rotation": {"angle": 22.5, "axis": "y", "origin": [7.8, 9.9, 7.9]},
			"faces": {
				"north": {"uv": [2.0625, 0, 13.875, 3.9375], "texture": "#4"},
				"south": {"uv": [0, 0, 16, 8], "texture": "#4"},
				"down": {"uv": [0, 0, 0.125, 0.125], "texture": "#4"}
			}
		},
		{
			"name": "hexadecagon",
			"from": [7.53631, 9.5, 6.675],
			"to": [8.06369, 10.2, 7.125],
			"rotation": {"angle": 45, "axis": "y", "origin": [7.8, 9.9, 7.9]},
			"faces": {
				"north": {"uv": [2.0625, 0, 13.875, 3.9375], "texture": "#4"},
				"south": {"uv": [0, 0, 16, 8], "texture": "#4"},
				"down": {"uv": [0, 0, 0.125, 0.125], "texture": "#4"}
			}
		},
		{
			"name": "hexadecagon",
			"from": [7.53631, 9.5, 8.675],
			"to": [8.06369, 10.2, 9.125],
			"rotation": {"angle": -45, "axis": "y", "origin": [7.8, 9.9, 7.9]},
			"faces": {
				"north": {"uv": [0, 0, 16, 8], "texture": "#4"},
				"south": {"uv": [2.0625, 0, 13.875, 3.9375], "texture": "#4"},
				"down": {"uv": [0, 0, 0.125, 0.125], "texture": "#4"}
			}
		},
		{
			"name": "hexadecagon",
			"from": [7.53631, 9.5, 8.675],
			"to": [8.06369, 10.2, 9.125],
			"rotation": {"angle": -22.5, "axis": "y", "origin": [7.8, 9.9, 7.9]},
			"faces": {
				"north": {"uv": [0, 0, 16, 8], "texture": "#4"},
				"south": {"uv": [2.0625, 0, 13.875, 3.9375], "texture": "#4"},
				"down": {"uv": [0, 0, 0.125, 0.125], "texture": "#4"}
			}
		},
		{
			"name": "hexadecagon",
			"from": [7.53631, 9.5, 8.675],
			"to": [8.06369, 10.2, 9.125],
			"rotation": {"angle": 0, "axis": "y", "origin": [7.8, 9.9, 7.9]},
			"faces": {
				"north": {"uv": [0, 0, 16, 8], "texture": "#4"},
				"south": {"uv": [2.0625, 0, 13.875, 3.9375], "texture": "#4"}
			}
		},
		{
			"name": "hexadecagon",
			"from": [7.53631, 9.5, 8.675],
			"to": [8.06369, 10.2, 9.125],
			"rotation": {"angle": 22.5, "axis": "y", "origin": [7.8, 9.9, 7.9]},
			"faces": {
				"north": {"uv": [0, 0, 16, 8], "texture": "#4"},
				"south": {"uv": [2.0625, 0, 13.875, 3.9375], "texture": "#4"},
				"down": {"uv": [0, 0, 0.125, 0.125], "texture": "#4"}
			}
		},
		{
			"name": "hexadecagon",
			"from": [7.53631, 9.5, 8.675],
			"to": [8.06369, 10.2, 9.125],
			"rotation": {"angle": 45, "axis": "y", "origin": [7.8, 9.9, 7.9]},
			"faces": {
				"north": {"uv": [0, 0, 16, 8], "texture": "#4"},
				"south": {"uv": [2.0625, 0, 13.875, 3.9375], "texture": "#4"},
				"down": {"uv": [0, 0, 0.125, 0.125], "texture": "#4"}
			}
		},
		{
			"name": "hexadecagon",
			"from": [6.575, 9.5, 7.63631],
			"to": [7.025, 10.2, 8.16369],
			"rotation": {"angle": -22.5, "axis": "y", "origin": [7.8, 9.9, 7.9]},
			"faces": {
				"east": {"uv": [0, 0, 16, 8], "texture": "#4"},
				"west": {"uv": [2.0625, 0, 13.875, 3.9375], "texture": "#4"},
				"down": {"uv": [0, 0, 0.125, 0.125], "texture": "#4"}
			}
		},
		{
			"name": "hexadecagon",
			"from": [6.575, 9.5, 7.63631],
			"to": [7.025, 10.2, 8.16369],
			"rotation": {"angle": 0, "axis": "y", "origin": [7.8, 9.9, 7.9]},
			"faces": {
				"east": {"uv": [0, 0, 16, 8], "texture": "#4"},
				"west": {"uv": [2.0625, 0, 13.875, 3.9375], "texture": "#4"}
			}
		},
		{
			"name": "hexadecagon",
			"from": [6.575, 9.5, 7.63631],
			"to": [7.025, 10.2, 8.16369],
			"rotation": {"angle": 22.5, "axis": "y", "origin": [7.8, 9.9, 7.9]},
			"faces": {
				"east": {"uv": [0, 0, 16, 8], "texture": "#4"},
				"west": {"uv": [2.0625, 0, 13.875, 3.9375], "texture": "#4"},
				"down": {"uv": [0, 0, 0.125, 0.125], "texture": "#4"}
			}
		},
		{
			"name": "hexadecagon",
			"from": [8.575, 9.5, 7.63631],
			"to": [9.025, 10.2, 8.16369],
			"rotation": {"angle": -22.5, "axis": "y", "origin": [7.8, 9.9, 7.9]},
			"faces": {
				"east": {"uv": [2.0625, 0, 13.875, 3.9375], "texture": "#4"},
				"west": {"uv": [0, 0, 16, 8], "texture": "#4"},
				"down": {"uv": [0, 0, 0.125, 0.125], "texture": "#4"}
			}
		},
		{
			"name": "hexadecagon",
			"from": [8.575, 9.5, 7.63631],
			"to": [9.025, 10.2, 8.16369],
			"rotation": {"angle": 0, "axis": "y", "origin": [7.8, 9.9, 7.9]},
			"faces": {
				"east": {"uv": [2.0625, 0, 13.875, 3.9375], "texture": "#4"},
				"west": {"uv": [0, 0, 16, 8], "texture": "#4"}
			}
		},
		{
			"name": "hexadecagon",
			"from": [8.575, 9.5, 7.63631],
			"to": [9.025, 10.2, 8.16369],
			"rotation": {"angle": 22.5, "axis": "y", "origin": [7.8, 9.9, 7.9]},
			"faces": {
				"east": {"uv": [2.0625, 0, 13.875, 3.9375], "texture": "#4"},
				"west": {"uv": [0, 0, 16, 8], "texture": "#4"},
				"down": {"uv": [0, 0, 0.125, 0.125], "texture": "#4"}
			}
		},
		{
			"from": [6.575, 10.2, 6.675],
			"to": [9.025, 10.2, 9.125],
			"rotation": {"angle": 0, "axis": "y", "origin": [-0.2, -0.6, 3.9]},
			"faces": {
				"up": {"uv": [0, 0, 16, 16], "texture": "#5"},
				"down": {"uv": [0, 0, 16, 16], "texture": "#5"}
			}
		},
		{
			"from": [7.975, 4.5, 3.975],
			"to": [12.025, 6, 8.025],
			"rotation": {"angle": 0, "axis": "y", "origin": [6.8, 4.5, 3.9]},
			"faces": {
				"north": {"uv": [0, 0, 16, 16], "texture": "#4"},
				"east": {"uv": [0, 0, 16, 16], "texture": "#4"},
				"south": {"uv": [0, 0, 16, 16], "texture": "#4"},
				"west": {"uv": [0, 0, 16, 16], "texture": "#4"},
				"up": {"uv": [0, 0, 16, 16], "texture": "#4"},
				"down": {"uv": [0, 0, 16, 16], "texture": "#4"}
			}
		},
		{
			"from": [8.775, 6.7, 4.775],
			"to": [11.225, 6.7, 7.225],
			"rotation": {"angle": 0, "axis": "y", "origin": [6.8, 4.5, 3.9]},
			"faces": {
				"up": {"uv": [0, 0, 16, 16], "texture": "#6"},
				"down": {"uv": [0, 0, 16, 16], "texture": "#6"}
			}
		},
		{
			"name": "hexadecagon",
			"from": [5.73631, 1.5, 4.775],
			"to": [6.26369, 2.2, 5.225],
			"rotation": {"angle": -45, "axis": "y", "origin": [6, 1.9, 6]},
			"faces": {
				"north": {"uv": [2.0625, 0, 13.875, 3.9375], "texture": "#1"},
				"south": {"uv": [0, 0, 16, 8], "texture": "#1"},
				"down": {"uv": [0, 0, 0.125, 0.125], "texture": "#1"}
			}
		},
		{
			"name": "hexadecagon",
			"from": [5.73631, 1.5, 4.775],
			"to": [6.26369, 2.2, 5.225],
			"rotation": {"angle": -22.5, "axis": "y", "origin": [6, 1.9, 6]},
			"faces": {
				"north": {"uv": [2.0625, 0, 13.875, 3.9375], "texture": "#1"},
				"south": {"uv": [0, 0, 16, 8], "texture": "#1"},
				"down": {"uv": [0, 0, 0.125, 0.125], "texture": "#1"}
			}
		},
		{
			"name": "hexadecagon",
			"from": [5.73631, 1.5, 4.775],
			"to": [6.26369, 2.2, 5.225],
			"rotation": {"angle": 0, "axis": "y", "origin": [6, 1.9, 6]},
			"faces": {
				"north": {"uv": [2.0625, 0, 13.875, 3.9375], "texture": "#1"},
				"south": {"uv": [0, 0, 16, 8], "texture": "#1"}
			}
		},
		{
			"name": "hexadecagon",
			"from": [5.73631, 1.5, 4.775],
			"to": [6.26369, 2.2, 5.225],
			"rotation": {"angle": 22.5, "axis": "y", "origin": [6, 1.9, 6]},
			"faces": {
				"north": {"uv": [2.0625, 0, 13.875, 3.9375], "texture": "#1"},
				"south": {"uv": [0, 0, 16, 8], "texture": "#1"},
				"down": {"uv": [0, 0, 0.125, 0.125], "texture": "#1"}
			}
		},
		{
			"name": "hexadecagon",
			"from": [5.73631, 1.5, 4.775],
			"to": [6.26369, 2.2, 5.225],
			"rotation": {"angle": 45, "axis": "y", "origin": [6, 1.9, 6]},
			"faces": {
				"north": {"uv": [2.0625, 0, 13.875, 3.9375], "texture": "#1"},
				"south": {"uv": [0, 0, 16, 8], "texture": "#1"},
				"down": {"uv": [0, 0, 0.125, 0.125], "texture": "#1"}
			}
		},
		{
			"name": "hexadecagon",
			"from": [5.73631, 1.5, 6.775],
			"to": [6.26369, 2.2, 7.225],
			"rotation": {"angle": -45, "axis": "y", "origin": [6, 1.9, 6]},
			"faces": {
				"north": {"uv": [0, 0, 16, 8], "texture": "#1"},
				"south": {"uv": [2.0625, 0, 13.875, 3.9375], "texture": "#1"},
				"down": {"uv": [0, 0, 0.125, 0.125], "texture": "#1"}
			}
		},
		{
			"name": "hexadecagon",
			"from": [5.73631, 1.5, 6.775],
			"to": [6.26369, 2.2, 7.225],
			"rotation": {"angle": -22.5, "axis": "y", "origin": [6, 1.9, 6]},
			"faces": {
				"north": {"uv": [0, 0, 16, 8], "texture": "#1"},
				"south": {"uv": [2.0625, 0, 13.875, 3.9375], "texture": "#1"},
				"down": {"uv": [0, 0, 0.125, 0.125], "texture": "#1"}
			}
		},
		{
			"name": "hexadecagon",
			"from": [5.73631, 1.5, 6.775],
			"to": [6.26369, 2.2, 7.225],
			"rotation": {"angle": 0, "axis": "y", "origin": [6, 1.9, 6]},
			"faces": {
				"north": {"uv": [0, 0, 16, 8], "texture": "#1"},
				"south": {"uv": [2.0625, 0, 13.875, 3.9375], "texture": "#1"}
			}
		},
		{
			"name": "hexadecagon",
			"from": [5.73631, 1.5, 6.775],
			"to": [6.26369, 2.2, 7.225],
			"rotation": {"angle": 22.5, "axis": "y", "origin": [6, 1.9, 6]},
			"faces": {
				"north": {"uv": [0, 0, 16, 8], "texture": "#1"},
				"south": {"uv": [2.0625, 0, 13.875, 3.9375], "texture": "#1"},
				"down": {"uv": [0, 0, 0.125, 0.125], "texture": "#1"}
			}
		},
		{
			"name": "hexadecagon",
			"from": [5.73631, 1.5, 6.775],
			"to": [6.26369, 2.2, 7.225],
			"rotation": {"angle": 45, "axis": "y", "origin": [6, 1.9, 6]},
			"faces": {
				"north": {"uv": [0, 0, 16, 8], "texture": "#1"},
				"south": {"uv": [2.0625, 0, 13.875, 3.9375], "texture": "#1"},
				"down": {"uv": [0, 0, 0.125, 0.125], "texture": "#1"}
			}
		},
		{
			"name": "hexadecagon",
			"from": [4.775, 1.5, 5.73631],
			"to": [5.225, 2.2, 6.26369],
			"rotation": {"angle": -22.5, "axis": "y", "origin": [6, 1.9, 6]},
			"faces": {
				"east": {"uv": [0, 0, 16, 8], "texture": "#1"},
				"west": {"uv": [2.0625, 0, 13.875, 3.9375], "texture": "#1"},
				"down": {"uv": [0, 0, 0.125, 0.125], "texture": "#1"}
			}
		},
		{
			"name": "hexadecagon",
			"from": [4.775, 1.5, 5.73631],
			"to": [5.225, 2.2, 6.26369],
			"rotation": {"angle": 0, "axis": "y", "origin": [6, 1.9, 6]},
			"faces": {
				"east": {"uv": [0, 0, 16, 8], "texture": "#1"},
				"west": {"uv": [2.0625, 0, 13.875, 3.9375], "texture": "#1"}
			}
		},
		{
			"name": "hexadecagon",
			"from": [4.775, 1.5, 5.73631],
			"to": [5.225, 2.2, 6.26369],
			"rotation": {"angle": 22.5, "axis": "y", "origin": [6, 1.9, 6]},
			"faces": {
				"east": {"uv": [0, 0, 16, 8], "texture": "#1"},
				"west": {"uv": [2.0625, 0, 13.875, 3.9375], "texture": "#1"},
				"down": {"uv": [0, 0, 0.125, 0.125], "texture": "#1"}
			}
		},
		{
			"name": "hexadecagon",
			"from": [6.775, 1.5, 5.73631],
			"to": [7.225, 2.2, 6.26369],
			"rotation": {"angle": -22.5, "axis": "y", "origin": [6, 1.9, 6]},
			"faces": {
				"east": {"uv": [2.0625, 0, 13.875, 3.9375], "texture": "#1"},
				"west": {"uv": [0, 0, 16, 8], "texture": "#1"},
				"down": {"uv": [0, 0, 0.125, 0.125], "texture": "#1"}
			}
		},
		{
			"name": "hexadecagon",
			"from": [6.775, 1.5, 5.73631],
			"to": [7.225, 2.2, 6.26369],
			"rotation": {"angle": 0, "axis": "y", "origin": [6, 1.9, 6]},
			"faces": {
				"east": {"uv": [2.0625, 0, 13.875, 3.9375], "texture": "#1"},
				"west": {"uv": [0, 0, 16, 8], "texture": "#1"}
			}
		},
		{
			"name": "hexadecagon",
			"from": [6.775, 1.5, 5.73631],
			"to": [7.225, 2.2, 6.26369],
			"rotation": {"angle": 22.5, "axis": "y", "origin": [6, 1.9, 6]},
			"faces": {
				"east": {"uv": [2.0625, 0, 13.875, 3.9375], "texture": "#1"},
				"west": {"uv": [0, 0, 16, 8], "texture": "#1"},
				"down": {"uv": [0, 0, 0.125, 0.125], "texture": "#1"}
			}
		},
		{
			"from": [4.775, 2.2, 4.775],
			"to": [7.225, 2.2, 7.225],
			"rotation": {"angle": 0, "axis": "y", "origin": [-2, -8.6, 2]},
			"faces": {
				"up": {"uv": [0, 0, 16, 16], "texture": "#2"},
				"down": {"uv": [0, 0, 16, 16], "texture": "#2"}
			}
		},
		{
			"name": "hexadecagon",
			"from": [9.73631, 1.5, 4.775],
			"to": [10.26369, 2.2, 5.225],
			"rotation": {"angle": -45, "axis": "y", "origin": [10, 1.9, 6]},
			"faces": {
				"north": {"uv": [2.0625, 0, 13.875, 3.9375], "texture": "#1"},
				"south": {"uv": [0, 0, 16, 8], "texture": "#1"},
				"down": {"uv": [0, 0, 0.125, 0.125], "texture": "#1"}
			}
		},
		{
			"name": "hexadecagon",
			"from": [9.73631, 1.5, 4.775],
			"to": [10.26369, 2.2, 5.225],
			"rotation": {"angle": -22.5, "axis": "y", "origin": [10, 1.9, 6]},
			"faces": {
				"north": {"uv": [2.0625, 0, 13.875, 3.9375], "texture": "#1"},
				"south": {"uv": [0, 0, 16, 8], "texture": "#1"},
				"down": {"uv": [0, 0, 0.125, 0.125], "texture": "#1"}
			}
		},
		{
			"name": "hexadecagon",
			"from": [9.73631, 1.5, 4.775],
			"to": [10.26369, 2.2, 5.225],
			"rotation": {"angle": 0, "axis": "y", "origin": [10, 1.9, 6]},
			"faces": {
				"north": {"uv": [2.0625, 0, 13.875, 3.9375], "texture": "#1"},
				"south": {"uv": [0, 0, 16, 8], "texture": "#1"}
			}
		},
		{
			"name": "hexadecagon",
			"from": [9.73631, 1.5, 4.775],
			"to": [10.26369, 2.2, 5.225],
			"rotation": {"angle": 22.5, "axis": "y", "origin": [10, 1.9, 6]},
			"faces": {
				"north": {"uv": [2.0625, 0, 13.875, 3.9375], "texture": "#1"},
				"south": {"uv": [0, 0, 16, 8], "texture": "#1"},
				"down": {"uv": [0, 0, 0.125, 0.125], "texture": "#1"}
			}
		},
		{
			"name": "hexadecagon",
			"from": [9.73631, 1.5, 4.775],
			"to": [10.26369, 2.2, 5.225],
			"rotation": {"angle": 45, "axis": "y", "origin": [10, 1.9, 6]},
			"faces": {
				"north": {"uv": [2.0625, 0, 13.875, 3.9375], "texture": "#1"},
				"south": {"uv": [0, 0, 16, 8], "texture": "#1"},
				"down": {"uv": [0, 0, 0.125, 0.125], "texture": "#1"}
			}
		},
		{
			"name": "hexadecagon",
			"from": [9.73631, 1.5, 6.775],
			"to": [10.26369, 2.2, 7.225],
			"rotation": {"angle": -45, "axis": "y", "origin": [10, 1.9, 6]},
			"faces": {
				"north": {"uv": [0, 0, 16, 8], "texture": "#1"},
				"south": {"uv": [2.0625, 0, 13.875, 3.9375], "texture": "#1"},
				"down": {"uv": [0, 0, 0.125, 0.125], "texture": "#1"}
			}
		},
		{
			"name": "hexadecagon",
			"from": [9.73631, 1.5, 6.775],
			"to": [10.26369, 2.2, 7.225],
			"rotation": {"angle": -22.5, "axis": "y", "origin": [10, 1.9, 6]},
			"faces": {
				"north": {"uv": [0, 0, 16, 8], "texture": "#1"},
				"south": {"uv": [2.0625, 0, 13.875, 3.9375], "texture": "#1"},
				"down": {"uv": [0, 0, 0.125, 0.125], "texture": "#1"}
			}
		},
		{
			"name": "hexadecagon",
			"from": [9.73631, 1.5, 6.775],
			"to": [10.26369, 2.2, 7.225],
			"rotation": {"angle": 0, "axis": "y", "origin": [10, 1.9, 6]},
			"faces": {
				"north": {"uv": [0, 0, 16, 8], "texture": "#1"},
				"south": {"uv": [2.0625, 0, 13.875, 3.9375], "texture": "#1"}
			}
		},
		{
			"name": "hexadecagon",
			"from": [9.73631, 1.5, 6.775],
			"to": [10.26369, 2.2, 7.225],
			"rotation": {"angle": 22.5, "axis": "y", "origin": [10, 1.9, 6]},
			"faces": {
				"north": {"uv": [0, 0, 16, 8], "texture": "#1"},
				"south": {"uv": [2.0625, 0, 13.875, 3.9375], "texture": "#1"},
				"down": {"uv": [0, 0, 0.125, 0.125], "texture": "#1"}
			}
		},
		{
			"name": "hexadecagon",
			"from": [9.73631, 1.5, 6.775],
			"to": [10.26369, 2.2, 7.225],
			"rotation": {"angle": 45, "axis": "y", "origin": [10, 1.9, 6]},
			"faces": {
				"north": {"uv": [0, 0, 16, 8], "texture": "#1"},
				"south": {"uv": [2.0625, 0, 13.875, 3.9375], "texture": "#1"},
				"down": {"uv": [0, 0, 0.125, 0.125], "texture": "#1"}
			}
		},
		{
			"name": "hexadecagon",
			"from": [8.775, 1.5, 5.73631],
			"to": [9.225, 2.2, 6.26369],
			"rotation": {"angle": -22.5, "axis": "y", "origin": [10, 1.9, 6]},
			"faces": {
				"east": {"uv": [0, 0, 16, 8], "texture": "#1"},
				"west": {"uv": [2.0625, 0, 13.875, 3.9375], "texture": "#1"},
				"down": {"uv": [0, 0, 0.125, 0.125], "texture": "#1"}
			}
		},
		{
			"name": "hexadecagon",
			"from": [8.775, 1.5, 5.73631],
			"to": [9.225, 2.2, 6.26369],
			"rotation": {"angle": 0, "axis": "y", "origin": [10, 1.9, 6]},
			"faces": {
				"east": {"uv": [0, 0, 16, 8], "texture": "#1"},
				"west": {"uv": [2.0625, 0, 13.875, 3.9375], "texture": "#1"}
			}
		},
		{
			"name": "hexadecagon",
			"from": [8.775, 1.5, 5.73631],
			"to": [9.225, 2.2, 6.26369],
			"rotation": {"angle": 22.5, "axis": "y", "origin": [10, 1.9, 6]},
			"faces": {
				"east": {"uv": [0, 0, 16, 8], "texture": "#1"},
				"west": {"uv": [2.0625, 0, 13.875, 3.9375], "texture": "#1"},
				"down": {"uv": [0, 0, 0.125, 0.125], "texture": "#1"}
			}
		},
		{
			"name": "hexadecagon",
			"from": [10.775, 1.5, 5.73631],
			"to": [11.225, 2.2, 6.26369],
			"rotation": {"angle": -22.5, "axis": "y", "origin": [10, 1.9, 6]},
			"faces": {
				"east": {"uv": [2.0625, 0, 13.875, 3.9375], "texture": "#1"},
				"west": {"uv": [0, 0, 16, 8], "texture": "#1"},
				"down": {"uv": [0, 0, 0.125, 0.125], "texture": "#1"}
			}
		},
		{
			"name": "hexadecagon",
			"from": [10.775, 1.5, 5.73631],
			"to": [11.225, 2.2, 6.26369],
			"rotation": {"angle": 0, "axis": "y", "origin": [10, 1.9, 6]},
			"faces": {
				"east": {"uv": [2.0625, 0, 13.875, 3.9375], "texture": "#1"},
				"west": {"uv": [0, 0, 16, 8], "texture": "#1"}
			}
		},
		{
			"name": "hexadecagon",
			"from": [10.775, 1.5, 5.73631],
			"to": [11.225, 2.2, 6.26369],
			"rotation": {"angle": 22.5, "axis": "y", "origin": [10, 1.9, 6]},
			"faces": {
				"east": {"uv": [2.0625, 0, 13.875, 3.9375], "texture": "#1"},
				"west": {"uv": [0, 0, 16, 8], "texture": "#1"},
				"down": {"uv": [0, 0, 0.125, 0.125], "texture": "#1"}
			}
		},
		{
			"from": [8.775, 2.2, 4.775],
			"to": [11.225, 2.2, 7.225],
			"rotation": {"angle": 0, "axis": "y", "origin": [2, -8.6, 2]},
			"faces": {
				"up": {"uv": [0, 0, 16, 16], "texture": "#2"},
				"down": {"uv": [0, 0, 16, 16], "texture": "#2"}
			}
		},
		{
			"name": "hexadecagon",
			"from": [9.73631, 1.5, 8.775],
			"to": [10.26369, 2.2, 9.225],
			"rotation": {"angle": -45, "axis": "y", "origin": [10, 1.9, 10]},
			"faces": {
				"north": {"uv": [2.0625, 0, 13.875, 3.9375], "texture": "#1"},
				"south": {"uv": [0, 0, 16, 8], "texture": "#1"},
				"down": {"uv": [0, 0, 0.125, 0.125], "texture": "#1"}
			}
		},
		{
			"name": "hexadecagon",
			"from": [9.73631, 1.5, 8.775],
			"to": [10.26369, 2.2, 9.225],
			"rotation": {"angle": -22.5, "axis": "y", "origin": [10, 1.9, 10]},
			"faces": {
				"north": {"uv": [2.0625, 0, 13.875, 3.9375], "texture": "#1"},
				"south": {"uv": [0, 0, 16, 8], "texture": "#1"},
				"down": {"uv": [0, 0, 0.125, 0.125], "texture": "#1"}
			}
		},
		{
			"name": "hexadecagon",
			"from": [9.73631, 1.5, 8.775],
			"to": [10.26369, 2.2, 9.225],
			"rotation": {"angle": 0, "axis": "y", "origin": [10, 1.9, 10]},
			"faces": {
				"north": {"uv": [2.0625, 0, 13.875, 3.9375], "texture": "#1"},
				"south": {"uv": [0, 0, 16, 8], "texture": "#1"}
			}
		},
		{
			"name": "hexadecagon",
			"from": [9.73631, 1.5, 8.775],
			"to": [10.26369, 2.2, 9.225],
			"rotation": {"angle": 22.5, "axis": "y", "origin": [10, 1.9, 10]},
			"faces": {
				"north": {"uv": [2.0625, 0, 13.875, 3.9375], "texture": "#1"},
				"south": {"uv": [0, 0, 16, 8], "texture": "#1"},
				"down": {"uv": [0, 0, 0.125, 0.125], "texture": "#1"}
			}
		},
		{
			"name": "hexadecagon",
			"from": [9.73631, 1.5, 8.775],
			"to": [10.26369, 2.2, 9.225],
			"rotation": {"angle": 45, "axis": "y", "origin": [10, 1.9, 10]},
			"faces": {
				"north": {"uv": [2.0625, 0, 13.875, 3.9375], "texture": "#1"},
				"south": {"uv": [0, 0, 16, 8], "texture": "#1"},
				"down": {"uv": [0, 0, 0.125, 0.125], "texture": "#1"}
			}
		},
		{
			"name": "hexadecagon",
			"from": [9.73631, 1.5, 10.775],
			"to": [10.26369, 2.2, 11.225],
			"rotation": {"angle": -45, "axis": "y", "origin": [10, 1.9, 10]},
			"faces": {
				"north": {"uv": [0, 0, 16, 8], "texture": "#1"},
				"south": {"uv": [2.0625, 0, 13.875, 3.9375], "texture": "#1"},
				"down": {"uv": [0, 0, 0.125, 0.125], "texture": "#1"}
			}
		},
		{
			"name": "hexadecagon",
			"from": [9.73631, 1.5, 10.775],
			"to": [10.26369, 2.2, 11.225],
			"rotation": {"angle": -22.5, "axis": "y", "origin": [10, 1.9, 10]},
			"faces": {
				"north": {"uv": [0, 0, 16, 8], "texture": "#1"},
				"south": {"uv": [2.0625, 0, 13.875, 3.9375], "texture": "#1"},
				"down": {"uv": [0, 0, 0.125, 0.125], "texture": "#1"}
			}
		},
		{
			"name": "hexadecagon",
			"from": [9.73631, 1.5, 10.775],
			"to": [10.26369, 2.2, 11.225],
			"rotation": {"angle": 0, "axis": "y", "origin": [10, 1.9, 10]},
			"faces": {
				"north": {"uv": [0, 0, 16, 8], "texture": "#1"},
				"south": {"uv": [2.0625, 0, 13.875, 3.9375], "texture": "#1"}
			}
		},
		{
			"name": "hexadecagon",
			"from": [9.73631, 1.5, 10.775],
			"to": [10.26369, 2.2, 11.225],
			"rotation": {"angle": 22.5, "axis": "y", "origin": [10, 1.9, 10]},
			"faces": {
				"north": {"uv": [0, 0, 16, 8], "texture": "#1"},
				"south": {"uv": [2.0625, 0, 13.875, 3.9375], "texture": "#1"},
				"down": {"uv": [0, 0, 0.125, 0.125], "texture": "#1"}
			}
		},
		{
			"name": "hexadecagon",
			"from": [9.73631, 1.5, 10.775],
			"to": [10.26369, 2.2, 11.225],
			"rotation": {"angle": 45, "axis": "y", "origin": [10, 1.9, 10]},
			"faces": {
				"north": {"uv": [0, 0, 16, 8], "texture": "#1"},
				"south": {"uv": [2.0625, 0, 13.875, 3.9375], "texture": "#1"},
				"down": {"uv": [0, 0, 0.125, 0.125], "texture": "#1"}
			}
		},
		{
			"name": "hexadecagon",
			"from": [8.775, 1.5, 9.73631],
			"to": [9.225, 2.2, 10.26369],
			"rotation": {"angle": -22.5, "axis": "y", "origin": [10, 1.9, 10]},
			"faces": {
				"east": {"uv": [0, 0, 16, 8], "texture": "#1"},
				"west": {"uv": [2.0625, 0, 13.875, 3.9375], "texture": "#1"},
				"down": {"uv": [0, 0, 0.125, 0.125], "texture": "#1"}
			}
		},
		{
			"name": "hexadecagon",
			"from": [8.775, 1.5, 9.73631],
			"to": [9.225, 2.2, 10.26369],
			"rotation": {"angle": 0, "axis": "y", "origin": [10, 1.9, 10]},
			"faces": {
				"east": {"uv": [0, 0, 16, 8], "texture": "#1"},
				"west": {"uv": [2.0625, 0, 13.875, 3.9375], "texture": "#1"}
			}
		},
		{
			"name": "hexadecagon",
			"from": [8.775, 1.5, 9.73631],
			"to": [9.225, 2.2, 10.26369],
			"rotation": {"angle": 22.5, "axis": "y", "origin": [10, 1.9, 10]},
			"faces": {
				"east": {"uv": [0, 0, 16, 8], "texture": "#1"},
				"west": {"uv": [2.0625, 0, 13.875, 3.9375], "texture": "#1"},
				"down": {"uv": [0, 0, 0.125, 0.125], "texture": "#1"}
			}
		},
		{
			"name": "hexadecagon",
			"from": [10.775, 1.5, 9.73631],
			"to": [11.225, 2.2, 10.26369],
			"rotation": {"angle": -22.5, "axis": "y", "origin": [10, 1.9, 10]},
			"faces": {
				"east": {"uv": [2.0625, 0, 13.875, 3.9375], "texture": "#1"},
				"west": {"uv": [0, 0, 16, 8], "texture": "#1"},
				"down": {"uv": [0, 0, 0.125, 0.125], "texture": "#1"}
			}
		},
		{
			"name": "hexadecagon",
			"from": [10.775, 1.5, 9.73631],
			"to": [11.225, 2.2, 10.26369],
			"rotation": {"angle": 0, "axis": "y", "origin": [10, 1.9, 10]},
			"faces": {
				"east": {"uv": [2.0625, 0, 13.875, 3.9375], "texture": "#1"},
				"west": {"uv": [0, 0, 16, 8], "texture": "#1"}
			}
		},
		{
			"name": "hexadecagon",
			"from": [10.775, 1.5, 9.73631],
			"to": [11.225, 2.2, 10.26369],
			"rotation": {"angle": 22.5, "axis": "y", "origin": [10, 1.9, 10]},
			"faces": {
				"east": {"uv": [2.0625, 0, 13.875, 3.9375], "texture": "#1"},
				"west": {"uv": [0, 0, 16, 8], "texture": "#1"},
				"down": {"uv": [0, 0, 0.125, 0.125], "texture": "#1"}
			}
		},
		{
			"from": [8.775, 2.2, 8.775],
			"to": [11.225, 2.2, 11.225],
			"rotation": {"angle": 0, "axis": "y", "origin": [2, -8.6, 6]},
			"faces": {
				"up": {"uv": [0, 0, 16, 16], "texture": "#2"},
				"down": {"uv": [0, 0, 16, 16], "texture": "#2"}
			}
		},
		{
			"from": [3.975, 0, 3.975],
			"to": [12.025, 1.5, 12.025],
			"rotation": {"angle": 0, "axis": "y", "origin": [6.8, 4.5, 3.9]},
			"faces": {
				"north": {"uv": [0, 0, 16, 16], "texture": "#1"},
				"east": {"uv": [0, 0, 16, 16], "texture": "#1"},
				"south": {"uv": [0, 0, 16, 16], "texture": "#1"},
				"west": {"uv": [0, 0, 16, 16], "texture": "#1"},
				"up": {"uv": [0, 0, 16, 16], "texture": "#1"},
				"down": {"uv": [0, 0, 16, 16], "texture": "#1"}
			}
		},
		{
			"name": "hexadecagon",
			"from": [9.81587, 1.9, 5.175],
			"to": [10.18413, 4.5, 6.825],
			"rotation": {"angle": -45, "axis": "y", "origin": [10, 3, 6]},
			"faces": {
				"north": {"uv": [1, 0, 15, 8], "texture": "#0"},
				"south": {"uv": [1, 0, 15, 8], "texture": "#0"},
				"up": {"uv": [0, 0, 0.0625, 0.0625], "texture": "#0"},
				"down": {"uv": [0, 0, 0.0625, 0.0625], "texture": "#0"}
			}
		},
		{
			"name": "hexadecagon",
			"from": [9.81587, 1.9, 5.175],
			"to": [10.18413, 4.5, 6.825],
			"rotation": {"angle": -22.5, "axis": "y", "origin": [10, 3, 6]},
			"faces": {
				"north": {"uv": [1, 0, 15, 8], "texture": "#0"},
				"south": {"uv": [1, 0, 15, 8], "texture": "#0"},
				"up": {"uv": [0, 0, 0.0625, 0.0625], "texture": "#0"},
				"down": {"uv": [0, 0, 0.0625, 0.0625], "texture": "#0"}
			}
		},
		{
			"name": "hexadecagon",
			"from": [9.81587, 1.9, 5.175],
			"to": [10.18413, 4.5, 6.825],
			"rotation": {"angle": 0, "axis": "y", "origin": [10, 3, 6]},
			"faces": {
				"north": {"uv": [1, 0, 15, 8], "texture": "#0"},
				"south": {"uv": [1, 0, 15, 8], "texture": "#0"},
				"down": {"uv": [0, 0, 0.0625, 0.0625], "texture": "#0"}
			}
		},
		{
			"name": "hexadecagon",
			"from": [9.81587, 1.9, 5.175],
			"to": [10.18413, 4.5, 6.825],
			"rotation": {"angle": 22.5, "axis": "y", "origin": [10, 3, 6]},
			"faces": {
				"north": {"uv": [1, 0, 15, 8], "texture": "#0"},
				"south": {"uv": [1, 0, 15, 8], "texture": "#0"},
				"up": {"uv": [0, 0, 0.0625, 0.0625], "texture": "#0"},
				"down": {"uv": [0, 0, 0.0625, 0.0625], "texture": "#0"}
			}
		},
		{
			"name": "hexadecagon",
			"from": [9.81587, 1.9, 5.175],
			"to": [10.18413, 4.5, 6.825],
			"rotation": {"angle": 45, "axis": "y", "origin": [10, 3, 6]},
			"faces": {
				"north": {"uv": [1, 0, 15, 8], "texture": "#0"},
				"south": {"uv": [1, 0, 15, 8], "texture": "#0"},
				"up": {"uv": [0, 0, 0.0625, 0.0625], "texture": "#0"},
				"down": {"uv": [0, 0, 0.0625, 0.0625], "texture": "#0"}
			}
		},
		{
			"name": "hexadecagon",
			"from": [9.175, 1.9, 5.81587],
			"to": [10.825, 4.5, 6.18413],
			"rotation": {"angle": -22.5, "axis": "y", "origin": [10, 3, 6]},
			"faces": {
				"east": {"uv": [1, 0, 15, 8], "texture": "#0"},
				"west": {"uv": [1, 0, 15, 8], "texture": "#0"},
				"up": {"uv": [0, 0, 0.0625, 0.0625], "texture": "#0"},
				"down": {"uv": [0, 0, 0.0625, 0.0625], "texture": "#0"}
			}
		},
		{
			"name": "hexadecagon",
			"from": [9.175, 1.9, 5.81587],
			"to": [10.825, 4.5, 6.18413],
			"rotation": {"angle": 0, "axis": "y", "origin": [10, 3, 6]},
			"faces": {
				"east": {"uv": [1, 0, 15, 8], "texture": "#0"},
				"west": {"uv": [1, 0, 15, 8], "texture": "#0"},
				"down": {"uv": [0, 0, 0.0625, 0.0625], "texture": "#0"}
			}
		},
		{
			"name": "hexadecagon",
			"from": [9.175, 1.9, 5.81587],
			"to": [10.825, 4.5, 6.18413],
			"rotation": {"angle": 22.5, "axis": "y", "origin": [10, 3, 6]},
			"faces": {
				"east": {"uv": [1, 0, 15, 8], "texture": "#0"},
				"west": {"uv": [1, 0, 15, 8], "texture": "#0"},
				"up": {"uv": [0, 0, 0.0625, 0.0625], "texture": "#0"},
				"down": {"uv": [0, 0, 0.0625, 0.0625], "texture": "#0"}
			}
		},
		{
			"name": "hexadecagon",
			"from": [5.81587, 5.1, 9.175],
			"to": [6.18413, 8, 10.825],
			"rotation": {"angle": -45, "axis": "y", "origin": [6, 6.5, 10]},
			"faces": {
				"north": {"uv": [1, 0, 15, 8], "texture": "#0"},
				"south": {"uv": [1, 0, 15, 8], "texture": "#0"}
			}
		},
		{
			"name": "hexadecagon",
			"from": [5.81587, 5.1, 9.175],
			"to": [6.18413, 8, 10.825],
			"rotation": {"angle": -22.5, "axis": "y", "origin": [6, 6.5, 10]},
			"faces": {
				"north": {"uv": [1, 0, 15, 8], "texture": "#0"},
				"south": {"uv": [1, 0, 15, 8], "texture": "#0"}
			}
		},
		{
			"name": "hexadecagon",
			"from": [5.81587, 5.1, 9.175],
			"to": [6.18413, 8, 10.825],
			"rotation": {"angle": 0, "axis": "y", "origin": [6, 6.5, 10]},
			"faces": {
				"north": {"uv": [1, 0, 15, 8], "texture": "#0"},
				"south": {"uv": [1, 0, 15, 8], "texture": "#0"}
			}
		},
		{
			"name": "hexadecagon",
			"from": [5.81587, 5.1, 9.175],
			"to": [6.18413, 8, 10.825],
			"rotation": {"angle": 22.5, "axis": "y", "origin": [6, 6.5, 10]},
			"faces": {
				"north": {"uv": [1, 0, 15, 8], "texture": "#0"},
				"south": {"uv": [1, 0, 15, 8], "texture": "#0"}
			}
		},
		{
			"name": "hexadecagon",
			"from": [5.81587, 5.1, 9.175],
			"to": [6.18413, 8, 10.825],
			"rotation": {"angle": 45, "axis": "y", "origin": [6, 6.5, 10]},
			"faces": {
				"north": {"uv": [1, 0, 15, 8], "texture": "#0"},
				"south": {"uv": [1, 0, 15, 8], "texture": "#0"}
			}
		},
		{
			"name": "hexadecagon",
			"from": [5.175, 5.1, 9.81587],
			"to": [6.825, 8, 10.18413],
			"rotation": {"angle": -22.5, "axis": "y", "origin": [6, 6.5, 10]},
			"faces": {
				"east": {"uv": [1, 0, 15, 8], "texture": "#0"},
				"west": {"uv": [1, 0, 15, 8], "texture": "#0"}
			}
		},
		{
			"name": "hexadecagon",
			"from": [5.175, 5.1, 9.81587],
			"to": [6.825, 8, 10.18413],
			"rotation": {"angle": 0, "axis": "y", "origin": [6, 6.5, 10]},
			"faces": {
				"east": {"uv": [1, 0, 15, 8], "texture": "#0"},
				"west": {"uv": [1, 0, 15, 8], "texture": "#0"}
			}
		},
		{
			"name": "hexadecagon",
			"from": [5.175, 5.1, 9.81587],
			"to": [6.825, 8, 10.18413],
			"rotation": {"angle": 22.5, "axis": "y", "origin": [6, 6.5, 10]},
			"faces": {
				"east": {"uv": [1, 0, 15, 8], "texture": "#0"},
				"west": {"uv": [1, 0, 15, 8], "texture": "#0"}
			}
		},
		{
			"name": "hexadecagon",
			"from": [5.77609, 2.7, 8.975],
			"to": [6.22391, 5.1, 11.025],
			"rotation": {"angle": -45, "axis": "y", "origin": [6, 4.1, 10]},
			"faces": {
				"north": {"uv": [1, 0, 15, 8], "texture": "#0"},
				"south": {"uv": [1, 0, 15, 8], "texture": "#0"}
			}
		},
		{
			"name": "hexadecagon",
			"from": [5.77609, 2.7, 8.975],
			"to": [6.22391, 5.1, 11.025],
			"rotation": {"angle": -22.5, "axis": "y", "origin": [6, 4.1, 10]},
			"faces": {
				"north": {"uv": [1, 0, 15, 8], "texture": "#0"},
				"south": {"uv": [1, 0, 15, 8], "texture": "#0"}
			}
		},
		{
			"name": "hexadecagon",
			"from": [5.77609, 2.7, 8.975],
			"to": [6.22391, 5.1, 11.025],
			"rotation": {"angle": 0, "axis": "y", "origin": [6, 4.1, 10]},
			"faces": {
				"north": {"uv": [1, 0, 15, 8], "texture": "#0"},
				"south": {"uv": [1, 0, 15, 8], "texture": "#0"}
			}
		},
		{
			"name": "hexadecagon",
			"from": [5.77609, 2.7, 8.975],
			"to": [6.22391, 5.1, 11.025],
			"rotation": {"angle": 22.5, "axis": "y", "origin": [6, 4.1, 10]},
			"faces": {
				"north": {"uv": [1, 0, 15, 8], "texture": "#0"},
				"south": {"uv": [1, 0, 15, 8], "texture": "#0"}
			}
		},
		{
			"name": "hexadecagon",
			"from": [5.77609, 2.7, 8.975],
			"to": [6.22391, 5.1, 11.025],
			"rotation": {"angle": 45, "axis": "y", "origin": [6, 4.1, 10]},
			"faces": {
				"north": {"uv": [1, 0, 15, 8], "texture": "#0"},
				"south": {"uv": [1, 0, 15, 8], "texture": "#0"}
			}
		},
		{
			"name": "hexadecagon",
			"from": [4.975, 2.7, 9.77609],
			"to": [7.025, 5.1, 10.22391],
			"rotation": {"angle": -22.5, "axis": "y", "origin": [6, 4.1, 10]},
			"faces": {
				"east": {"uv": [1, 0, 15, 8], "texture": "#0"},
				"west": {"uv": [1, 0, 15, 8], "texture": "#0"}
			}
		},
		{
			"name": "hexadecagon",
			"from": [4.975, 2.7, 9.77609],
			"to": [7.025, 5.1, 10.22391],
			"rotation": {"angle": 0, "axis": "y", "origin": [6, 4.1, 10]},
			"faces": {
				"east": {"uv": [1, 0, 15, 8], "texture": "#0"},
				"west": {"uv": [1, 0, 15, 8], "texture": "#0"}
			}
		},
		{
			"name": "hexadecagon",
			"from": [4.975, 2.7, 9.77609],
			"to": [7.025, 5.1, 10.22391],
			"rotation": {"angle": 22.5, "axis": "y", "origin": [6, 4.1, 10]},
			"faces": {
				"east": {"uv": [1, 0, 15, 8], "texture": "#0"},
				"west": {"uv": [1, 0, 15, 8], "texture": "#0"}
			}
		},
		{
			"name": "hexadecagon",
			"from": [5.69652, 1.5, 8.575],
			"to": [6.30348, 2.7, 11.425],
			"rotation": {"angle": -45, "axis": "y", "origin": [6, 2, 10]},
			"faces": {
				"north": {"uv": [1, 0, 15, 8], "texture": "#0"},
				"south": {"uv": [1, 0, 15, 8], "texture": "#0"},
				"down": {"uv": [0, 0, 0.0625, 0.0625], "texture": "#0"}
			}
		},
		{
			"name": "hexadecagon",
			"from": [5.69652, 1.5, 8.575],
			"to": [6.30348, 2.7, 11.425],
			"rotation": {"angle": -22.5, "axis": "y", "origin": [6, 2, 10]},
			"faces": {
				"north": {"uv": [1, 0, 15, 8], "texture": "#0"},
				"south": {"uv": [1, 0, 15, 8], "texture": "#0"},
				"down": {"uv": [0, 0, 0.0625, 0.0625], "texture": "#0"}
			}
		},
		{
			"name": "hexadecagon",
			"from": [5.69652, 1.5, 8.575],
			"to": [6.30348, 2.7, 11.425],
			"rotation": {"angle": 0, "axis": "y", "origin": [6, 2, 10]},
			"faces": {
				"north": {"uv": [1, 0, 15, 8], "texture": "#0"},
				"south": {"uv": [1, 0, 15, 8], "texture": "#0"}
			}
		},
		{
			"name": "hexadecagon",
			"from": [5.69652, 1.5, 8.575],
			"to": [6.30348, 2.7, 11.425],
			"rotation": {"angle": 22.5, "axis": "y", "origin": [6, 2, 10]},
			"faces": {
				"north": {"uv": [1, 0, 15, 8], "texture": "#0"},
				"south": {"uv": [1, 0, 15, 8], "texture": "#0"},
				"down": {"uv": [0, 0, 0.0625, 0.0625], "texture": "#0"}
			}
		},
		{
			"name": "hexadecagon",
			"from": [5.69652, 1.5, 8.575],
			"to": [6.30348, 2.7, 11.425],
			"rotation": {"angle": 45, "axis": "y", "origin": [6, 2, 10]},
			"faces": {
				"north": {"uv": [1, 0, 15, 8], "texture": "#0"},
				"south": {"uv": [1, 0, 15, 8], "texture": "#0"},
				"down": {"uv": [0, 0, 0.0625, 0.0625], "texture": "#0"}
			}
		},
		{
			"name": "hexadecagon",
			"from": [4.575, 1.5, 9.69652],
			"to": [7.425, 2.7, 10.30348],
			"rotation": {"angle": -22.5, "axis": "y", "origin": [6, 2, 10]},
			"faces": {
				"east": {"uv": [1, 0, 15, 8], "texture": "#0"},
				"west": {"uv": [1, 0, 15, 8], "texture": "#0"},
				"down": {"uv": [0, 0, 0.0625, 0.0625], "texture": "#0"}
			}
		},
		{
			"name": "hexadecagon",
			"from": [4.575, 1.5, 9.69652],
			"to": [7.425, 2.7, 10.30348],
			"rotation": {"angle": 0, "axis": "y", "origin": [6, 2, 10]},
			"faces": {
				"east": {"uv": [1, 0, 15, 8], "texture": "#0"},
				"west": {"uv": [1, 0, 15, 8], "texture": "#0"}
			}
		},
		{
			"name": "hexadecagon",
			"from": [4.575, 1.5, 9.69652],
			"to": [7.425, 2.7, 10.30348],
			"rotation": {"angle": 22.5, "axis": "y", "origin": [6, 2, 10]},
			"faces": {
				"east": {"uv": [1, 0, 15, 8], "texture": "#0"},
				"west": {"uv": [1, 0, 15, 8], "texture": "#0"},
				"down": {"uv": [0, 0, 0.0625, 0.0625], "texture": "#0"}
			}
		},
		{
			"from": [4.575, 2.7, 8.575],
			"to": [7.425, 2.7, 11.425],
			"rotation": {"angle": 0, "axis": "y", "origin": [-2, -8.6, 2]},
			"faces": {
				"up": {"uv": [0, 0, 16, 16], "texture": "#3"},
				"down": {"uv": [0, 0, 16, 16], "texture": "#3"}
			}
		},
		{
			"from": [4.975, 5.1, 8.975],
			"to": [7.025, 5.1, 11.025],
			"rotation": {"angle": 0, "axis": "y", "origin": [-2, -8.6, 2]},
			"faces": {
				"up": {"uv": [0, 0, 16, 16], "texture": "#3"},
				"down": {"uv": [0, 0, 16, 16], "texture": "#3"}
			}
		},
		{
			"name": "hexadecagon",
			"from": [9.73631, 6, 4.775],
			"to": [10.26369, 6.7, 7.225],
			"rotation": {"angle": -45, "axis": "y", "origin": [10, 6.5, 6]},
			"faces": {
				"north": {"uv": [1, 0, 15, 8], "texture": "#4"},
				"south": {"uv": [1, 0, 15, 8], "texture": "#4"},
				"down": {"uv": [0, 0, 1, 1], "texture": "#4"}
			}
		},
		{
			"name": "hexadecagon",
			"from": [9.73631, 6, 4.775],
			"to": [10.26369, 6.7, 7.225],
			"rotation": {"angle": -22.5, "axis": "y", "origin": [10, 6.5, 6]},
			"faces": {
				"north": {"uv": [1, 0, 15, 8], "texture": "#4"},
				"south": {"uv": [1, 0, 15, 8], "texture": "#4"},
				"down": {"uv": [0, 0, 1, 1], "texture": "#4"}
			}
		},
		{
			"name": "hexadecagon",
			"from": [9.73631, 6, 4.775],
			"to": [10.26369, 6.7, 7.225],
			"rotation": {"angle": 0, "axis": "y", "origin": [10, 6.5, 6]},
			"faces": {
				"north": {"uv": [1, 0, 15, 8], "texture": "#4"},
				"south": {"uv": [1, 0, 15, 8], "texture": "#4"}
			}
		},
		{
			"name": "hexadecagon",
			"from": [9.73631, 6, 4.775],
			"to": [10.26369, 6.7, 7.225],
			"rotation": {"angle": 22.5, "axis": "y", "origin": [10, 6.5, 6]},
			"faces": {
				"north": {"uv": [1, 0, 15, 8], "texture": "#4"},
				"south": {"uv": [1, 0, 15, 8], "texture": "#4"},
				"down": {"uv": [0, 0, 1, 1], "texture": "#4"}
			}
		},
		{
			"name": "hexadecagon",
			"from": [9.73631, 6, 4.775],
			"to": [10.26369, 6.7, 7.225],
			"rotation": {"angle": 45, "axis": "y", "origin": [10, 6.5, 6]},
			"faces": {
				"north": {"uv": [1, 0, 15, 8], "texture": "#4"},
				"south": {"uv": [1, 0, 15, 8], "texture": "#4"},
				"down": {"uv": [0, 0, 1, 1], "texture": "#4"}
			}
		},
		{
			"name": "hexadecagon",
			"from": [8.775, 6, 5.73631],
			"to": [11.225, 6.7, 6.26369],
			"rotation": {"angle": -22.5, "axis": "y", "origin": [10, 6.5, 6]},
			"faces": {
				"east": {"uv": [1, 0, 15, 8], "texture": "#4"},
				"west": {"uv": [1, 0, 15, 8], "texture": "#4"},
				"down": {"uv": [0, 0, 1, 1], "texture": "#4"}
			}
		},
		{
			"name": "hexadecagon",
			"from": [8.775, 6, 5.73631],
			"to": [11.225, 6.7, 6.26369],
			"rotation": {"angle": 0, "axis": "y", "origin": [10, 6.5, 6]},
			"faces": {
				"east": {"uv": [1, 0, 15, 8], "texture": "#4"},
				"west": {"uv": [1, 0, 15, 8], "texture": "#4"}
			}
		},
		{
			"name": "hexadecagon",
			"from": [8.775, 6, 5.73631],
			"to": [11.225, 6.7, 6.26369],
			"rotation": {"angle": 22.5, "axis": "y", "origin": [10, 6.5, 6]},
			"faces": {
				"east": {"uv": [1, 0, 15, 8], "texture": "#4"},
				"west": {"uv": [1, 0, 15, 8], "texture": "#4"},
				"down": {"uv": [0, 0, 1, 1], "texture": "#4"}
			}
		}
	],
	"display": {
		"thirdperson_righthand": {
			"translation": [0, 2, 0]
		},
		"thirdperson_lefthand": {
			"translation": [0, 1.75, 0]
		},
		"firstperson_righthand": {
			"rotation": [-2, 0, -8],
			"translation": [0, 2.25, 0],
			"scale": [0.65, 0.65, 0.5]
		},
		"firstperson_lefthand": {
			"rotation": [-2, 0, -8],
			"translation": [1, 2.25, 0],
			"scale": [0.65, 0.65, 0.35]
		},
		"ground": {
			"translation": [0, 7.75, 0]
		},
		"gui": {
			"rotation": [0, 45, -45],
			"translation": [-1.25, -2.5, 0],
			"scale": [0.65, 0.65, 0.65]
		},
		"fixed": {
			"rotation": [-90, -135, -90],
			"translation": [1.5, -2, -1.25],
			"scale": [0.61, 0.61, 0.61]
		}
	},
	"groups": [
		{
			"name": "group",
			"origin": [8, 8, 8],
			"color": 0,
			"children": [
				{
					"name": "group",
					"origin": [8, 8, 8],
					"color": 0,
					"children": [
						{
							"name": "group",
							"origin": [0, 0, 0],
							"color": 0,
							"children": [0, 1, 2, 3]
						}
					]
				},
				{
					"name": "hexadecagon",
					"origin": [8, 8, 8],
					"color": 0,
					"children": [4, 5, 6, 7, 8, 9, 10, 11, 12, 13, 14, 15, 16, 17, 18, 19, 20]
				},
				{
					"name": "hexadecagon",
					"origin": [8, 8, 8],
					"color": 0,
					"children": [21, 22, 23, 24, 25, 26, 27, 28, 29, 30, 31, 32, 33, 34, 35, 36, 37]
				},
				{
					"name": "hexadecagon",
					"origin": [8, 8, 8],
					"color": 0,
					"children": [38, 39, 40, 41, 42, 43, 44, 45, 46, 47, 48, 49, 50, 51, 52, 53, 54]
				},
				{
					"name": "hexadecagon",
					"origin": [8, 8, 8],
					"color": 0,
					"children": [55, 56, 57, 58, 59, 60, 61, 62, 63, 64, 65, 66, 67, 68, 69, 70, 71]
				}
			]
		},
		{
			"name": "group",
			"origin": [6.8, 3, 3.9],
			"color": 0,
			"children": [72, 73,
				{
					"name": "hexadecagon",
					"origin": [8, 8, 8],
					"color": 0,
					"children": [74, 75, 76, 77, 78, 79, 80, 81, 82, 83, 84, 85, 86, 87, 88, 89, 90]
				},
				{
					"name": "hexadecagon",
					"origin": [8, 8, 8],
					"color": 0,
					"children": [91, 92, 93, 94, 95, 96, 97, 98, 99, 100, 101, 102, 103, 104, 105, 106, 107]
				},
				{
					"name": "hexadecagon",
					"origin": [8, 8, 8],
					"color": 0,
					"children": [108, 109, 110, 111, 112, 113, 114, 115, 116, 117, 118, 119, 120, 121, 122, 123, 124]
				}
			]
		}, 125,
		{
			"name": "hexadecagon",
			"origin": [8, 8, 8],
			"color": 0,
			"children": [126, 127, 128, 129, 130, 131, 132, 133]
		},
		{
			"name": "hexadecagon",
			"origin": [8, 8, 8],
			"color": 0,
			"children": [134, 135, 136, 137, 138, 139, 140, 141]
		},
		{
			"name": "hexadecagon",
			"origin": [8, 8, 8],
			"color": 0,
			"children": [142, 143, 144, 145, 146, 147, 148, 149]
		},
		{
			"name": "hexadecagon",
			"origin": [8, 8, 8],
			"color": 0,
			"children": [150, 151, 152, 153, 154, 155, 156, 157]
		}, 158, 159,
		{
			"name": "hexadecagon",
			"origin": [8, 8, 8],
			"color": 0,
			"children": [160, 161, 162, 163, 164, 165, 166, 167]
		}
	]
}