{
	"credit": "Made with Blockbench",
	"texture_size": [256, 256],
	"textures": {
		"0": "block/items/light_gray",
		"1": "block/items/light_gray_circle_hollow",
		"2": "block/items/light_gray_2",
		"3": "block/items/cobweb",
		"particle": "block/items/light_gray_circle_hollow"
	},
	"elements": [
		{
			"name": "hexadecagon",
			"from": [5.66, 9.87259, 0.09],
			"to": [6.74, 10.08742, 2.15],
			"rotation": {"angle": -45, "axis": "z", "origin": [6.2, 9.98, 0.44]},
			"faces": {
				"north": {"uv": [0, 0, 0.0625, 0.0625], "texture": "#2"},
				"east": {"uv": [0, 0, 0.0625, 0.0625], "texture": "#2"},
				"south": {"uv": [0, 0, 0.0625, 0.0625], "texture": "#2"},
				"west": {"uv": [0, 0, 0.0625, 0.0625], "texture": "#2"}
			}
		},
		{
			"name": "hexadecagon",
			"from": [5.66, 9.87259, 0.09],
			"to": [6.74, 10.08742, 2.15],
			"rotation": {"angle": -22.5, "axis": "z", "origin": [6.2, 9.98, 0.44]},
			"faces": {
				"north": {"uv": [0, 0, 0.0625, 0.0625], "texture": "#2"},
				"east": {"uv": [0, 0, 0.0625, 0.0625], "texture": "#2"},
				"south": {"uv": [0, 0, 0.0625, 0.0625], "texture": "#2"},
				"west": {"uv": [0, 0, 0.0625, 0.0625], "texture": "#2"}
			}
		},
		{
			"name": "hexadecagon",
			"from": [5.66, 9.87259, 0.09],
			"to": [6.74, 10.08742, 2.15],
			"rotation": {"angle": 0, "axis": "x", "origin": [6.2, 9.98, 0.44]},
			"faces": {
				"east": {"uv": [0, 0, 0.0625, 0.0625], "texture": "#2"},
				"south": {"uv": [0, 0, 0.0625, 0.0625], "texture": "#2"},
				"west": {"uv": [0, 0, 0.0625, 0.0625], "texture": "#2"}
			}
		},
		{
			"name": "hexadecagon",
			"from": [5.66, 9.87259, 0.09],
			"to": [6.74, 10.08742, 2.15],
			"rotation": {"angle": 22.5, "axis": "z", "origin": [6.2, 9.98, 0.44]},
			"faces": {
				"north": {"uv": [0, 0, 0.0625, 0.0625], "texture": "#2"},
				"east": {"uv": [0, 0, 0.0625, 0.0625], "texture": "#2"},
				"south": {"uv": [0, 0, 0.0625, 0.0625], "texture": "#2"},
				"west": {"uv": [0, 0, 0.0625, 0.0625], "texture": "#2"}
			}
		},
		{
			"name": "hexadecagon",
			"from": [5.66, 9.87259, 0.09],
			"to": [6.74, 10.08742, 2.15],
			"rotation": {"angle": 45, "axis": "z", "origin": [6.2, 9.98, 0.44]},
			"faces": {
				"north": {"uv": [0, 0, 0.0625, 0.0625], "texture": "#2"},
				"east": {"uv": [0, 0, 0.0625, 0.0625], "texture": "#2"},
				"south": {"uv": [0, 0, 0.0625, 0.0625], "texture": "#2"},
				"west": {"uv": [0, 0, 0.0625, 0.0625], "texture": "#2"},
				"down": {"uv": [0, 0, 0, 0], "texture": "#2"}
			}
		},
		{
			"name": "hexadecagon",
			"from": [6.09259, 9.44, 0.09],
			"to": [6.30742, 10.52, 2.15],
			"rotation": {"angle": -22.5, "axis": "z", "origin": [6.2, 9.98, 0.44]},
			"faces": {
				"north": {"uv": [0, 0, 0.0625, 0.0625], "texture": "#2"},
				"south": {"uv": [0, 0, 0.0625, 0.0625], "texture": "#2"},
				"west": {"uv": [0, 0, 0, 0], "texture": "#2"},
				"up": {"uv": [0, 0, 0.0625, 0.0625], "rotation": 90, "texture": "#2"},
				"down": {"uv": [0, 0, 0.0625, 0.0625], "rotation": 270, "texture": "#2"}
			}
		},
		{
			"name": "hexadecagon",
			"from": [6.09259, 9.44, 0.09],
			"to": [6.30742, 10.52, 2.15],
			"rotation": {"angle": 0, "axis": "x", "origin": [6.2, 9.98, 0.44]},
			"faces": {
				"south": {"uv": [0, 0, 0.0625, 0.0625], "texture": "#2"},
				"up": {"uv": [0, 0, 0.0625, 0.0625], "rotation": 90, "texture": "#2"},
				"down": {"uv": [0, 0, 0.0625, 0.0625], "rotation": 270, "texture": "#2"}
			}
		},
		{
			"name": "hexadecagon",
			"from": [6.09259, 9.44, 0.09],
			"to": [6.30742, 10.52, 2.15],
			"rotation": {"angle": 22.5, "axis": "z", "origin": [6.2, 9.98, 0.44]},
			"faces": {
				"north": {"uv": [0, 0, 0.0625, 0.0625], "texture": "#2"},
				"south": {"uv": [0, 0, 0.0625, 0.0625], "texture": "#2"},
				"up": {"uv": [0, 0, 0.0625, 0.0625], "rotation": 90, "texture": "#2"},
				"down": {"uv": [0, 0, 0.0625, 0.0625], "rotation": 270, "texture": "#2"}
			}
		},
		{
			"name": "hexadecagon",
			"from": [5.66, 2.94259, 13.67],
			"to": [6.74, 3.15741, 15.29],
			"rotation": {"angle": -45, "axis": "z", "origin": [6.2, 3.05, 13.94]},
			"faces": {
				"north": {"uv": [0, 0, 0.0625, 0.0625], "texture": "#2"},
				"east": {"uv": [0, 0, 0.0625, 0.0625], "texture": "#2"},
				"south": {"uv": [0, 0, 0.0625, 0.0625], "texture": "#2"},
				"west": {"uv": [0, 0, 0.0625, 0.0625], "texture": "#2"},
				"up": {"uv": [0, 0, 0, 0], "texture": "#2"},
				"down": {"uv": [0, 0, 0, 0], "texture": "#2"}
			}
		},
		{
			"name": "hexadecagon",
			"from": [5.66, 2.94259, 13.67],
			"to": [6.74, 3.15741, 15.29],
			"rotation": {"angle": -22.5, "axis": "z", "origin": [6.2, 3.05, 13.94]},
			"faces": {
				"north": {"uv": [0, 0, 0.0625, 0.0625], "texture": "#2"},
				"east": {"uv": [0, 0, 0.0625, 0.0625], "texture": "#2"},
				"south": {"uv": [0, 0, 0.0625, 0.0625], "texture": "#2"},
				"west": {"uv": [0, 0, 0.0625, 0.0625], "texture": "#2"},
				"up": {"uv": [0, 0, 0, 0], "texture": "#2"},
				"down": {"uv": [0, 0, 0, 0], "texture": "#2"}
			}
		},
		{
			"name": "hexadecagon",
			"from": [5.66, 2.94259, 13.67],
			"to": [6.74, 3.15741, 15.29],
			"rotation": {"angle": 0, "axis": "x", "origin": [6.2, 3.05, 13.94]},
			"faces": {
				"north": {"uv": [0, 0, 0.0625, 0.0625], "texture": "#2"},
				"east": {"uv": [0, 0, 0.0625, 0.0625], "texture": "#2"},
				"west": {"uv": [0, 0, 0.0625, 0.0625], "texture": "#2"},
				"up": {"uv": [0, 0, 0, 0], "texture": "#2"},
				"down": {"uv": [0, 0, 0, 0], "texture": "#2"}
			}
		},
		{
			"name": "hexadecagon",
			"from": [5.66, 2.94259, 13.67],
			"to": [6.74, 3.15741, 15.29],
			"rotation": {"angle": 22.5, "axis": "z", "origin": [6.2, 3.05, 13.94]},
			"faces": {
				"north": {"uv": [0, 0, 0.0625, 0.0625], "texture": "#2"},
				"east": {"uv": [0, 0, 0.0625, 0.0625], "texture": "#2"},
				"south": {"uv": [0, 0, 0.0625, 0.0625], "texture": "#2"},
				"west": {"uv": [0, 0, 0.0625, 0.0625], "texture": "#2"},
				"up": {"uv": [0, 0, 0, 0], "texture": "#2"},
				"down": {"uv": [0, 0, 0, 0], "texture": "#2"}
			}
		},
		{
			"name": "hexadecagon",
			"from": [5.66, 2.94259, 13.67],
			"to": [6.74, 3.15741, 15.29],
			"rotation": {"angle": 45, "axis": "z", "origin": [6.2, 3.05, 13.94]},
			"faces": {
				"north": {"uv": [0, 0, 0.0625, 0.0625], "texture": "#2"},
				"east": {"uv": [0, 0, 0.0625, 0.0625], "texture": "#2"},
				"south": {"uv": [0, 0, 0.0625, 0.0625], "texture": "#2"},
				"west": {"uv": [0, 0, 0.0625, 0.0625], "texture": "#2"},
				"up": {"uv": [0, 0, 0, 0], "texture": "#2"},
				"down": {"uv": [0, 0, 0, 0], "texture": "#2"}
			}
		},
		{
			"name": "hexadecagon",
			"from": [6.09259, 2.51, 13.67],
			"to": [6.30742, 3.59, 15.29],
			"rotation": {"angle": -22.5, "axis": "z", "origin": [6.2, 3.05, 13.94]},
			"faces": {
				"north": {"uv": [0, 0, 0.0625, 0.0625], "texture": "#2"},
				"south": {"uv": [0, 0, 0.0625, 0.0625], "texture": "#2"},
				"west": {"uv": [0, 0, 0, 0], "texture": "#2"},
				"up": {"uv": [0, 0, 0.0625, 0.0625], "rotation": 90, "texture": "#2"},
				"down": {"uv": [0, 0, 0.0625, 0.0625], "rotation": 270, "texture": "#2"}
			}
		},
		{
			"name": "hexadecagon",
			"from": [6.09259, 2.51, 13.67],
			"to": [6.30742, 3.59, 15.29],
			"rotation": {"angle": 0, "axis": "x", "origin": [6.2, 3.05, 13.94]},
			"faces": {
				"north": {"uv": [0, 0, 0.0625, 0.0625], "texture": "#2"},
				"up": {"uv": [0, 0, 0.0625, 0.0625], "rotation": 90, "texture": "#2"},
				"down": {"uv": [0, 0, 0.0625, 0.0625], "rotation": 270, "texture": "#2"}
			}
		},
		{
			"name": "hexadecagon",
			"from": [6.09259, 2.51, 13.67],
			"to": [6.30742, 3.59, 15.29],
			"rotation": {"angle": 22.5, "axis": "z", "origin": [6.2, 3.05, 13.94]},
			"faces": {
				"north": {"uv": [0, 0, 0.0625, 0.0625], "texture": "#2"},
				"south": {"uv": [0, 0, 0.0625, 0.0625], "texture": "#2"},
				"west": {"uv": [0, 0, 0, 0], "texture": "#2"},
				"up": {"uv": [0, 0, 0.0625, 0.0625], "rotation": 90, "texture": "#2"},
				"down": {"uv": [0, 0, 0.0625, 0.0625], "rotation": 270, "texture": "#2"}
			}
		},
		{
			"name": "hexadecagon",
			"from": [5.66, 0.35, 6.99259],
			"to": [6.74, 1.97, 7.20742],
			"rotation": {"angle": -45, "axis": "y", "origin": [6.2, 1.7, 7.1]},
			"faces": {
				"north": {"uv": [0, 0, 0, 0], "texture": "#2"},
				"east": {"uv": [0, 0, 0.0625, 0.0625], "texture": "#2"},
				"west": {"uv": [0, 0, 0.0625, 0.0625], "texture": "#2"},
				"up": {"uv": [0, 0, 0.0625, 0.0625], "rotation": 90, "texture": "#2"},
				"down": {"uv": [0, 0, 0.0625, 0.0625], "rotation": 270, "texture": "#2"}
			}
		},
		{
			"name": "hexadecagon",
			"from": [5.66, 0.35, 6.99259],
			"to": [6.74, 1.97, 7.20742],
			"rotation": {"angle": -22.5, "axis": "y", "origin": [6.2, 1.7, 7.1]},
			"faces": {
				"east": {"uv": [0, 0, 0.0625, 0.0625], "texture": "#2"},
				"west": {"uv": [0, 0, 0.0625, 0.0625], "texture": "#2"},
				"up": {"uv": [0, 0, 0.0625, 0.0625], "rotation": 90, "texture": "#2"},
				"down": {"uv": [0, 0, 0.0625, 0.0625], "rotation": 270, "texture": "#2"}
			}
		},
		{
			"name": "hexadecagon",
			"from": [5.66, 0.35, 6.99259],
			"to": [6.74, 1.97, 7.20742],
			"rotation": {"angle": 0, "axis": "y", "origin": [6.2, 1.7, 7.1]},
			"faces": {
				"east": {"uv": [0, 0, 0.0625, 0.0625], "texture": "#2"},
				"west": {"uv": [0, 0, 0.0625, 0.0625], "texture": "#2"},
				"up": {"uv": [0, 0, 0.0625, 0.0625], "rotation": 90, "texture": "#2"}
			}
		},
		{
			"name": "hexadecagon",
			"from": [5.66, 0.35, 6.99259],
			"to": [6.74, 1.97, 7.20742],
			"rotation": {"angle": 22.5, "axis": "y", "origin": [6.2, 1.7, 7.1]},
			"faces": {
				"east": {"uv": [0, 0, 0.0625, 0.0625], "texture": "#2"},
				"west": {"uv": [0, 0, 0.0625, 0.0625], "texture": "#2"},
				"up": {"uv": [0, 0, 0.0625, 0.0625], "rotation": 90, "texture": "#2"},
				"down": {"uv": [0, 0, 0.0625, 0.0625], "rotation": 270, "texture": "#2"}
			}
		},
		{
			"name": "hexadecagon",
			"from": [5.66, 0.35, 6.99259],
			"to": [6.74, 1.97, 7.20742],
			"rotation": {"angle": 45, "axis": "y", "origin": [6.2, 1.7, 7.1]},
			"faces": {
				"east": {"uv": [0, 0, 0.0625, 0.0625], "texture": "#2"},
				"west": {"uv": [0, 0, 0.0625, 0.0625], "texture": "#2"},
				"up": {"uv": [0, 0, 0.0625, 0.0625], "rotation": 90, "texture": "#2"},
				"down": {"uv": [0, 0, 0.0625, 0.0625], "rotation": 270, "texture": "#2"}
			}
		},
		{
			"name": "hexadecagon",
			"from": [6.09259, 0.35, 6.56],
			"to": [6.30742, 1.97, 7.64],
			"rotation": {"angle": -22.5, "axis": "y", "origin": [6.2, 1.7, 7.1]},
			"faces": {
				"north": {"uv": [0, 0, 0.0625, 0.0625], "texture": "#2"},
				"south": {"uv": [0, 0, 0.0625, 0.0625], "texture": "#2"},
				"up": {"uv": [0, 0, 0.0625, 0.0625], "rotation": 90, "texture": "#2"},
				"down": {"uv": [0, 0, 0.0625, 0.0625], "rotation": 270, "texture": "#2"}
			}
		},
		{
			"name": "hexadecagon",
			"from": [6.09259, 0.35, 6.56],
			"to": [6.30742, 1.97, 7.64],
			"rotation": {"angle": 0, "axis": "y", "origin": [6.2, 1.7, 7.1]},
			"faces": {
				"north": {"uv": [0, 0, 0.0625, 0.0625], "texture": "#2"},
				"south": {"uv": [0, 0, 0.0625, 0.0625], "texture": "#2"},
				"up": {"uv": [0, 0, 0.0625, 0.0625], "rotation": 90, "texture": "#2"}
			}
		},
		{
			"name": "hexadecagon",
			"from": [6.09259, 0.35, 6.56],
			"to": [6.30742, 1.97, 7.64],
			"rotation": {"angle": 22.5, "axis": "y", "origin": [6.2, 1.7, 7.1]},
			"faces": {
				"north": {"uv": [0, 0, 0.0625, 0.0625], "texture": "#2"},
				"south": {"uv": [0, 0, 0.0625, 0.0625], "texture": "#2"},
				"west": {"uv": [0, 0, 0, 0], "texture": "#2"},
				"up": {"uv": [0, 0, 0.0625, 0.0625], "rotation": 90, "texture": "#2"},
				"down": {"uv": [0, 0, 0.0625, 0.0625], "rotation": 270, "texture": "#2"}
			}
		},
		{
			"name": "hexadecagon",
			"from": [5.66, 13.85, 3.12259],
			"to": [6.74, 15.65, 3.33742],
			"rotation": {"angle": -45, "axis": "y", "origin": [6.2, 15.2, 3.23]},
			"faces": {
				"north": {"uv": [0, 0, 0, 0], "texture": "#2"},
				"east": {"uv": [0, 0, 0.0625, 0.0625], "texture": "#2"},
				"west": {"uv": [0, 0, 0.0625, 0.0625], "texture": "#2"},
				"up": {"uv": [0, 0, 0.0625, 0.0625], "rotation": 90, "texture": "#2"},
				"down": {"uv": [0, 0, 0.0625, 0.0625], "rotation": 270, "texture": "#2"}
			}
		},
		{
			"name": "hexadecagon",
			"from": [5.66, 13.85, 3.12259],
			"to": [6.74, 15.65, 3.33742],
			"rotation": {"angle": -22.5, "axis": "y", "origin": [6.2, 15.2, 3.23]},
			"faces": {
				"east": {"uv": [0, 0, 0.0625, 0.0625], "texture": "#2"},
				"west": {"uv": [0, 0, 0.0625, 0.0625], "texture": "#2"},
				"up": {"uv": [0, 0, 0.0625, 0.0625], "rotation": 90, "texture": "#2"},
				"down": {"uv": [0, 0, 0.0625, 0.0625], "rotation": 270, "texture": "#2"}
			}
		},
		{
			"name": "hexadecagon",
			"from": [5.66, 13.85, 3.12259],
			"to": [6.74, 15.65, 3.33742],
			"rotation": {"angle": 0, "axis": "y", "origin": [6.2, 15.2, 3.23]},
			"faces": {
				"east": {"uv": [0, 0, 0.0625, 0.0625], "texture": "#2"},
				"west": {"uv": [0, 0, 0.0625, 0.0625], "texture": "#2"},
				"down": {"uv": [0, 0, 0.0625, 0.0625], "rotation": 270, "texture": "#2"}
			}
		},
		{
			"name": "hexadecagon",
			"from": [5.66, 13.85, 3.12259],
			"to": [6.74, 15.65, 3.33742],
			"rotation": {"angle": 22.5, "axis": "y", "origin": [6.2, 15.2, 3.23]},
			"faces": {
				"east": {"uv": [0, 0, 0.0625, 0.0625], "texture": "#2"},
				"west": {"uv": [0, 0, 0.0625, 0.0625], "texture": "#2"},
				"up": {"uv": [0, 0, 0.0625, 0.0625], "rotation": 90, "texture": "#2"},
				"down": {"uv": [0, 0, 0.0625, 0.0625], "rotation": 270, "texture": "#2"}
			}
		},
		{
			"name": "hexadecagon",
			"from": [5.66, 13.85, 3.12259],
			"to": [6.74, 15.65, 3.33742],
			"rotation": {"angle": 45, "axis": "y", "origin": [6.2, 15.2, 3.23]},
			"faces": {
				"east": {"uv": [0, 0, 0.0625, 0.0625], "texture": "#2"},
				"west": {"uv": [0, 0, 0.0625, 0.0625], "texture": "#2"},
				"up": {"uv": [0, 0, 0.0625, 0.0625], "rotation": 90, "texture": "#2"},
				"down": {"uv": [0, 0, 0.0625, 0.0625], "rotation": 270, "texture": "#2"}
			}
		},
		{
			"name": "hexadecagon",
			"from": [6.09259, 13.85, 2.69],
			"to": [6.30742, 15.65, 3.77],
			"rotation": {"angle": -22.5, "axis": "y", "origin": [6.2, 15.2, 3.23]},
			"faces": {
				"north": {"uv": [0, 0, 0.0625, 0.0625], "texture": "#2"},
				"south": {"uv": [0, 0, 0.0625, 0.0625], "texture": "#2"},
				"up": {"uv": [0, 0, 0.0625, 0.0625], "rotation": 90, "texture": "#2"},
				"down": {"uv": [0, 0, 0.0625, 0.0625], "rotation": 270, "texture": "#2"}
			}
		},
		{
			"name": "hexadecagon",
			"from": [6.09259, 13.85, 2.69],
			"to": [6.30742, 15.65, 3.77],
			"rotation": {"angle": 0, "axis": "y", "origin": [6.2, 15.2, 3.23]},
			"faces": {
				"north": {"uv": [0, 0, 0.0625, 0.0625], "texture": "#2"},
				"south": {"uv": [0, 0, 0.0625, 0.0625], "texture": "#2"},
				"down": {"uv": [0, 0, 0.0625, 0.0625], "rotation": 270, "texture": "#2"}
			}
		},
		{
			"name": "hexadecagon",
			"from": [6.09259, 13.85, 2.69],
			"to": [6.30742, 15.65, 3.77],
			"rotation": {"angle": 22.5, "axis": "y", "origin": [6.2, 15.2, 3.23]},
			"faces": {
				"north": {"uv": [0, 0, 0.0625, 0.0625], "texture": "#2"},
				"south": {"uv": [0, 0, 0.0625, 0.0625], "texture": "#2"},
				"west": {"uv": [0, 0, 0, 0], "texture": "#2"},
				"up": {"uv": [0, 0, 0.0625, 0.0625], "rotation": 90, "texture": "#2"},
				"down": {"uv": [0, 0, 0.0625, 0.0625], "rotation": 270, "texture": "#2"}
			}
		},
		{
			"name": "hexadecagon",
			"from": [5.2, 8.925, 8.41131],
			"to": [5.9, 9.325, 8.88869],
			"rotation": {"angle": 45, "axis": "x", "origin": [5.5, 8.125, 8.65]},
			"faces": {
				"east": {"uv": [0, 0, 0.125, 0.125], "rotation": 180, "texture": "#0"},
				"up": {"uv": [2.0625, 0, 13.875, 3.9375], "rotation": 270, "texture": "#0"},
				"down": {"uv": [0, 0, 16, 8], "rotation": 270, "texture": "#0"}
			}
		},
		{
			"name": "hexadecagon",
			"from": [5.2, 8.925, 8.41131],
			"to": [5.9, 9.325, 8.88869],
			"rotation": {"angle": 22.5, "axis": "x", "origin": [5.5, 8.125, 8.65]},
			"faces": {
				"east": {"uv": [0, 0, 0.125, 0.125], "rotation": 180, "texture": "#0"},
				"up": {"uv": [2.0625, 0, 13.875, 3.9375], "rotation": 270, "texture": "#0"},
				"down": {"uv": [0, 0, 16, 8], "rotation": 270, "texture": "#0"}
			}
		},
		{
			"name": "hexadecagon",
			"from": [5.2, 8.925, 8.41131],
			"to": [5.9, 9.325, 8.88869],
			"rotation": {"angle": 0, "axis": "y", "origin": [5.5, 8.125, 8.65]},
			"faces": {
				"up": {"uv": [2.0625, 0, 13.875, 3.9375], "rotation": 270, "texture": "#0"},
				"down": {"uv": [0, 0, 16, 8], "rotation": 270, "texture": "#0"}
			}
		},
		{
			"name": "hexadecagon",
			"from": [5.2, 8.925, 8.41131],
			"to": [5.9, 9.325, 8.88869],
			"rotation": {"angle": -22.5, "axis": "x", "origin": [5.5, 8.125, 8.65]},
			"faces": {
				"east": {"uv": [0, 0, 0.125, 0.125], "rotation": 180, "texture": "#0"},
				"up": {"uv": [2.0625, 0, 13.875, 3.9375], "rotation": 270, "texture": "#0"},
				"down": {"uv": [0, 0, 16, 8], "rotation": 270, "texture": "#0"}
			}
		},
		{
			"name": "hexadecagon",
			"from": [5.2, 8.925, 8.41131],
			"to": [5.9, 9.325, 8.88869],
			"rotation": {"angle": -45, "axis": "x", "origin": [5.5, 8.125, 8.65]},
			"faces": {
				"north": {"uv": [0, 0, 0, 0], "rotation": 90, "texture": "#0"},
				"east": {"uv": [0, 0, 0.125, 0.125], "rotation": 180, "texture": "#0"},
				"up": {"uv": [2.0625, 0, 13.875, 3.9375], "rotation": 270, "texture": "#0"},
				"down": {"uv": [0, 0, 16, 8], "rotation": 270, "texture": "#0"}
			}
		},
		{
			"name": "hexadecagon",
			"from": [5.2, 6.925, 8.41131],
			"to": [5.9, 7.325, 8.88869],
			"rotation": {"angle": 45, "axis": "x", "origin": [5.5, 8.125, 8.65]},
			"faces": {
				"east": {"uv": [0, 0, 0.125, 0.125], "rotation": 180, "texture": "#0"},
				"up": {"uv": [0, 0, 16, 8], "rotation": 270, "texture": "#0"},
				"down": {"uv": [2.0625, 0, 13.875, 3.9375], "rotation": 270, "texture": "#0"}
			}
		},
		{
			"name": "hexadecagon",
			"from": [5.2, 6.925, 8.41131],
			"to": [5.9, 7.325, 8.88869],
			"rotation": {"angle": 22.5, "axis": "x", "origin": [5.5, 8.125, 8.65]},
			"faces": {
				"east": {"uv": [0, 0, 0.125, 0.125], "rotation": 180, "texture": "#0"},
				"up": {"uv": [0, 0, 16, 8], "rotation": 270, "texture": "#0"},
				"down": {"uv": [2.0625, 0, 13.875, 3.9375], "rotation": 270, "texture": "#0"}
			}
		},
		{
			"name": "hexadecagon",
			"from": [5.2, 6.925, 8.41131],
			"to": [5.9, 7.325, 8.88869],
			"rotation": {"angle": 0, "axis": "y", "origin": [5.5, 8.125, 8.65]},
			"faces": {
				"up": {"uv": [0, 0, 16, 8], "rotation": 270, "texture": "#0"},
				"down": {"uv": [2.0625, 0, 13.875, 3.9375], "rotation": 270, "texture": "#0"}
			}
		},
		{
			"name": "hexadecagon",
			"from": [5.2, 6.925, 8.41131],
			"to": [5.9, 7.325, 8.88869],
			"rotation": {"angle": -22.5, "axis": "x", "origin": [5.5, 8.125, 8.65]},
			"faces": {
				"east": {"uv": [0, 0, 0.125, 0.125], "rotation": 180, "texture": "#0"},
				"up": {"uv": [0, 0, 16, 8], "rotation": 270, "texture": "#0"},
				"down": {"uv": [2.0625, 0, 13.875, 3.9375], "rotation": 270, "texture": "#0"}
			}
		},
		{
			"name": "hexadecagon",
			"from": [5.2, 6.925, 8.41131],
			"to": [5.9, 7.325, 8.88869],
			"rotation": {"angle": -45, "axis": "x", "origin": [5.5, 8.125, 8.65]},
			"faces": {
				"east": {"uv": [0, 0, 0.125, 0.125], "rotation": 180, "texture": "#0"},
				"up": {"uv": [0, 0, 16, 8], "rotation": 270, "texture": "#0"},
				"down": {"uv": [2.0625, 0, 13.875, 3.9375], "rotation": 270, "texture": "#0"}
			}
		},
		{
			"name": "hexadecagon",
			"from": [5.2, 7.88631, 7.45],
			"to": [5.9, 8.36369, 7.85],
			"rotation": {"angle": 22.5, "axis": "x", "origin": [5.5, 8.125, 8.65]},
			"faces": {
				"north": {"uv": [2.0625, 0, 13.875, 3.9375], "rotation": 90, "texture": "#0"},
				"east": {"uv": [0, 0, 0.125, 0.125], "rotation": 180, "texture": "#0"},
				"south": {"uv": [0, 0, 16, 8], "rotation": 270, "texture": "#0"}
			}
		},
		{
			"name": "hexadecagon",
			"from": [5.2, 7.88631, 7.45],
			"to": [5.9, 8.36369, 7.85],
			"rotation": {"angle": 0, "axis": "y", "origin": [5.5, 8.125, 8.65]},
			"faces": {
				"north": {"uv": [2.0625, 0, 13.875, 3.9375], "rotation": 90, "texture": "#0"},
				"south": {"uv": [0, 0, 16, 8], "rotation": 270, "texture": "#0"}
			}
		},
		{
			"name": "hexadecagon",
			"from": [5.2, 7.88631, 7.45],
			"to": [5.9, 8.36369, 7.85],
			"rotation": {"angle": -22.5, "axis": "x", "origin": [5.5, 8.125, 8.65]},
			"faces": {
				"north": {"uv": [2.0625, 0, 13.875, 3.9375], "rotation": 90, "texture": "#0"},
				"east": {"uv": [0, 0, 0.125, 0.125], "rotation": 180, "texture": "#0"},
				"south": {"uv": [0, 0, 16, 8], "rotation": 270, "texture": "#0"}
			}
		},
		{
			"name": "hexadecagon",
			"from": [5.2, 7.88631, 9.45],
			"to": [5.9, 8.36369, 9.85],
			"rotation": {"angle": 22.5, "axis": "x", "origin": [5.5, 8.125, 8.65]},
			"faces": {
				"north": {"uv": [0, 0, 16, 8], "rotation": 90, "texture": "#0"},
				"east": {"uv": [0, 0, 0.125, 0.125], "rotation": 180, "texture": "#0"},
				"south": {"uv": [2.0625, 0, 13.875, 3.9375], "rotation": 270, "texture": "#0"}
			}
		},
		{
			"name": "hexadecagon",
			"from": [5.2, 7.88631, 9.45],
			"to": [5.9, 8.36369, 9.85],
			"rotation": {"angle": 0, "axis": "y", "origin": [5.5, 8.125, 8.65]},
			"faces": {
				"north": {"uv": [0, 0, 16, 8], "rotation": 90, "texture": "#0"},
				"south": {"uv": [2.0625, 0, 13.875, 3.9375], "rotation": 270, "texture": "#0"}
			}
		},
		{
			"name": "hexadecagon",
			"from": [5.2, 7.88631, 9.45],
			"to": [5.9, 8.36369, 9.85],
			"rotation": {"angle": -22.5, "axis": "x", "origin": [5.5, 8.125, 8.65]},
			"faces": {
				"north": {"uv": [0, 0, 16, 8], "rotation": 90, "texture": "#0"},
				"east": {"uv": [0, 0, 0.125, 0.125], "rotation": 180, "texture": "#0"},
				"south": {"uv": [2.0625, 0, 13.875, 3.9375], "rotation": 270, "texture": "#0"}
			}
		},
		{
			"from": [5.2, 6.925, 7.45],
			"to": [5.2, 9.325, 9.85],
			"rotation": {"angle": 0, "axis": "y", "origin": [16, 12.125, 0.65]},
			"faces": {
				"east": {"uv": [0, 0, 16, 16], "rotation": 180, "texture": "#1"},
				"west": {"uv": [0, 0, 16, 16], "texture": "#1"}
			}
		},
		{
			"name": "hexadecagon",
			"from": [6.45, 8.925, 8.41131],
			"to": [7.15, 9.325, 8.88869],
			"rotation": {"angle": 45, "axis": "x", "origin": [6.85, 8.125, 8.65]},
			"faces": {
				"west": {"uv": [0.125, 0, 0, 0.125], "rotation": 180, "texture": "#0"},
				"up": {"uv": [2.0625, 3.9375, 13.875, 0], "rotation": 270, "texture": "#0"},
				"down": {"uv": [0, 8, 16, 0], "rotation": 270, "texture": "#0"}
			}
		},
		{
			"name": "hexadecagon",
			"from": [6.45, 8.925, 8.41131],
			"to": [7.15, 9.325, 8.88869],
			"rotation": {"angle": 22.5, "axis": "x", "origin": [6.85, 8.125, 8.65]},
			"faces": {
				"west": {"uv": [0.125, 0, 0, 0.125], "rotation": 180, "texture": "#0"},
				"up": {"uv": [2.0625, 3.9375, 13.875, 0], "rotation": 270, "texture": "#0"},
				"down": {"uv": [0, 8, 16, 0], "rotation": 270, "texture": "#0"}
			}
		},
		{
			"name": "hexadecagon",
			"from": [6.45, 8.925, 8.41131],
			"to": [7.15, 9.325, 8.88869],
			"rotation": {"angle": 0, "axis": "y", "origin": [6.85, 8.125, 8.65]},
			"faces": {
				"up": {"uv": [2.0625, 3.9375, 13.875, 0], "rotation": 270, "texture": "#0"},
				"down": {"uv": [0, 8, 16, 0], "rotation": 270, "texture": "#0"}
			}
		},
		{
			"name": "hexadecagon",
			"from": [6.45, 8.925, 8.41131],
			"to": [7.15, 9.325, 8.88869],
			"rotation": {"angle": -22.5, "axis": "x", "origin": [6.85, 8.125, 8.65]},
			"faces": {
				"west": {"uv": [0.125, 0, 0, 0.125], "rotation": 180, "texture": "#0"},
				"up": {"uv": [2.0625, 3.9375, 13.875, 0], "rotation": 270, "texture": "#0"},
				"down": {"uv": [0, 8, 16, 0], "rotation": 270, "texture": "#0"}
			}
		},
		{
			"name": "hexadecagon",
			"from": [6.45, 8.925, 8.41131],
			"to": [7.15, 9.325, 8.88869],
			"rotation": {"angle": -45, "axis": "x", "origin": [6.85, 8.125, 8.65]},
			"faces": {
				"north": {"uv": [0, 0, 0, 0], "rotation": 90, "texture": "#0"},
				"west": {"uv": [0.125, 0, 0, 0.125], "rotation": 180, "texture": "#0"},
				"up": {"uv": [2.0625, 3.9375, 13.875, 0], "rotation": 270, "texture": "#0"},
				"down": {"uv": [0, 8, 16, 0], "rotation": 270, "texture": "#0"}
			}
		},
		{
			"name": "hexadecagon",
			"from": [6.45, 6.925, 8.41131],
			"to": [7.15, 7.325, 8.88869],
			"rotation": {"angle": 45, "axis": "x", "origin": [6.85, 8.125, 8.65]},
			"faces": {
				"west": {"uv": [0.125, 0, 0, 0.125], "rotation": 180, "texture": "#0"},
				"up": {"uv": [0, 8, 16, 0], "rotation": 270, "texture": "#0"},
				"down": {"uv": [2.0625, 3.9375, 13.875, 0], "rotation": 270, "texture": "#0"}
			}
		},
		{
			"name": "hexadecagon",
			"from": [6.45, 6.925, 8.41131],
			"to": [7.15, 7.325, 8.88869],
			"rotation": {"angle": 22.5, "axis": "x", "origin": [6.85, 8.125, 8.65]},
			"faces": {
				"west": {"uv": [0.125, 0, 0, 0.125], "rotation": 180, "texture": "#0"},
				"up": {"uv": [0, 8, 16, 0], "rotation": 270, "texture": "#0"},
				"down": {"uv": [2.0625, 3.9375, 13.875, 0], "rotation": 270, "texture": "#0"}
			}
		},
		{
			"name": "hexadecagon",
			"from": [6.45, 6.925, 8.41131],
			"to": [7.15, 7.325, 8.88869],
			"rotation": {"angle": 0, "axis": "y", "origin": [6.85, 8.125, 8.65]},
			"faces": {
				"up": {"uv": [0, 8, 16, 0], "rotation": 270, "texture": "#0"},
				"down": {"uv": [2.0625, 3.9375, 13.875, 0], "rotation": 270, "texture": "#0"}
			}
		},
		{
			"name": "hexadecagon",
			"from": [6.45, 6.925, 8.41131],
			"to": [7.15, 7.325, 8.88869],
			"rotation": {"angle": -22.5, "axis": "x", "origin": [6.85, 8.125, 8.65]},
			"faces": {
				"west": {"uv": [0.125, 0, 0, 0.125], "rotation": 180, "texture": "#0"},
				"up": {"uv": [0, 8, 16, 0], "rotation": 270, "texture": "#0"},
				"down": {"uv": [2.0625, 3.9375, 13.875, 0], "rotation": 270, "texture": "#0"}
			}
		},
		{
			"name": "hexadecagon",
			"from": [6.45, 6.925, 8.41131],
			"to": [7.15, 7.325, 8.88869],
			"rotation": {"angle": -45, "axis": "x", "origin": [6.85, 8.125, 8.65]},
			"faces": {
				"west": {"uv": [0.125, 0, 0, 0.125], "rotation": 180, "texture": "#0"},
				"up": {"uv": [0, 8, 16, 0], "rotation": 270, "texture": "#0"},
				"down": {"uv": [2.0625, 3.9375, 13.875, 0], "rotation": 270, "texture": "#0"}
			}
		},
		{
			"name": "hexadecagon",
			"from": [6.45, 7.88631, 7.45],
			"to": [7.15, 8.36369, 7.85],
			"rotation": {"angle": 22.5, "axis": "x", "origin": [6.85, 8.125, 8.65]},
			"faces": {
				"north": {"uv": [2.0625, 3.9375, 13.875, 0], "rotation": 90, "texture": "#0"},
				"south": {"uv": [0, 8, 16, 0], "rotation": 270, "texture": "#0"},
				"west": {"uv": [0.125, 0, 0, 0.125], "rotation": 180, "texture": "#0"}
			}
		},
		{
			"name": "hexadecagon",
			"from": [6.45, 7.88631, 7.45],
			"to": [7.15, 8.36369, 7.85],
			"rotation": {"angle": 0, "axis": "y", "origin": [6.85, 8.125, 8.65]},
			"faces": {
				"north": {"uv": [2.0625, 3.9375, 13.875, 0], "rotation": 90, "texture": "#0"},
				"south": {"uv": [0, 8, 16, 0], "rotation": 270, "texture": "#0"}
			}
		},
		{
			"name": "hexadecagon",
			"from": [6.45, 7.88631, 7.45],
			"to": [7.15, 8.36369, 7.85],
			"rotation": {"angle": -22.5, "axis": "x", "origin": [6.85, 8.125, 8.65]},
			"faces": {
				"north": {"uv": [2.0625, 3.9375, 13.875, 0], "rotation": 90, "texture": "#0"},
				"south": {"uv": [0, 8, 16, 0], "rotation": 270, "texture": "#0"},
				"west": {"uv": [0.125, 0, 0, 0.125], "rotation": 180, "texture": "#0"}
			}
		},
		{
			"name": "hexadecagon",
			"from": [6.45, 7.88631, 9.45],
			"to": [7.15, 8.36369, 9.85],
			"rotation": {"angle": 22.5, "axis": "x", "origin": [6.85, 8.125, 8.65]},
			"faces": {
				"north": {"uv": [0, 8, 16, 0], "rotation": 90, "texture": "#0"},
				"south": {"uv": [2.0625, 3.9375, 13.875, 0], "rotation": 270, "texture": "#0"},
				"west": {"uv": [0.125, 0, 0, 0.125], "rotation": 180, "texture": "#0"}
			}
		},
		{
			"name": "hexadecagon",
			"from": [6.45, 7.88631, 9.45],
			"to": [7.15, 8.36369, 9.85],
			"rotation": {"angle": 0, "axis": "y", "origin": [6.85, 8.125, 8.65]},
			"faces": {
				"north": {"uv": [0, 8, 16, 0], "rotation": 90, "texture": "#0"},
				"south": {"uv": [2.0625, 3.9375, 13.875, 0], "rotation": 270, "texture": "#0"}
			}
		},
		{
			"name": "hexadecagon",
			"from": [6.45, 7.88631, 9.45],
			"to": [7.15, 8.36369, 9.85],
			"rotation": {"angle": -22.5, "axis": "x", "origin": [6.85, 8.125, 8.65]},
			"faces": {
				"north": {"uv": [0, 8, 16, 0], "rotation": 90, "texture": "#0"},
				"south": {"uv": [2.0625, 3.9375, 13.875, 0], "rotation": 270, "texture": "#0"},
				"west": {"uv": [0.125, 0, 0, 0.125], "rotation": 180, "texture": "#0"}
			}
		},
		{
			"from": [7.15, 6.925, 7.45],
			"to": [7.15, 9.325, 9.85],
			"rotation": {"angle": 0, "axis": "y", "origin": [-3.65, 12.125, 0.65]},
			"faces": {
				"east": {"uv": [16, 0, 0, 16], "texture": "#1"},
				"west": {"uv": [16, 0, 0, 16], "rotation": 180, "texture": "#1"}
			}
		},
		{
			"from": [3.975, 7.975, 0],
			"to": [8.025, 12.025, 1.225],
			"rotation": {"angle": 0, "axis": "y", "origin": [12, 0, 0]},
			"faces": {
				"north": {"uv": [0, 0, 16, 16], "texture": "#0"},
				"east": {"uv": [0, 0, 16, 16], "texture": "#0"},
				"south": {"uv": [0, 0, 16, 16], "texture": "#0"},
				"west": {"uv": [0, 0, 16, 16], "texture": "#0"},
				"up": {"uv": [0, 0, 16, 16], "rotation": 90, "texture": "#0"},
				"down": {"uv": [0, 0, 16, 16], "rotation": 270, "texture": "#0"}
			}
		},
		{
			"from": [3.975, -0.025, 14.775],
			"to": [8.05, 4.025, 16],
			"rotation": {"angle": 0, "axis": "y", "origin": [12, 0, 0]},
			"faces": {
				"north": {"uv": [0, 0, 16, 16], "texture": "#0"},
				"east": {"uv": [0, 0, 16, 16], "texture": "#0"},
				"south": {"uv": [0, 0, 16, 16], "texture": "#0"},
				"west": {"uv": [0, 0, 16, 16], "texture": "#0"},
				"up": {"uv": [0, 0, 16, 16], "rotation": 90, "texture": "#0"},
				"down": {"uv": [0, 0, 16, 16], "rotation": 270, "texture": "#0"}
			}
		},
		{
			"from": [3.95, 0, 3.975],
			"to": [8.025, 1.225, 8.025],
			"rotation": {"angle": 0, "axis": "y", "origin": [12, 0, 0]},
			"faces": {
				"north": {"uv": [0, 0, 16, 16], "texture": "#0"},
				"east": {"uv": [0, 0, 16, 16], "texture": "#0"},
				"south": {"uv": [0, 0, 16, 16], "texture": "#0"},
				"west": {"uv": [0, 0, 16, 16], "texture": "#0"},
				"up": {"uv": [0, 0, 16, 16], "rotation": 90, "texture": "#0"},
				"down": {"uv": [0, 0, 16, 16], "rotation": 270, "texture": "#0"}
			}
		},
		{
			"from": [3.975, 14.775, -0.025],
			"to": [8.025, 16, 4.025],
			"rotation": {"angle": 0, "axis": "y", "origin": [12, 0, 0]},
			"faces": {
				"north": {"uv": [0, 0, 16, 16], "texture": "#0"},
				"east": {"uv": [0, 0, 16, 16], "texture": "#0"},
				"south": {"uv": [0, 0, 16, 16], "texture": "#0"},
				"west": {"uv": [0, 0, 16, 16], "texture": "#0"},
				"up": {"uv": [0, 0, 16, 16], "rotation": 90, "texture": "#0"},
				"down": {"uv": [0, 0, 16, 16], "rotation": 270, "texture": "#0"}
			}
		},
		{
			"from": [5.9075, 0.8, 0.8],
			"to": [5.9075, 15.2, 15.2],
			"rotation": {"angle": 0, "axis": "y", "origin": [10.8, 0.8, 0.8]},
			"faces": {
				"east": {"uv": [16, 0, 0, 16], "texture": "#3"},
				"west": {"uv": [0, 0, 16, 16], "texture": "#3"}
			}
		},
		{
			"from": [5.9525, 0.8, 0.8],
			"to": [5.9525, 15.2, 15.2],
			"rotation": {"angle": 0, "axis": "y", "origin": [10.8, 0.8, 0.8]},
			"faces": {
				"east": {"uv": [16, 0, 0, 16], "texture": "#3"},
				"west": {"uv": [0, 0, 16, 16], "texture": "#3"}
			}
		},
		{
			"from": [5.9975, 0.8, 0.8],
			"to": [5.9975, 15.2, 15.2],
			"rotation": {"angle": 0, "axis": "y", "origin": [10.8, 0.8, 0.8]},
			"faces": {
				"east": {"uv": [16, 0, 0, 16], "texture": "#3"},
				"west": {"uv": [0, 0, 16, 16], "texture": "#3"}
			}
		},
		{
			"from": [6.0425, 0.8, 0.8],
			"to": [6.0425, 15.2, 15.2],
			"rotation": {"angle": 0, "axis": "y", "origin": [10.8, 0.8, 0.8]},
			"faces": {
				"east": {"uv": [16, 0, 0, 16], "texture": "#3"},
				"west": {"uv": [0, 0, 16, 16], "texture": "#3"}
			}
		},
		{
			"from": [6.0875, 0.8, 0.8],
			"to": [6.0875, 15.2, 15.2],
			"rotation": {"angle": 0, "axis": "y", "origin": [10.8, 0.8, 0.8]},
			"faces": {
				"east": {"uv": [16, 0, 0, 16], "texture": "#3"},
				"west": {"uv": [0, 0, 16, 16], "texture": "#3"}
			}
		},
		{
			"from": [6.1325, 0.8, 0.8],
			"to": [6.1325, 15.2, 15.2],
			"rotation": {"angle": 0, "axis": "y", "origin": [10.8, 0.8, 0.8]},
			"faces": {
				"east": {"uv": [16, 0, 0, 16], "texture": "#3"},
				"west": {"uv": [0, 0, 16, 16], "texture": "#3"}
			}
		},
		{
			"from": [6.1775, 0.8, 0.8],
			"to": [6.1775, 15.2, 15.2],
			"rotation": {"angle": 0, "axis": "y", "origin": [10.8, 0.8, 0.8]},
			"faces": {
				"east": {"uv": [16, 0, 0, 16], "texture": "#3"},
				"west": {"uv": [0, 0, 16, 16], "texture": "#3"}
			}
		},
		{
			"from": [6.2225, 0.8, 0.8],
			"to": [6.2225, 15.2, 15.2],
			"rotation": {"angle": 0, "axis": "y", "origin": [10.8, 0.8, 0.8]},
			"faces": {
				"east": {"uv": [16, 0, 0, 16], "texture": "#3"},
				"west": {"uv": [0, 0, 16, 16], "texture": "#3"}
			}
		},
		{
			"from": [6.2675, 0.8, 0.8],
			"to": [6.2675, 15.2, 15.2],
			"rotation": {"angle": 0, "axis": "y", "origin": [10.8, 0.8, 0.8]},
			"faces": {
				"east": {"uv": [16, 0, 0, 16], "texture": "#3"},
				"west": {"uv": [0, 0, 16, 16], "texture": "#3"}
			}
		},
		{
			"from": [6.3125, 0.8, 0.8],
			"to": [6.3125, 15.2, 15.2],
			"rotation": {"angle": 0, "axis": "y", "origin": [10.8, 0.8, 0.8]},
			"faces": {
				"east": {"uv": [16, 0, 0, 16], "texture": "#3"},
				"west": {"uv": [0, 0, 16, 16], "texture": "#3"}
			}
		},
		{
			"from": [6.3575, 0.8, 0.8],
			"to": [6.3575, 15.2, 15.2],
			"rotation": {"angle": 0, "axis": "y", "origin": [10.8, 0.8, 0.8]},
			"faces": {
				"east": {"uv": [16, 0, 0, 16], "texture": "#3"},
				"west": {"uv": [0, 0, 16, 16], "texture": "#3"}
			}
		},
		{
			"from": [6.4025, 0.8, 0.8],
			"to": [6.4025, 15.2, 15.2],
			"rotation": {"angle": 0, "axis": "y", "origin": [10.8, 0.8, 0.8]},
			"faces": {
				"east": {"uv": [16, 0, 0, 16], "texture": "#3"},
				"west": {"uv": [0, 0, 16, 16], "texture": "#3"}
			}
		},
		{
			"from": [6.4475, 0.8, 0.8],
			"to": [6.4475, 15.2, 15.2],
			"rotation": {"angle": 0, "axis": "y", "origin": [10.8, 0.8, 0.8]},
			"faces": {
				"east": {"uv": [16, 0, 0, 16], "texture": "#3"},
				"west": {"uv": [0, 0, 16, 16], "texture": "#3"}
			}
		}
	],
	"display": {
		"thirdperson_righthand": {
			"translation": [2.25, 2, 0]
		},
		"thirdperson_lefthand": {
			"translation": [-2, 1.75, 0]
		},
		"firstperson_righthand": {
			"rotation": [0, -180, 0],
			"translation": [-0.25, 2.5, -0.5],
			"scale": [0.7, 0.7, 0.6]
		},
		"firstperson_lefthand": {
			"rotation": [0, -180, 0],
			"translation": [2.5, 2.5, -0.5],
			"scale": [0.7, 0.7, 0.6]
		},
		"ground": {
			"translation": [0, 6, 0]
		},
		"gui": {
			"rotation": [0, 45, -45],
			"translation": [1.5, -1, 0],
			"scale": [0.8, 0.8, 0.8]
		},
		"fixed": {
			"rotation": [0, -90, 0],
			"translation": [0, 0, 1.25],
			"scale": [0.8, 0.8, 0.8]
		}
	},
	"groups": [
		{
			"name": "group",
			"origin": [8, 8, 8],
			"color": 0,
			"children": [
				{
					"name": "hexadecagon",
					"origin": [8, 8, 8],
					"color": 0,
					"children": [0, 1, 2, 3, 4, 5, 6, 7]
				},
				{
					"name": "hexadecagon",
					"origin": [8, 8, 8],
					"color": 0,
					"children": [8, 9, 10, 11, 12, 13, 14, 15]
				},
				{
					"name": "hexadecagon",
					"origin": [8, 8, 8],
					"color": 0,
					"children": [16, 17, 18, 19, 20, 21, 22, 23]
				},
				{
					"name": "hexadecagon",
					"origin": [8, 8, 8],
					"color": 0,
					"children": [24, 25, 26, 27, 28, 29, 30, 31]
				}
			]
		},
		{
			"name": "hexadecagon",
			"origin": [8, 8, 8],
			"color": 0,
			"children": [32, 33, 34, 35, 36, 37, 38, 39, 40, 41, 42, 43, 44, 45, 46, 47, 48]
		},
		{
			"name": "hexadecagon",
			"origin": [8, 8, 8],
			"color": 0,
			"children": [49, 50, 51, 52, 53, 54, 55, 56, 57, 58, 59, 60, 61, 62, 63, 64, 65]
		}, 66, 67, 68, 69,
		{
			"name": "cobweb",
			"origin": [8, 8, 8],
			"color": 0,
			"children": [70, 71, 72, 73, 74, 75, 76, 77, 78, 79, 80, 81, 82]
		}
	]
}