{
	"credit": "Made with Blockbench",
	"ambientocclusion": false,
	"texture_size": [256, 256],
	"textures": {
		"3": "block/crops/cocoa_final",
		"4": "block/crops/cocoa_final_B",
		"particle": "block/crops/cocoa_final"
	},
	"elements": [
		{
			"from": [4, 8, 10.5],
			"to": [8, 12, 12],
			"rotation": {"angle": 0, "axis": "y", "origin": [-4, -4, 0]},
			"faces": {
				"north": {"uv": [0, 0, 16, 16], "texture": "#3"},
				"east": {"uv": [0, 0, 16, 16], "texture": "#3"},
				"south": {"uv": [0, 0, 16, 16], "texture": "#3"},
				"west": {"uv": [0, 0, 16, 16], "texture": "#3"},
				"up": {"uv": [0, 0, 16, 16], "texture": "#3"},
				"down": {"uv": [0, 0, 16, 16], "texture": "#3"}
			}
		},
		{
			"from": [4, 8, 9.8],
			"to": [8, 12, 9.8],
			"rotation": {"angle": 0, "axis": "y", "origin": [-4, -4, 0]},
			"faces": {
				"north": {"uv": [0, 0, 16, 16], "texture": "#4"},
				"east": {"uv": [0, 0, 16, 16], "texture": "#4"},
				"south": {"uv": [0, 0, 16, 16], "texture": "#4"},
				"west": {"uv": [0, 0, 16, 16], "texture": "#4"},
				"up": {"uv": [0, 0, 16, 16], "texture": "#4"},
				"down": {"uv": [0, 0, 16, 16], "texture": "#4"}
			}
		},
		{
			"from": [2.5, 8, 12],
			"to": [4, 12, 16],
			"rotation": {"angle": 0, "axis": "y", "origin": [-4, -4, 0]},
			"faces": {
				"north": {"uv": [0, 0, 16, 16], "texture": "#3"},
				"east": {"uv": [0, 0, 0, 0], "texture": "#3"},
				"south": {"uv": [0, 0, 16, 16], "texture": "#3"},
				"west": {"uv": [0, 0, 16, 16], "texture": "#3"},
				"up": {"uv": [0, 0, 16, 16], "rotation": 90, "texture": "#3"},
				"down": {"uv": [0, 0, 16, 16], "rotation": 270, "texture": "#3"}
			}
		},
		{
			"from": [8, 8, 12],
			"to": [9.5, 12, 16],
			"rotation": {"angle": 0, "axis": "y", "origin": [-4, -4, 0]},
			"faces": {
				"north": {"uv": [0, 0, 16, 16], "texture": "#3"},
				"east": {"uv": [0, 0, 16, 16], "texture": "#3"},
				"south": {"uv": [0, 0, 16, 16], "texture": "#3"},
				"west": {"uv": [0, 0, 16, 16], "texture": "#3"},
				"up": {"uv": [0, 0, 16, 16], "rotation": 90, "texture": "#3"},
				"down": {"uv": [0, 0, 16, 16], "rotation": 270, "texture": "#3"}
			}
		},
		{
			"from": [4, 12, 12],
			"to": [8, 13.5, 16],
			"rotation": {"angle": 0, "axis": "y", "origin": [-4, -4, 0]},
			"faces": {
				"north": {"uv": [0, 0, 16, 16], "rotation": 90, "texture": "#3"},
				"east": {"uv": [0, 0, 16, 16], "rotation": 180, "texture": "#3"},
				"south": {"uv": [0, 0, 16, 16], "rotation": 270, "texture": "#3"},
				"west": {"uv": [0, 0, 16, 16], "texture": "#3"},
				"up": {"uv": [0, 0, 16, 16], "rotation": 270, "texture": "#3"},
				"down": {"uv": [0, 0, 16, 16], "rotation": 270, "texture": "#3"}
			}
		},
		{
			"from": [4, 6.5, 12],
			"to": [8, 8, 16],
			"rotation": {"angle": 0, "axis": "y", "origin": [-4, -4, 0]},
			"faces": {
				"north": {"uv": [0, 0, 16, 16], "rotation": 90, "texture": "#3"},
				"east": {"uv": [0, 0, 16, 16], "rotation": 180, "texture": "#3"},
				"south": {"uv": [0, 0, 16, 16], "rotation": 270, "texture": "#3"},
				"west": {"uv": [0, 0, 16, 16], "texture": "#3"},
				"up": {"uv": [0, 0, 0, 0], "rotation": 270, "texture": "#3"},
				"down": {"uv": [0, 0, 16, 16], "rotation": 270, "texture": "#3"}
			}
		},
		{
			"name": "hexadecagon",
			"from": [1.8, 9.76131, 12.8],
			"to": [2.5, 10.23869, 15.2],
			"rotation": {"angle": -45, "axis": "x", "origin": [2, 10, 14]},
			"faces": {
				"north": {"uv": [8, 1, 16, 15], "texture": "#3"},
				"south": {"uv": [0, 1, 8, 15], "texture": "#3"}
			}
		},
		{
			"name": "hexadecagon",
			"from": [1.8, 9.76131, 12.8],
			"to": [2.5, 10.23869, 15.2],
			"rotation": {"angle": -22.5, "axis": "x", "origin": [2, 10, 14]},
			"faces": {
				"north": {"uv": [8, 1, 16, 15], "texture": "#3"},
				"south": {"uv": [0, 1, 8, 15], "texture": "#3"}
			}
		},
		{
			"name": "hexadecagon",
			"from": [1.8, 9.76131, 12.8],
			"to": [2.5, 10.23869, 15.2],
			"rotation": {"angle": 0, "axis": "x", "origin": [2, 10, 14]},
			"faces": {
				"north": {"uv": [8, 1, 16, 15], "texture": "#3"},
				"south": {"uv": [0, 1, 8, 15], "texture": "#3"}
			}
		},
		{
			"name": "hexadecagon",
			"from": [1.8, 9.76131, 12.8],
			"to": [2.5, 10.23869, 15.2],
			"rotation": {"angle": 22.5, "axis": "x", "origin": [2, 10, 14]},
			"faces": {
				"north": {"uv": [8, 1, 16, 15], "texture": "#3"},
				"south": {"uv": [0, 1, 8, 15], "texture": "#3"}
			}
		},
		{
			"name": "hexadecagon",
			"from": [1.8, 9.76131, 12.8],
			"to": [2.5, 10.23869, 15.2],
			"rotation": {"angle": 45, "axis": "x", "origin": [2, 10, 14]},
			"faces": {
				"north": {"uv": [8, 1, 16, 15], "texture": "#3"},
				"south": {"uv": [0, 1, 8, 15], "texture": "#3"}
			}
		},
		{
			"name": "hexadecagon",
			"from": [1.8, 8.8, 13.76131],
			"to": [2.5, 11.2, 14.23869],
			"rotation": {"angle": -22.5, "axis": "x", "origin": [2, 10, 14]},
			"faces": {
				"up": {"uv": [0, 1, 8, 15], "texture": "#3"},
				"down": {"uv": [0, 1, 8, 15], "texture": "#3"}
			}
		},
		{
			"name": "hexadecagon",
			"from": [1.8, 8.8, 13.76131],
			"to": [2.5, 11.2, 14.23869],
			"rotation": {"angle": 0, "axis": "x", "origin": [2, 10, 14]},
			"faces": {
				"up": {"uv": [0, 1, 8, 15], "texture": "#3"},
				"down": {"uv": [0, 1, 8, 15], "texture": "#3"}
			}
		},
		{
			"name": "hexadecagon",
			"from": [1.8, 8.8, 13.76131],
			"to": [2.5, 11.2, 14.23869],
			"rotation": {"angle": 22.5, "axis": "x", "origin": [2, 10, 14]},
			"faces": {
				"up": {"uv": [0, 1, 8, 15], "texture": "#3"},
				"down": {"uv": [0, 1, 8, 15], "texture": "#3"}
			}
		},
		{
			"from": [1.8, 8, 12],
			"to": [1.8, 12, 16],
			"rotation": {"angle": 0, "axis": "y", "origin": [-4, -4, 0]},
			"faces": {
				"east": {"uv": [0, 0, 16, 16], "texture": "#4"},
				"west": {"uv": [0, 0, 16, 16], "texture": "#4"}
			}
		},
		{
			"name": "hexadecagon",
			"from": [9.5, 9.76131, 12.8],
			"to": [10.2, 10.23869, 15.2],
			"rotation": {"angle": -45, "axis": "x", "origin": [10, 10, 14]},
			"faces": {
				"north": {"uv": [16, 1, 8, 15], "texture": "#3"},
				"south": {"uv": [8, 1, 0, 15], "texture": "#3"}
			}
		},
		{
			"name": "hexadecagon",
			"from": [9.5, 9.76131, 12.8],
			"to": [10.2, 10.23869, 15.2],
			"rotation": {"angle": -22.5, "axis": "x", "origin": [10, 10, 14]},
			"faces": {
				"north": {"uv": [16, 1, 8, 15], "texture": "#3"},
				"south": {"uv": [8, 1, 0, 15], "texture": "#3"}
			}
		},
		{
			"name": "hexadecagon",
			"from": [9.5, 9.76131, 12.8],
			"to": [10.2, 10.23869, 15.2],
			"rotation": {"angle": 0, "axis": "x", "origin": [10, 10, 14]},
			"faces": {
				"north": {"uv": [16, 1, 8, 15], "texture": "#3"},
				"south": {"uv": [8, 1, 0, 15], "texture": "#3"}
			}
		},
		{
			"name": "hexadecagon",
			"from": [9.5, 9.76131, 12.8],
			"to": [10.2, 10.23869, 15.2],
			"rotation": {"angle": 22.5, "axis": "x", "origin": [10, 10, 14]},
			"faces": {
				"north": {"uv": [16, 1, 8, 15], "texture": "#3"},
				"south": {"uv": [8, 1, 0, 15], "texture": "#3"}
			}
		},
		{
			"name": "hexadecagon",
			"from": [9.5, 9.76131, 12.8],
			"to": [10.2, 10.23869, 15.2],
			"rotation": {"angle": 45, "axis": "x", "origin": [10, 10, 14]},
			"faces": {
				"north": {"uv": [16, 1, 8, 15], "texture": "#3"},
				"south": {"uv": [8, 1, 0, 15], "texture": "#3"}
			}
		},
		{
			"name": "hexadecagon",
			"from": [9.5, 8.8, 13.76131],
			"to": [10.2, 11.2, 14.23869],
			"rotation": {"angle": -22.5, "axis": "x", "origin": [10, 10, 14]},
			"faces": {
				"up": {"uv": [8, 1, 0, 15], "texture": "#3"},
				"down": {"uv": [8, 1, 0, 15], "texture": "#3"}
			}
		},
		{
			"name": "hexadecagon",
			"from": [9.5, 8.8, 13.76131],
			"to": [10.2, 11.2, 14.23869],
			"rotation": {"angle": 0, "axis": "x", "origin": [10, 10, 14]},
			"faces": {
				"up": {"uv": [8, 1, 0, 15], "texture": "#3"},
				"down": {"uv": [8, 1, 0, 15], "texture": "#3"}
			}
		},
		{
			"name": "hexadecagon",
			"from": [9.5, 8.8, 13.76131],
			"to": [10.2, 11.2, 14.23869],
			"rotation": {"angle": 22.5, "axis": "x", "origin": [10, 10, 14]},
			"faces": {
				"up": {"uv": [8, 1, 0, 15], "texture": "#3"},
				"down": {"uv": [8, 1, 0, 15], "texture": "#3"}
			}
		},
		{
			"from": [10.2, 8, 12],
			"to": [10.2, 12, 16],
			"rotation": {"angle": 0, "axis": "y", "origin": [16, -4, 0]},
			"faces": {
				"east": {"uv": [0, 0, 16, 16], "texture": "#4"},
				"west": {"uv": [16, 0, 0, 16], "texture": "#4"}
			}
		},
		{
			"name": "hexadecagon",
			"from": [5.76131, 13.5, 12.8],
			"to": [6.23869, 14.2, 15.2],
			"rotation": {"angle": -45, "axis": "y", "origin": [6, 14, 14]},
			"faces": {
				"north": {"uv": [16, 1, 8, 15], "rotation": 90, "texture": "#3"},
				"south": {"uv": [8, 1, 0, 15], "rotation": 270, "texture": "#3"}
			}
		},
		{
			"name": "hexadecagon",
			"from": [5.76131, 13.5, 12.8],
			"to": [6.23869, 14.2, 15.2],
			"rotation": {"angle": -22.5, "axis": "y", "origin": [6, 14, 14]},
			"faces": {
				"north": {"uv": [16, 1, 8, 15], "rotation": 90, "texture": "#3"},
				"south": {"uv": [8, 1, 0, 15], "rotation": 270, "texture": "#3"}
			}
		},
		{
			"name": "hexadecagon",
			"from": [5.76131, 13.5, 12.8],
			"to": [6.23869, 14.2, 15.2],
			"rotation": {"angle": 0, "axis": "x", "origin": [6, 14, 14]},
			"faces": {
				"north": {"uv": [16, 1, 8, 15], "rotation": 90, "texture": "#3"},
				"south": {"uv": [8, 1, 0, 15], "rotation": 270, "texture": "#3"}
			}
		},
		{
			"name": "hexadecagon",
			"from": [5.76131, 13.5, 12.8],
			"to": [6.23869, 14.2, 15.2],
			"rotation": {"angle": 22.5, "axis": "y", "origin": [6, 14, 14]},
			"faces": {
				"north": {"uv": [16, 1, 8, 15], "rotation": 90, "texture": "#3"},
				"south": {"uv": [8, 1, 0, 15], "rotation": 270, "texture": "#3"}
			}
		},
		{
			"name": "hexadecagon",
			"from": [5.76131, 13.5, 12.8],
			"to": [6.23869, 14.2, 15.2],
			"rotation": {"angle": 45, "axis": "y", "origin": [6, 14, 14]},
			"faces": {
				"north": {"uv": [16, 1, 8, 15], "rotation": 90, "texture": "#3"},
				"south": {"uv": [8, 1, 0, 15], "rotation": 270, "texture": "#3"}
			}
		},
		{
			"name": "hexadecagon",
			"from": [4.8, 13.5, 13.76131],
			"to": [7.2, 14.2, 14.23869],
			"rotation": {"angle": -22.5, "axis": "y", "origin": [6, 14, 14]},
			"faces": {
				"east": {"uv": [8, 1, 0, 15], "rotation": 270, "texture": "#3"},
				"west": {"uv": [8, 1, 0, 15], "rotation": 270, "texture": "#3"}
			}
		},
		{
			"name": "hexadecagon",
			"from": [4.8, 13.5, 13.76131],
			"to": [7.2, 14.2, 14.23869],
			"rotation": {"angle": 0, "axis": "x", "origin": [6, 14, 14]},
			"faces": {
				"east": {"uv": [8, 1, 0, 15], "rotation": 270, "texture": "#3"},
				"west": {"uv": [8, 1, 0, 15], "rotation": 270, "texture": "#3"}
			}
		},
		{
			"name": "hexadecagon",
			"from": [4.8, 13.5, 13.76131],
			"to": [7.2, 14.2, 14.23869],
			"rotation": {"angle": 22.5, "axis": "y", "origin": [6, 14, 14]},
			"faces": {
				"east": {"uv": [8, 1, 0, 15], "rotation": 270, "texture": "#3"},
				"west": {"uv": [8, 1, 0, 15], "rotation": 270, "texture": "#3"}
			}
		},
		{
			"from": [4, 14.2, 12],
			"to": [8, 14.2, 16],
			"rotation": {"angle": 0, "axis": "y", "origin": [20, 20, 0]},
			"faces": {
				"up": {"uv": [0, 16, 16, 0], "texture": "#4"},
				"down": {"uv": [16, 0, 0, 16], "rotation": 180, "texture": "#4"}
			}
		},
		{
			"name": "hexadecagon",
			"from": [5.76131, 5.8, 12.8],
			"to": [6.23869, 6.5, 15.2],
			"rotation": {"angle": -45, "axis": "y", "origin": [6, 6, 14]},
			"faces": {
				"north": {"uv": [8, 1, 16, 15], "rotation": 90, "texture": "#3"},
				"south": {"uv": [0, 1, 8, 15], "rotation": 270, "texture": "#3"}
			}
		},
		{
			"name": "hexadecagon",
			"from": [5.76131, 5.8, 12.8],
			"to": [6.23869, 6.5, 15.2],
			"rotation": {"angle": -22.5, "axis": "y", "origin": [6, 6, 14]},
			"faces": {
				"north": {"uv": [8, 1, 16, 15], "rotation": 90, "texture": "#3"},
				"south": {"uv": [0, 1, 8, 15], "rotation": 270, "texture": "#3"}
			}
		},
		{
			"name": "hexadecagon",
			"from": [5.76131, 5.8, 12.8],
			"to": [6.23869, 6.5, 15.2],
			"rotation": {"angle": 0, "axis": "x", "origin": [6, 6, 14]},
			"faces": {
				"north": {"uv": [8, 1, 16, 15], "rotation": 90, "texture": "#3"},
				"south": {"uv": [0, 1, 8, 15], "rotation": 270, "texture": "#3"}
			}
		},
		{
			"name": "hexadecagon",
			"from": [5.76131, 5.8, 12.8],
			"to": [6.23869, 6.5, 15.2],
			"rotation": {"angle": 22.5, "axis": "y", "origin": [6, 6, 14]},
			"faces": {
				"north": {"uv": [8, 1, 16, 15], "rotation": 90, "texture": "#3"},
				"south": {"uv": [0, 1, 8, 15], "rotation": 270, "texture": "#3"}
			}
		},
		{
			"name": "hexadecagon",
			"from": [5.76131, 5.8, 12.8],
			"to": [6.23869, 6.5, 15.2],
			"rotation": {"angle": 45, "axis": "y", "origin": [6, 6, 14]},
			"faces": {
				"north": {"uv": [8, 1, 16, 15], "rotation": 90, "texture": "#3"},
				"south": {"uv": [0, 1, 8, 15], "rotation": 270, "texture": "#3"}
			}
		},
		{
			"name": "hexadecagon",
			"from": [4.8, 5.8, 13.76131],
			"to": [7.2, 6.5, 14.23869],
			"rotation": {"angle": -22.5, "axis": "y", "origin": [6, 6, 14]},
			"faces": {
				"east": {"uv": [0, 1, 8, 15], "rotation": 270, "texture": "#3"},
				"west": {"uv": [0, 1, 8, 15], "rotation": 270, "texture": "#3"}
			}
		},
		{
			"name": "hexadecagon",
			"from": [4.8, 5.8, 13.76131],
			"to": [7.2, 6.5, 14.23869],
			"rotation": {"angle": 0, "axis": "x", "origin": [6, 6, 14]},
			"faces": {
				"east": {"uv": [0, 1, 8, 15], "rotation": 270, "texture": "#3"},
				"west": {"uv": [0, 1, 8, 15], "rotation": 270, "texture": "#3"}
			}
		},
		{
			"name": "hexadecagon",
			"from": [4.8, 5.8, 13.76131],
			"to": [7.2, 6.5, 14.23869],
			"rotation": {"angle": 22.5, "axis": "y", "origin": [6, 6, 14]},
			"faces": {
				"east": {"uv": [0, 1, 8, 15], "rotation": 270, "texture": "#3"},
				"west": {"uv": [0, 1, 8, 15], "rotation": 270, "texture": "#3"}
			}
		},
		{
			"from": [4, 5.8, 12],
			"to": [8, 5.8, 16],
			"rotation": {"angle": 0, "axis": "y", "origin": [20, 0, 0]},
			"faces": {
				"up": {"uv": [0, 0, 16, 16], "rotation": 270, "texture": "#4"},
				"down": {"uv": [0, 0, 16, 16], "rotation": 270, "texture": "#4"}
			}
		},
		{
			"name": "hexadecagon",
			"from": [5.76131, 8.8, 9.8],
			"to": [6.23869, 11.2, 10.5],
			"rotation": {"angle": 45, "axis": "z", "origin": [6, 10, 10]},
			"faces": {
				"up": {"uv": [16, 1, 8, 15], "rotation": 90, "texture": "#3"},
				"down": {"uv": [8, 1, 0, 15], "rotation": 90, "texture": "#3"}
			}
		},
		{
			"name": "hexadecagon",
			"from": [5.76131, 8.8, 9.8],
			"to": [6.23869, 11.2, 10.5],
			"rotation": {"angle": 22.5, "axis": "z", "origin": [6, 10, 10]},
			"faces": {
				"up": {"uv": [16, 1, 8, 15], "rotation": 90, "texture": "#3"},
				"down": {"uv": [8, 1, 0, 15], "rotation": 90, "texture": "#3"}
			}
		},
		{
			"name": "hexadecagon",
			"from": [5.76131, 8.8, 9.8],
			"to": [6.23869, 11.2, 10.5],
			"rotation": {"angle": 0, "axis": "x", "origin": [6, 10, 10]},
			"faces": {
				"up": {"uv": [16, 1, 8, 15], "rotation": 90, "texture": "#3"},
				"down": {"uv": [8, 1, 0, 15], "rotation": 90, "texture": "#3"}
			}
		},
		{
			"name": "hexadecagon",
			"from": [5.76131, 8.8, 9.8],
			"to": [6.23869, 11.2, 10.5],
			"rotation": {"angle": -22.5, "axis": "z", "origin": [6, 10, 10]},
			"faces": {
				"up": {"uv": [16, 1, 8, 15], "rotation": 90, "texture": "#3"},
				"down": {"uv": [8, 1, 0, 15], "rotation": 90, "texture": "#3"}
			}
		},
		{
			"name": "hexadecagon",
			"from": [5.76131, 8.8, 9.8],
			"to": [6.23869, 11.2, 10.5],
			"rotation": {"angle": -45, "axis": "z", "origin": [6, 10, 10]},
			"faces": {
				"up": {"uv": [16, 1, 8, 15], "rotation": 90, "texture": "#3"},
				"down": {"uv": [8, 1, 0, 15], "rotation": 90, "texture": "#3"}
			}
		},
		{
			"name": "hexadecagon",
			"from": [4.8, 9.76131, 9.8],
			"to": [7.2, 10.23869, 10.5],
			"rotation": {"angle": 22.5, "axis": "z", "origin": [6, 10, 10]},
			"faces": {
				"east": {"uv": [8, 1, 0, 15], "texture": "#3"},
				"west": {"uv": [8, 1, 0, 15], "rotation": 180, "texture": "#3"}
			}
		},
		{
			"name": "hexadecagon",
			"from": [4.8, 9.76131, 9.8],
			"to": [7.2, 10.23869, 10.5],
			"rotation": {"angle": 0, "axis": "x", "origin": [6, 10, 10]},
			"faces": {
				"east": {"uv": [8, 1, 0, 15], "texture": "#3"},
				"west": {"uv": [8, 1, 0, 15], "rotation": 180, "texture": "#3"}
			}
		},
		{
			"name": "hexadecagon",
			"from": [4.8, 9.76131, 9.8],
			"to": [7.2, 10.23869, 10.5],
			"rotation": {"angle": -22.5, "axis": "z", "origin": [6, 10, 10]},
			"faces": {
				"east": {"uv": [8, 1, 0, 15], "texture": "#3"},
				"west": {"uv": [8, 1, 0, 15], "rotation": 180, "texture": "#3"}
			}
		}
	],
	"display": {
		"thirdperson_righthand": {
			"rotation": [0, 131, 0],
			"translation": [0, 2, 0]
		},
		"thirdperson_lefthand": {
			"rotation": [0, 131, 0],
			"translation": [0, 1.75, 0]
		},
		"firstperson_righthand": {
			"rotation": [-23, 0, 0],
			"translation": [3.75, 1, 0],
			"scale": [0.8, 0.8, 0.8]
		},
		"firstperson_lefthand": {
			"rotation": [-23, 0, 0],
			"translation": [3.75, 0, 0],
			"scale": [0.8, 0.8, 0.8]
		},
		"ground": {
			"translation": [0, 4.5, 0]
		},
		"gui": {
			"rotation": [0, -135, 45],
			"translation": [-3, -2, 0],
			"scale": [0.8, 0.8, 0.8]
		},
		"fixed": {
			"rotation": [0, 0, 45],
			"translation": [2.25, -2, -0.75]
		}
	},
	"groups": [0, 1, 2, 3, 4, 5,
		{
			"name": "group",
			"origin": [0, 0, 0],
			"color": 0,
			"children": []
		},
		{
			"name": "hexadecagon",
			"origin": [8, 8, 8],
			"color": 0,
			"children": [6, 7, 8, 9, 10, 11, 12, 13, 14]
		},
		{
			"name": "hexadecagon",
			"origin": [8, 8, 8],
			"color": 0,
			"children": [15, 16, 17, 18, 19, 20, 21, 22, 23]
		},
		{
			"name": "hexadecagon",
			"origin": [8, 8, 8],
			"color": 0,
			"children": [24, 25, 26, 27, 28, 29, 30, 31, 32]
		},
		{
			"name": "hexadecagon",
			"origin": [8, 8, 8],
			"color": 0,
			"children": [33, 34, 35, 36, 37, 38, 39, 40, 41]
		},
		{
			"name": "hexadecagon",
			"origin": [8, 8, 8],
			"color": 0,
			"children": [42, 43, 44, 45, 46, 47, 48, 49]
		}
	]
}