{
	"credit": "Made with Blockbench",
	"ambientocclusion": false,
	"texture_size": [256, 256],
	"textures": {
		"0": "block/crops/wheat_middle",
		"1": "block/crops/wheat_middle_circle_hollow",
		"particle": "block/crops/wheat_middle"
	},
	"elements": [
		{
			"name": "hexadecagon",
			"from": [5.76131, 12, 12.8],
			"to": [6.23869, 12.6, 13.2],
			"rotation": {"angle": 45, "axis": "y", "origin": [6, 12.6, 14]},
			"faces": {
				"north": {"uv": [1, 8, 15, 16], "rotation": 180, "texture": "#0"},
				"south": {"uv": [0, 0, 0.0625, 0.0625], "texture": "#0"}
			}
		},
		{
			"name": "hexadecagon",
			"from": [5.76131, 12, 12.8],
			"to": [6.23869, 12.6, 13.2],
			"rotation": {"angle": 22.5, "axis": "y", "origin": [6, 12.6, 14]},
			"faces": {
				"north": {"uv": [1, 8, 15, 16], "rotation": 180, "texture": "#0"},
				"south": {"uv": [0, 0, 0.0625, 0.0625], "texture": "#0"}
			}
		},
		{
			"name": "hexadecagon",
			"from": [5.76131, 12, 12.8],
			"to": [6.23869, 12.6, 13.2],
			"rotation": {"angle": 0, "axis": "z", "origin": [6, 12.6, 14]},
			"faces": {
				"north": {"uv": [1, 8, 15, 16], "rotation": 180, "texture": "#0"},
				"south": {"uv": [0, 0, 0.0625, 0.0625], "texture": "#0"}
			}
		},
		{
			"name": "hexadecagon",
			"from": [5.76131, 12, 12.8],
			"to": [6.23869, 12.6, 13.2],
			"rotation": {"angle": -22.5, "axis": "y", "origin": [6, 12.6, 14]},
			"faces": {
				"north": {"uv": [1, 8, 15, 16], "rotation": 180, "texture": "#0"},
				"south": {"uv": [0, 0, 0.0625, 0.0625], "texture": "#0"}
			}
		},
		{
			"name": "hexadecagon",
			"from": [5.76131, 12, 12.8],
			"to": [6.23869, 12.6, 13.2],
			"rotation": {"angle": -45, "axis": "y", "origin": [6, 12.6, 14]},
			"faces": {
				"north": {"uv": [1, 8, 15, 16], "rotation": 180, "texture": "#0"},
				"south": {"uv": [0, 0, 0.0625, 0.0625], "texture": "#0"}
			}
		},
		{
			"name": "hexadecagon",
			"from": [5.76131, 12, 14.8],
			"to": [6.23869, 12.6, 15.2],
			"rotation": {"angle": 45, "axis": "y", "origin": [6, 12.6, 14]},
			"faces": {
				"north": {"uv": [0, 0, 0.0625, 0.0625], "rotation": 180, "texture": "#0"},
				"south": {"uv": [1, 0, 15, 8], "texture": "#0"}
			}
		},
		{
			"name": "hexadecagon",
			"from": [5.76131, 12, 14.8],
			"to": [6.23869, 12.6, 15.2],
			"rotation": {"angle": 22.5, "axis": "y", "origin": [6, 12.6, 14]},
			"faces": {
				"north": {"uv": [0, 0, 0.0625, 0.0625], "rotation": 180, "texture": "#0"},
				"south": {"uv": [1, 0, 15, 8], "texture": "#0"}
			}
		},
		{
			"name": "hexadecagon",
			"from": [5.76131, 12, 14.8],
			"to": [6.23869, 12.6, 15.2],
			"rotation": {"angle": 0, "axis": "z", "origin": [6, 12.6, 14]},
			"faces": {
				"north": {"uv": [0, 0, 0.0625, 0.0625], "rotation": 180, "texture": "#0"},
				"south": {"uv": [1, 0, 15, 8], "texture": "#0"}
			}
		},
		{
			"name": "hexadecagon",
			"from": [5.76131, 12, 14.8],
			"to": [6.23869, 12.6, 15.2],
			"rotation": {"angle": -22.5, "axis": "y", "origin": [6, 12.6, 14]},
			"faces": {
				"north": {"uv": [0, 0, 0.0625, 0.0625], "rotation": 180, "texture": "#0"},
				"south": {"uv": [1, 0, 15, 8], "texture": "#0"}
			}
		},
		{
			"name": "hexadecagon",
			"from": [5.76131, 12, 14.8],
			"to": [6.23869, 12.6, 15.2],
			"rotation": {"angle": -45, "axis": "y", "origin": [6, 12.6, 14]},
			"faces": {
				"north": {"uv": [0, 0, 0.0625, 0.0625], "rotation": 180, "texture": "#0"},
				"south": {"uv": [1, 0, 15, 8], "texture": "#0"}
			}
		},
		{
			"name": "hexadecagon",
			"from": [4.8, 12, 13.76131],
			"to": [5.2, 12.6, 14.23869],
			"rotation": {"angle": 22.5, "axis": "y", "origin": [6, 12.6, 14]},
			"faces": {
				"east": {"uv": [0, 0, 0.0625, 0.0625], "rotation": 270, "texture": "#0"},
				"west": {"uv": [0, 1, 8, 15], "rotation": 90, "texture": "#0"}
			}
		},
		{
			"name": "hexadecagon",
			"from": [4.8, 12, 13.76131],
			"to": [5.2, 12.6, 14.23869],
			"rotation": {"angle": 0, "axis": "z", "origin": [6, 12.6, 14]},
			"faces": {
				"east": {"uv": [0, 0, 0.0625, 0.0625], "rotation": 270, "texture": "#0"},
				"west": {"uv": [0, 1, 8, 15], "rotation": 90, "texture": "#0"}
			}
		},
		{
			"name": "hexadecagon",
			"from": [4.8, 12, 13.76131],
			"to": [5.2, 12.6, 14.23869],
			"rotation": {"angle": -22.5, "axis": "y", "origin": [6, 12.6, 14]},
			"faces": {
				"east": {"uv": [0, 0, 0.0625, 0.0625], "rotation": 270, "texture": "#0"},
				"west": {"uv": [0, 1, 8, 15], "rotation": 90, "texture": "#0"}
			}
		},
		{
			"name": "hexadecagon",
			"from": [6.8, 12, 13.76131],
			"to": [7.2, 12.6, 14.23869],
			"rotation": {"angle": 22.5, "axis": "y", "origin": [6, 12.6, 14]},
			"faces": {
				"east": {"uv": [8, 1, 16, 15], "rotation": 270, "texture": "#0"},
				"west": {"uv": [0, 0, 0.0625, 0.0625], "rotation": 90, "texture": "#0"}
			}
		},
		{
			"name": "hexadecagon",
			"from": [6.8, 12, 13.76131],
			"to": [7.2, 12.6, 14.23869],
			"rotation": {"angle": 0, "axis": "z", "origin": [6, 12.6, 14]},
			"faces": {
				"east": {"uv": [8, 1, 16, 15], "rotation": 270, "texture": "#0"},
				"west": {"uv": [0, 0, 0.0625, 0.0625], "rotation": 90, "texture": "#0"}
			}
		},
		{
			"name": "hexadecagon",
			"from": [6.8, 12, 13.76131],
			"to": [7.2, 12.6, 14.23869],
			"rotation": {"angle": -22.5, "axis": "y", "origin": [6, 12.6, 14]},
			"faces": {
				"east": {"uv": [8, 1, 16, 15], "rotation": 270, "texture": "#0"},
				"west": {"uv": [0, 0, 0.0625, 0.0625], "rotation": 90, "texture": "#0"}
			}
		},
		{
			"from": [4.8, 12.6, 12.8],
			"to": [7.2, 12.6, 15.2],
			"rotation": {"angle": 0, "axis": "y", "origin": [0, 21.2, -7]},
			"faces": {
				"up": {"uv": [0, 0, 16, 16], "rotation": 180, "texture": "#1"},
				"down": {"uv": [0, 0, 16, 16], "texture": "#1"}
			}
		},
		{
			"name": "hexadecagon",
			"from": [5.76131, 7.4, 12.8],
			"to": [6.23869, 8, 13.2],
			"rotation": {"angle": 45, "axis": "y", "origin": [6, 7.4, 14]},
			"faces": {
				"north": {"uv": [1, 16, 15, 8], "rotation": 180, "texture": "#0"},
				"south": {"uv": [0, 0.0625, 0.0625, 0], "texture": "#0"}
			}
		},
		{
			"name": "hexadecagon",
			"from": [5.76131, 7.4, 12.8],
			"to": [6.23869, 8, 13.2],
			"rotation": {"angle": 22.5, "axis": "y", "origin": [6, 7.4, 14]},
			"faces": {
				"north": {"uv": [1, 16, 15, 8], "rotation": 180, "texture": "#0"},
				"south": {"uv": [0, 0.0625, 0.0625, 0], "texture": "#0"}
			}
		},
		{
			"name": "hexadecagon",
			"from": [5.76131, 7.4, 12.8],
			"to": [6.23869, 8, 13.2],
			"rotation": {"angle": 0, "axis": "z", "origin": [6, 7.4, 14]},
			"faces": {
				"north": {"uv": [1, 16, 15, 8], "rotation": 180, "texture": "#0"},
				"south": {"uv": [0, 0.0625, 0.0625, 0], "texture": "#0"}
			}
		},
		{
			"name": "hexadecagon",
			"from": [5.76131, 7.4, 12.8],
			"to": [6.23869, 8, 13.2],
			"rotation": {"angle": -22.5, "axis": "y", "origin": [6, 7.4, 14]},
			"faces": {
				"north": {"uv": [1, 16, 15, 8], "rotation": 180, "texture": "#0"},
				"south": {"uv": [0, 0.0625, 0.0625, 0], "texture": "#0"}
			}
		},
		{
			"name": "hexadecagon",
			"from": [5.76131, 7.4, 12.8],
			"to": [6.23869, 8, 13.2],
			"rotation": {"angle": -45, "axis": "y", "origin": [6, 7.4, 14]},
			"faces": {
				"north": {"uv": [1, 16, 15, 8], "rotation": 180, "texture": "#0"},
				"south": {"uv": [0, 0.0625, 0.0625, 0], "texture": "#0"}
			}
		},
		{
			"name": "hexadecagon",
			"from": [5.76131, 7.4, 14.8],
			"to": [6.23869, 8, 15.2],
			"rotation": {"angle": 45, "axis": "y", "origin": [6, 7.4, 14]},
			"faces": {
				"north": {"uv": [0, 0.0625, 0.0625, 0], "rotation": 180, "texture": "#0"},
				"south": {"uv": [1, 8, 15, 0], "texture": "#0"}
			}
		},
		{
			"name": "hexadecagon",
			"from": [5.76131, 7.4, 14.8],
			"to": [6.23869, 8, 15.2],
			"rotation": {"angle": 22.5, "axis": "y", "origin": [6, 7.4, 14]},
			"faces": {
				"north": {"uv": [0, 0.0625, 0.0625, 0], "rotation": 180, "texture": "#0"},
				"south": {"uv": [1, 8, 15, 0], "texture": "#0"}
			}
		},
		{
			"name": "hexadecagon",
			"from": [5.76131, 7.4, 14.8],
			"to": [6.23869, 8, 15.2],
			"rotation": {"angle": 0, "axis": "z", "origin": [6, 7.4, 14]},
			"faces": {
				"north": {"uv": [0, 0.0625, 0.0625, 0], "rotation": 180, "texture": "#0"},
				"south": {"uv": [1, 8, 15, 0], "texture": "#0"}
			}
		},
		{
			"name": "hexadecagon",
			"from": [5.76131, 7.4, 14.8],
			"to": [6.23869, 8, 15.2],
			"rotation": {"angle": -22.5, "axis": "y", "origin": [6, 7.4, 14]},
			"faces": {
				"north": {"uv": [0, 0.0625, 0.0625, 0], "rotation": 180, "texture": "#0"},
				"south": {"uv": [1, 8, 15, 0], "texture": "#0"}
			}
		},
		{
			"name": "hexadecagon",
			"from": [5.76131, 7.4, 14.8],
			"to": [6.23869, 8, 15.2],
			"rotation": {"angle": -45, "axis": "y", "origin": [6, 7.4, 14]},
			"faces": {
				"north": {"uv": [0, 0.0625, 0.0625, 0], "rotation": 180, "texture": "#0"},
				"south": {"uv": [1, 8, 15, 0], "texture": "#0"}
			}
		},
		{
			"name": "hexadecagon",
			"from": [4.8, 7.4, 13.76131],
			"to": [5.2, 8, 14.23869],
			"rotation": {"angle": 22.5, "axis": "y", "origin": [6, 7.4, 14]},
			"faces": {
				"east": {"uv": [0.0625, 0, 0, 0.0625], "rotation": 270, "texture": "#0"},
				"west": {"uv": [8, 1, 0, 15], "rotation": 90, "texture": "#0"}
			}
		},
		{
			"name": "hexadecagon",
			"from": [4.8, 7.4, 13.76131],
			"to": [5.2, 8, 14.23869],
			"rotation": {"angle": 0, "axis": "z", "origin": [6, 7.4, 14]},
			"faces": {
				"east": {"uv": [0.0625, 0, 0, 0.0625], "rotation": 270, "texture": "#0"},
				"west": {"uv": [8, 1, 0, 15], "rotation": 90, "texture": "#0"}
			}
		},
		{
			"name": "hexadecagon",
			"from": [4.8, 7.4, 13.76131],
			"to": [5.2, 8, 14.23869],
			"rotation": {"angle": -22.5, "axis": "y", "origin": [6, 7.4, 14]},
			"faces": {
				"east": {"uv": [0.0625, 0, 0, 0.0625], "rotation": 270, "texture": "#0"},
				"west": {"uv": [8, 1, 0, 15], "rotation": 90, "texture": "#0"}
			}
		},
		{
			"name": "hexadecagon",
			"from": [6.8, 7.4, 13.76131],
			"to": [7.2, 8, 14.23869],
			"rotation": {"angle": 22.5, "axis": "y", "origin": [6, 7.4, 14]},
			"faces": {
				"east": {"uv": [16, 1, 8, 15], "rotation": 270, "texture": "#0"},
				"west": {"uv": [0.0625, 0, 0, 0.0625], "rotation": 90, "texture": "#0"}
			}
		},
		{
			"name": "hexadecagon",
			"from": [6.8, 7.4, 13.76131],
			"to": [7.2, 8, 14.23869],
			"rotation": {"angle": 0, "axis": "z", "origin": [6, 7.4, 14]},
			"faces": {
				"east": {"uv": [16, 1, 8, 15], "rotation": 270, "texture": "#0"},
				"west": {"uv": [0.0625, 0, 0, 0.0625], "rotation": 90, "texture": "#0"}
			}
		},
		{
			"name": "hexadecagon",
			"from": [6.8, 7.4, 13.76131],
			"to": [7.2, 8, 14.23869],
			"rotation": {"angle": -22.5, "axis": "y", "origin": [6, 7.4, 14]},
			"faces": {
				"east": {"uv": [16, 1, 8, 15], "rotation": 270, "texture": "#0"},
				"west": {"uv": [0.0625, 0, 0, 0.0625], "rotation": 90, "texture": "#0"}
			}
		},
		{
			"from": [4.8, 7.4, 12.8],
			"to": [7.2, 7.4, 15.2],
			"rotation": {"angle": 0, "axis": "y", "origin": [0, -1.2, -7]},
			"faces": {
				"up": {"uv": [0, 16, 16, 0], "texture": "#1"},
				"down": {"uv": [0, 16, 16, 0], "rotation": 180, "texture": "#1"}
			}
		},
		{
			"name": "hexadecagon",
			"from": [5.76131, 10.8, 11.4],
			"to": [6.23869, 11.2, 12],
			"rotation": {"angle": 45, "axis": "z", "origin": [6, 10, 11.4]},
			"faces": {
				"up": {"uv": [1, 16, 15, 8], "texture": "#0"},
				"down": {"uv": [0, 0.0625, 0.0625, 0], "texture": "#0"}
			}
		},
		{
			"name": "hexadecagon",
			"from": [5.76131, 10.8, 11.4],
			"to": [6.23869, 11.2, 12],
			"rotation": {"angle": 22.5, "axis": "z", "origin": [6, 10, 11.4]},
			"faces": {
				"up": {"uv": [1, 16, 15, 8], "texture": "#0"},
				"down": {"uv": [0, 0.0625, 0.0625, 0], "texture": "#0"}
			}
		},
		{
			"name": "hexadecagon",
			"from": [5.76131, 10.8, 11.4],
			"to": [6.23869, 11.2, 12],
			"rotation": {"angle": 0, "axis": "z", "origin": [6, 10, 11.4]},
			"faces": {
				"up": {"uv": [1, 16, 15, 8], "texture": "#0"},
				"down": {"uv": [0, 0.0625, 0.0625, 0], "texture": "#0"}
			}
		},
		{
			"name": "hexadecagon",
			"from": [5.76131, 10.8, 11.4],
			"to": [6.23869, 11.2, 12],
			"rotation": {"angle": -22.5, "axis": "z", "origin": [6, 10, 11.4]},
			"faces": {
				"up": {"uv": [1, 16, 15, 8], "texture": "#0"},
				"down": {"uv": [0, 0.0625, 0.0625, 0], "texture": "#0"}
			}
		},
		{
			"name": "hexadecagon",
			"from": [5.76131, 10.8, 11.4],
			"to": [6.23869, 11.2, 12],
			"rotation": {"angle": -45, "axis": "z", "origin": [6, 10, 11.4]},
			"faces": {
				"up": {"uv": [1, 16, 15, 8], "texture": "#0"},
				"down": {"uv": [0, 0.0625, 0.0625, 0], "texture": "#0"}
			}
		},
		{
			"name": "hexadecagon",
			"from": [5.76131, 8.8, 11.4],
			"to": [6.23869, 9.2, 12],
			"rotation": {"angle": 45, "axis": "z", "origin": [6, 10, 11.4]},
			"faces": {
				"up": {"uv": [0, 0.0625, 0.0625, 0], "texture": "#0"},
				"down": {"uv": [1, 8, 15, 0], "texture": "#0"}
			}
		},
		{
			"name": "hexadecagon",
			"from": [5.76131, 8.8, 11.4],
			"to": [6.23869, 9.2, 12],
			"rotation": {"angle": 22.5, "axis": "z", "origin": [6, 10, 11.4]},
			"faces": {
				"up": {"uv": [0, 0.0625, 0.0625, 0], "texture": "#0"},
				"down": {"uv": [1, 8, 15, 0], "texture": "#0"}
			}
		},
		{
			"name": "hexadecagon",
			"from": [5.76131, 8.8, 11.4],
			"to": [6.23869, 9.2, 12],
			"rotation": {"angle": 0, "axis": "z", "origin": [6, 10, 11.4]},
			"faces": {
				"up": {"uv": [0, 0.0625, 0.0625, 0], "texture": "#0"},
				"down": {"uv": [1, 8, 15, 0], "texture": "#0"}
			}
		},
		{
			"name": "hexadecagon",
			"from": [5.76131, 8.8, 11.4],
			"to": [6.23869, 9.2, 12],
			"rotation": {"angle": -22.5, "axis": "z", "origin": [6, 10, 11.4]},
			"faces": {
				"up": {"uv": [0, 0.0625, 0.0625, 0], "texture": "#0"},
				"down": {"uv": [1, 8, 15, 0], "texture": "#0"}
			}
		},
		{
			"name": "hexadecagon",
			"from": [5.76131, 8.8, 11.4],
			"to": [6.23869, 9.2, 12],
			"rotation": {"angle": -45, "axis": "z", "origin": [6, 10, 11.4]},
			"faces": {
				"up": {"uv": [0, 0.0625, 0.0625, 0], "texture": "#0"},
				"down": {"uv": [1, 8, 15, 0], "texture": "#0"}
			}
		},
		{
			"name": "hexadecagon",
			"from": [4.8, 9.76131, 11.4],
			"to": [5.2, 10.23869, 12],
			"rotation": {"angle": 22.5, "axis": "z", "origin": [6, 10, 11.4]},
			"faces": {
				"east": {"uv": [0.0625, 0, 0, 0.0625], "rotation": 180, "texture": "#0"},
				"west": {"uv": [8, 1, 0, 15], "rotation": 180, "texture": "#0"}
			}
		},
		{
			"name": "hexadecagon",
			"from": [4.8, 9.76131, 11.4],
			"to": [5.2, 10.23869, 12],
			"rotation": {"angle": 0, "axis": "z", "origin": [6, 10, 11.4]},
			"faces": {
				"east": {"uv": [0.0625, 0, 0, 0.0625], "rotation": 180, "texture": "#0"},
				"west": {"uv": [8, 1, 0, 15], "rotation": 180, "texture": "#0"}
			}
		},
		{
			"name": "hexadecagon",
			"from": [4.8, 9.76131, 11.4],
			"to": [5.2, 10.23869, 12],
			"rotation": {"angle": -22.5, "axis": "z", "origin": [6, 10, 11.4]},
			"faces": {
				"east": {"uv": [0.0625, 0, 0, 0.0625], "rotation": 180, "texture": "#0"},
				"west": {"uv": [8, 1, 0, 15], "rotation": 180, "texture": "#0"}
			}
		},
		{
			"name": "hexadecagon",
			"from": [6.8, 9.76131, 11.4],
			"to": [7.2, 10.23869, 12],
			"rotation": {"angle": 22.5, "axis": "z", "origin": [6, 10, 11.4]},
			"faces": {
				"east": {"uv": [16, 1, 8, 15], "rotation": 180, "texture": "#0"},
				"west": {"uv": [0.0625, 0, 0, 0.0625], "rotation": 180, "texture": "#0"}
			}
		},
		{
			"name": "hexadecagon",
			"from": [6.8, 9.76131, 11.4],
			"to": [7.2, 10.23869, 12],
			"rotation": {"angle": 0, "axis": "z", "origin": [6, 10, 11.4]},
			"faces": {
				"east": {"uv": [16, 1, 8, 15], "rotation": 180, "texture": "#0"},
				"west": {"uv": [0.0625, 0, 0, 0.0625], "rotation": 180, "texture": "#0"}
			}
		},
		{
			"name": "hexadecagon",
			"from": [6.8, 9.76131, 11.4],
			"to": [7.2, 10.23869, 12],
			"rotation": {"angle": -22.5, "axis": "z", "origin": [6, 10, 11.4]},
			"faces": {
				"east": {"uv": [16, 1, 8, 15], "rotation": 180, "texture": "#0"},
				"west": {"uv": [0.0625, 0, 0, 0.0625], "rotation": 180, "texture": "#0"}
			}
		},
		{
			"from": [4.8, 8.8, 11.4],
			"to": [7.2, 11.2, 11.4],
			"rotation": {"angle": 0, "axis": "y", "origin": [0, 31, 2.8]},
			"faces": {
				"north": {"uv": [0, 16, 16, 0], "texture": "#1"},
				"south": {"uv": [0, 16, 16, 0], "texture": "#1"}
			}
		},
		{
			"name": "hexadecagon",
			"from": [3.4, 9.76131, 12.8],
			"to": [4, 10.23869, 13.2],
			"rotation": {"angle": -45, "axis": "x", "origin": [3.4, 10, 14]},
			"faces": {
				"north": {"uv": [1, 8, 15, 16], "rotation": 270, "texture": "#0"},
				"south": {"uv": [0, 0, 0.0625, 0.0625], "rotation": 270, "texture": "#0"}
			}
		},
		{
			"name": "hexadecagon",
			"from": [3.4, 9.76131, 12.8],
			"to": [4, 10.23869, 13.2],
			"rotation": {"angle": -22.5, "axis": "x", "origin": [3.4, 10, 14]},
			"faces": {
				"north": {"uv": [1, 8, 15, 16], "rotation": 270, "texture": "#0"},
				"south": {"uv": [0, 0, 0.0625, 0.0625], "rotation": 270, "texture": "#0"}
			}
		},
		{
			"name": "hexadecagon",
			"from": [3.4, 9.76131, 12.8],
			"to": [4, 10.23869, 13.2],
			"rotation": {"angle": 0, "axis": "z", "origin": [3.4, 10, 14]},
			"faces": {
				"north": {"uv": [1, 8, 15, 16], "rotation": 270, "texture": "#0"},
				"south": {"uv": [0, 0, 0.0625, 0.0625], "rotation": 270, "texture": "#0"}
			}
		},
		{
			"name": "hexadecagon",
			"from": [3.4, 9.76131, 12.8],
			"to": [4, 10.23869, 13.2],
			"rotation": {"angle": 22.5, "axis": "x", "origin": [3.4, 10, 14]},
			"faces": {
				"north": {"uv": [1, 8, 15, 16], "rotation": 270, "texture": "#0"},
				"south": {"uv": [0, 0, 0.0625, 0.0625], "rotation": 270, "texture": "#0"}
			}
		},
		{
			"name": "hexadecagon",
			"from": [3.4, 9.76131, 12.8],
			"to": [4, 10.23869, 13.2],
			"rotation": {"angle": 45, "axis": "x", "origin": [3.4, 10, 14]},
			"faces": {
				"north": {"uv": [1, 8, 15, 16], "rotation": 270, "texture": "#0"},
				"south": {"uv": [0, 0, 0.0625, 0.0625], "rotation": 270, "texture": "#0"}
			}
		},
		{
			"name": "hexadecagon",
			"from": [3.4, 9.76131, 14.8],
			"to": [4, 10.23869, 15.2],
			"rotation": {"angle": -45, "axis": "x", "origin": [3.4, 10, 14]},
			"faces": {
				"north": {"uv": [0, 0, 0.0625, 0.0625], "rotation": 270, "texture": "#0"},
				"south": {"uv": [1, 0, 15, 8], "rotation": 270, "texture": "#0"}
			}
		},
		{
			"name": "hexadecagon",
			"from": [3.4, 9.76131, 14.8],
			"to": [4, 10.23869, 15.2],
			"rotation": {"angle": -22.5, "axis": "x", "origin": [3.4, 10, 14]},
			"faces": {
				"north": {"uv": [0, 0, 0.0625, 0.0625], "rotation": 270, "texture": "#0"},
				"south": {"uv": [1, 0, 15, 8], "rotation": 270, "texture": "#0"}
			}
		},
		{
			"name": "hexadecagon",
			"from": [3.4, 9.76131, 14.8],
			"to": [4, 10.23869, 15.2],
			"rotation": {"angle": 0, "axis": "z", "origin": [3.4, 10, 14]},
			"faces": {
				"north": {"uv": [0, 0, 0.0625, 0.0625], "rotation": 270, "texture": "#0"},
				"south": {"uv": [1, 0, 15, 8], "rotation": 270, "texture": "#0"}
			}
		},
		{
			"name": "hexadecagon",
			"from": [3.4, 9.76131, 14.8],
			"to": [4, 10.23869, 15.2],
			"rotation": {"angle": 22.5, "axis": "x", "origin": [3.4, 10, 14]},
			"faces": {
				"north": {"uv": [0, 0, 0.0625, 0.0625], "rotation": 270, "texture": "#0"},
				"south": {"uv": [1, 0, 15, 8], "rotation": 270, "texture": "#0"}
			}
		},
		{
			"name": "hexadecagon",
			"from": [3.4, 9.76131, 14.8],
			"to": [4, 10.23869, 15.2],
			"rotation": {"angle": 45, "axis": "x", "origin": [3.4, 10, 14]},
			"faces": {
				"north": {"uv": [0, 0, 0.0625, 0.0625], "rotation": 270, "texture": "#0"},
				"south": {"uv": [1, 0, 15, 8], "rotation": 270, "texture": "#0"}
			}
		},
		{
			"name": "hexadecagon",
			"from": [3.4, 8.8, 13.76131],
			"to": [4, 9.2, 14.23869],
			"rotation": {"angle": -22.5, "axis": "x", "origin": [3.4, 10, 14]},
			"faces": {
				"up": {"uv": [0, 0, 0.0625, 0.0625], "rotation": 180, "texture": "#0"},
				"down": {"uv": [0, 1, 8, 15], "texture": "#0"}
			}
		},
		{
			"name": "hexadecagon",
			"from": [3.4, 8.8, 13.76131],
			"to": [4, 9.2, 14.23869],
			"rotation": {"angle": 0, "axis": "z", "origin": [3.4, 10, 14]},
			"faces": {
				"up": {"uv": [0, 0, 0.0625, 0.0625], "rotation": 180, "texture": "#0"},
				"down": {"uv": [0, 1, 8, 15], "texture": "#0"}
			}
		},
		{
			"name": "hexadecagon",
			"from": [3.4, 8.8, 13.76131],
			"to": [4, 9.2, 14.23869],
			"rotation": {"angle": 22.5, "axis": "x", "origin": [3.4, 10, 14]},
			"faces": {
				"up": {"uv": [0, 0, 0.0625, 0.0625], "rotation": 180, "texture": "#0"},
				"down": {"uv": [0, 1, 8, 15], "texture": "#0"}
			}
		},
		{
			"name": "hexadecagon",
			"from": [3.4, 10.8, 13.76131],
			"to": [4, 11.2, 14.23869],
			"rotation": {"angle": -22.5, "axis": "x", "origin": [3.4, 10, 14]},
			"faces": {
				"up": {"uv": [8, 1, 16, 15], "rotation": 180, "texture": "#0"},
				"down": {"uv": [0, 0, 0.0625, 0.0625], "texture": "#0"}
			}
		},
		{
			"name": "hexadecagon",
			"from": [3.4, 10.8, 13.76131],
			"to": [4, 11.2, 14.23869],
			"rotation": {"angle": 0, "axis": "z", "origin": [3.4, 10, 14]},
			"faces": {
				"up": {"uv": [8, 1, 16, 15], "rotation": 180, "texture": "#0"},
				"down": {"uv": [0, 0, 0.0625, 0.0625], "texture": "#0"}
			}
		},
		{
			"name": "hexadecagon",
			"from": [3.4, 10.8, 13.76131],
			"to": [4, 11.2, 14.23869],
			"rotation": {"angle": 22.5, "axis": "x", "origin": [3.4, 10, 14]},
			"faces": {
				"up": {"uv": [8, 1, 16, 15], "rotation": 180, "texture": "#0"},
				"down": {"uv": [0, 0, 0.0625, 0.0625], "texture": "#0"}
			}
		},
		{
			"from": [3.4, 8.8, 12.8],
			"to": [3.4, 11.2, 15.2],
			"rotation": {"angle": 0, "axis": "y", "origin": [-5.2, 4, -7]},
			"faces": {
				"east": {"uv": [0, 0, 16, 16], "rotation": 270, "texture": "#1"},
				"west": {"uv": [0, 0, 16, 16], "rotation": 90, "texture": "#1"}
			}
		},
		{
			"name": "hexadecagon",
			"from": [8, 9.76131, 12.8],
			"to": [8.6, 10.23869, 13.2],
			"rotation": {"angle": -45, "axis": "x", "origin": [8.6, 10, 14]},
			"faces": {
				"north": {"uv": [1, 16, 15, 8], "rotation": 270, "texture": "#0"},
				"south": {"uv": [0, 0.0625, 0.0625, 0], "rotation": 270, "texture": "#0"}
			}
		},
		{
			"name": "hexadecagon",
			"from": [8, 9.76131, 12.8],
			"to": [8.6, 10.23869, 13.2],
			"rotation": {"angle": -22.5, "axis": "x", "origin": [8.6, 10, 14]},
			"faces": {
				"north": {"uv": [1, 16, 15, 8], "rotation": 270, "texture": "#0"},
				"south": {"uv": [0, 0.0625, 0.0625, 0], "rotation": 270, "texture": "#0"}
			}
		},
		{
			"name": "hexadecagon",
			"from": [8, 9.76131, 12.8],
			"to": [8.6, 10.23869, 13.2],
			"rotation": {"angle": 0, "axis": "z", "origin": [8.6, 10, 14]},
			"faces": {
				"north": {"uv": [1, 16, 15, 8], "rotation": 270, "texture": "#0"},
				"south": {"uv": [0, 0.0625, 0.0625, 0], "rotation": 270, "texture": "#0"}
			}
		},
		{
			"name": "hexadecagon",
			"from": [8, 9.76131, 12.8],
			"to": [8.6, 10.23869, 13.2],
			"rotation": {"angle": 22.5, "axis": "x", "origin": [8.6, 10, 14]},
			"faces": {
				"north": {"uv": [1, 16, 15, 8], "rotation": 270, "texture": "#0"},
				"south": {"uv": [0, 0.0625, 0.0625, 0], "rotation": 270, "texture": "#0"}
			}
		},
		{
			"name": "hexadecagon",
			"from": [8, 9.76131, 12.8],
			"to": [8.6, 10.23869, 13.2],
			"rotation": {"angle": 45, "axis": "x", "origin": [8.6, 10, 14]},
			"faces": {
				"north": {"uv": [1, 16, 15, 8], "rotation": 270, "texture": "#0"},
				"south": {"uv": [0, 0.0625, 0.0625, 0], "rotation": 270, "texture": "#0"}
			}
		},
		{
			"name": "hexadecagon",
			"from": [8, 9.76131, 14.8],
			"to": [8.6, 10.23869, 15.2],
			"rotation": {"angle": -45, "axis": "x", "origin": [8.6, 10, 14]},
			"faces": {
				"north": {"uv": [0, 0.0625, 0.0625, 0], "rotation": 270, "texture": "#0"},
				"south": {"uv": [1, 8, 15, 0], "rotation": 270, "texture": "#0"}
			}
		},
		{
			"name": "hexadecagon",
			"from": [8, 9.76131, 14.8],
			"to": [8.6, 10.23869, 15.2],
			"rotation": {"angle": -22.5, "axis": "x", "origin": [8.6, 10, 14]},
			"faces": {
				"north": {"uv": [0, 0.0625, 0.0625, 0], "rotation": 270, "texture": "#0"},
				"south": {"uv": [1, 8, 15, 0], "rotation": 270, "texture": "#0"}
			}
		},
		{
			"name": "hexadecagon",
			"from": [8, 9.76131, 14.8],
			"to": [8.6, 10.23869, 15.2],
			"rotation": {"angle": 0, "axis": "z", "origin": [8.6, 10, 14]},
			"faces": {
				"north": {"uv": [0, 0.0625, 0.0625, 0], "rotation": 270, "texture": "#0"},
				"south": {"uv": [1, 8, 15, 0], "rotation": 270, "texture": "#0"}
			}
		},
		{
			"name": "hexadecagon",
			"from": [8, 9.76131, 14.8],
			"to": [8.6, 10.23869, 15.2],
			"rotation": {"angle": 22.5, "axis": "x", "origin": [8.6, 10, 14]},
			"faces": {
				"north": {"uv": [0, 0.0625, 0.0625, 0], "rotation": 270, "texture": "#0"},
				"south": {"uv": [1, 8, 15, 0], "rotation": 270, "texture": "#0"}
			}
		},
		{
			"name": "hexadecagon",
			"from": [8, 9.76131, 14.8],
			"to": [8.6, 10.23869, 15.2],
			"rotation": {"angle": 45, "axis": "x", "origin": [8.6, 10, 14]},
			"faces": {
				"north": {"uv": [0, 0.0625, 0.0625, 0], "rotation": 270, "texture": "#0"},
				"south": {"uv": [1, 8, 15, 0], "rotation": 270, "texture": "#0"}
			}
		},
		{
			"name": "hexadecagon",
			"from": [8, 8.8, 13.76131],
			"to": [8.6, 9.2, 14.23869],
			"rotation": {"angle": -22.5, "axis": "x", "origin": [8.6, 10, 14]},
			"faces": {
				"up": {"uv": [0.0625, 0, 0, 0.0625], "rotation": 180, "texture": "#0"},
				"down": {"uv": [8, 1, 0, 15], "texture": "#0"}
			}
		},
		{
			"name": "hexadecagon",
			"from": [8, 8.8, 13.76131],
			"to": [8.6, 9.2, 14.23869],
			"rotation": {"angle": 0, "axis": "z", "origin": [8.6, 10, 14]},
			"faces": {
				"up": {"uv": [0.0625, 0, 0, 0.0625], "rotation": 180, "texture": "#0"},
				"down": {"uv": [8, 1, 0, 15], "texture": "#0"}
			}
		},
		{
			"name": "hexadecagon",
			"from": [8, 8.8, 13.76131],
			"to": [8.6, 9.2, 14.23869],
			"rotation": {"angle": 22.5, "axis": "x", "origin": [8.6, 10, 14]},
			"faces": {
				"up": {"uv": [0.0625, 0, 0, 0.0625], "rotation": 180, "texture": "#0"},
				"down": {"uv": [8, 1, 0, 15], "texture": "#0"}
			}
		},
		{
			"name": "hexadecagon",
			"from": [8, 10.8, 13.76131],
			"to": [8.6, 11.2, 14.23869],
			"rotation": {"angle": -22.5, "axis": "x", "origin": [8.6, 10, 14]},
			"faces": {
				"up": {"uv": [16, 1, 8, 15], "rotation": 180, "texture": "#0"},
				"down": {"uv": [0.0625, 0, 0, 0.0625], "texture": "#0"}
			}
		},
		{
			"name": "hexadecagon",
			"from": [8, 10.8, 13.76131],
			"to": [8.6, 11.2, 14.23869],
			"rotation": {"angle": 0, "axis": "z", "origin": [8.6, 10, 14]},
			"faces": {
				"up": {"uv": [16, 1, 8, 15], "rotation": 180, "texture": "#0"},
				"down": {"uv": [0.0625, 0, 0, 0.0625], "texture": "#0"}
			}
		},
		{
			"name": "hexadecagon",
			"from": [8, 10.8, 13.76131],
			"to": [8.6, 11.2, 14.23869],
			"rotation": {"angle": 22.5, "axis": "x", "origin": [8.6, 10, 14]},
			"faces": {
				"up": {"uv": [16, 1, 8, 15], "rotation": 180, "texture": "#0"},
				"down": {"uv": [0.0625, 0, 0, 0.0625], "texture": "#0"}
			}
		},
		{
			"from": [8.6, 8.8, 12.8],
			"to": [8.6, 11.2, 15.2],
			"rotation": {"angle": 0, "axis": "y", "origin": [17.2, 4, -7]},
			"faces": {
				"east": {"uv": [0, 16, 16, 0], "rotation": 90, "texture": "#1"},
				"west": {"uv": [0, 16, 16, 0], "rotation": 270, "texture": "#1"}
			}
		},
		{
			"from": [4, 8, 12],
			"to": [8, 12, 16],
			"rotation": {"angle": 0, "axis": "y", "origin": [-2, 0, 1]},
			"faces": {
				"north": {"uv": [0, 0, 16, 16], "texture": "#0"},
				"east": {"uv": [0, 0, 16, 16], "texture": "#0"},
				"west": {"uv": [0, 0, 16, 16], "texture": "#0"},
				"up": {"uv": [0, 0, 16, 16], "texture": "#0"},
				"down": {"uv": [0, 0, 16, 16], "texture": "#0"}
			}
		}
	],
	"display": {
		"thirdperson_righthand": {
			"rotation": [0, 131, 0],
			"translation": [0, 2, 0]
		},
		"thirdperson_lefthand": {
			"rotation": [0, 131, 0],
			"translation": [0, 1.75, 0]
		},
		"firstperson_righthand": {
			"rotation": [-23, 0, 0],
			"translation": [3.75, 1, 0],
			"scale": [0.8, 0.8, 0.8]
		},
		"firstperson_lefthand": {
			"rotation": [-23, 0, 0],
			"translation": [3.75, 0, 0],
			"scale": [0.8, 0.8, 0.8]
		},
		"ground": {
			"translation": [0, 4.5, 0]
		},
		"gui": {
			"rotation": [0, -135, 45],
			"translation": [-3, -2, 0],
			"scale": [0.8, 0.8, 0.8]
		},
		"fixed": {
			"rotation": [0, 0, 45],
			"translation": [2.25, -2, -0.75]
		}
	},
	"groups": [
		{
			"name": "group",
			"origin": [0, 0, 0],
			"color": 0,
			"children": [
				{
					"name": "group",
					"origin": [8, 8, 8],
					"color": 0,
					"children": [0, 1, 2, 3, 4, 5, 6, 7, 8, 9, 10, 11, 12, 13, 14, 15, 16]
				},
				{
					"name": "group",
					"origin": [8, 8, 8],
					"color": 0,
					"children": [17, 18, 19, 20, 21, 22, 23, 24, 25, 26, 27, 28, 29, 30, 31, 32, 33]
				},
				{
					"name": "group",
					"origin": [8, 8, 8],
					"color": 0,
					"children": [34, 35, 36, 37, 38, 39, 40, 41, 42, 43, 44, 45, 46, 47, 48, 49, 50]
				},
				{
					"name": "group",
					"origin": [8, 8, 8],
					"color": 0,
					"children": [51, 52, 53, 54, 55, 56, 57, 58, 59, 60, 61, 62, 63, 64, 65, 66, 67]
				},
				{
					"name": "group",
					"origin": [8, 8, 8],
					"color": 0,
					"children": [68, 69, 70, 71, 72, 73, 74, 75, 76, 77, 78, 79, 80, 81, 82, 83, 84]
				}, 85]
		}
	]
}