{
	"credit": "Made with Blockbench",
	"ambientocclusion": false,
	"texture_size": [256, 256],
	"textures": {
		"0": "block/items/brown",
		"1": "block/items/red",
		"2": "block/items/red_circle_hollow",
		"3": "block/items/brown_circle_hollow",
		"8": "block/flower/orange_tulip_B",
		"particle": "block/items/red",
		"1_0": "block/flower/orange_tulip_top",
		"1_1": "block/items/orange_circle_hollow",
		"2_4": "block/flower/red_tulip_B"
	},
	"elements": [
		{
			"name": "hexadecagon",
			"from": [9.76131, 1.5, 8.8],
			"to": [10.23869, 2.2, 9.2],
			"rotation": {"angle": -45, "axis": "y", "origin": [10, 1.9, 10]},
			"faces": {
				"north": {"uv": [1, 0, 15, 15], "texture": "#1"},
				"south": {"uv": [0, 0, 1, 0.5], "texture": "#1"},
				"down": {"uv": [0, 0, 0.00781, 0.00781], "texture": "#1"}
			}
		},
		{
			"name": "hexadecagon",
			"from": [9.76131, 1.5, 8.8],
			"to": [10.23869, 2.2, 9.2],
			"rotation": {"angle": -22.5, "axis": "y", "origin": [10, 1.9, 10]},
			"faces": {
				"north": {"uv": [1, 0, 15, 15], "texture": "#1"},
				"south": {"uv": [0, 0, 1, 0.5], "texture": "#1"},
				"down": {"uv": [0, 0, 0.00781, 0.00781], "texture": "#1"}
			}
		},
		{
			"name": "hexadecagon",
			"from": [9.76131, 1.5, 8.8],
			"to": [10.23869, 2.2, 9.2],
			"rotation": {"angle": 0, "axis": "y", "origin": [10, 1.9, 10]},
			"faces": {
				"north": {"uv": [1, 0, 15, 15], "texture": "#1"},
				"south": {"uv": [0, 0, 1, 0.5], "texture": "#1"}
			}
		},
		{
			"name": "hexadecagon",
			"from": [9.76131, 1.5, 8.8],
			"to": [10.23869, 2.2, 9.2],
			"rotation": {"angle": 22.5, "axis": "y", "origin": [10, 1.9, 10]},
			"faces": {
				"north": {"uv": [1, 0, 15, 15], "texture": "#1"},
				"south": {"uv": [0, 0, 1, 0.5], "texture": "#1"},
				"down": {"uv": [0, 0, 0.00781, 0.00781], "texture": "#1"}
			}
		},
		{
			"name": "hexadecagon",
			"from": [9.76131, 1.5, 8.8],
			"to": [10.23869, 2.2, 9.2],
			"rotation": {"angle": 45, "axis": "y", "origin": [10, 1.9, 10]},
			"faces": {
				"north": {"uv": [1, 0, 15, 15], "texture": "#1"},
				"south": {"uv": [0, 0, 1, 0.5], "texture": "#1"},
				"down": {"uv": [0, 0, 0.00781, 0.00781], "texture": "#1"}
			}
		},
		{
			"name": "hexadecagon",
			"from": [9.76131, 1.5, 10.8],
			"to": [10.23869, 2.2, 11.2],
			"rotation": {"angle": -45, "axis": "y", "origin": [10, 1.9, 10]},
			"faces": {
				"north": {"uv": [0, 0, 1, 0.5], "texture": "#1"},
				"south": {"uv": [1, 0, 15, 15], "texture": "#1"},
				"down": {"uv": [0, 0, 0.00781, 0.00781], "texture": "#1"}
			}
		},
		{
			"name": "hexadecagon",
			"from": [9.76131, 1.5, 10.8],
			"to": [10.23869, 2.2, 11.2],
			"rotation": {"angle": -22.5, "axis": "y", "origin": [10, 1.9, 10]},
			"faces": {
				"north": {"uv": [0, 0, 1, 0.5], "texture": "#1"},
				"south": {"uv": [1, 0, 15, 15], "texture": "#1"},
				"down": {"uv": [0, 0, 0.00781, 0.00781], "texture": "#1"}
			}
		},
		{
			"name": "hexadecagon",
			"from": [9.76131, 1.5, 10.8],
			"to": [10.23869, 2.2, 11.2],
			"rotation": {"angle": 0, "axis": "y", "origin": [10, 1.9, 10]},
			"faces": {
				"north": {"uv": [0, 0, 1, 0.5], "texture": "#1"},
				"south": {"uv": [1, 0, 15, 15], "texture": "#1"}
			}
		},
		{
			"name": "hexadecagon",
			"from": [9.76131, 1.5, 10.8],
			"to": [10.23869, 2.2, 11.2],
			"rotation": {"angle": 22.5, "axis": "y", "origin": [10, 1.9, 10]},
			"faces": {
				"north": {"uv": [0, 0, 1, 0.5], "texture": "#1"},
				"south": {"uv": [1, 0, 15, 15], "texture": "#1"},
				"down": {"uv": [0, 0, 0.00781, 0.00781], "texture": "#1"}
			}
		},
		{
			"name": "hexadecagon",
			"from": [9.76131, 1.5, 10.8],
			"to": [10.23869, 2.2, 11.2],
			"rotation": {"angle": 45, "axis": "y", "origin": [10, 1.9, 10]},
			"faces": {
				"north": {"uv": [0, 0, 1, 0.5], "texture": "#1"},
				"south": {"uv": [1, 0, 15, 15], "texture": "#1"},
				"down": {"uv": [0, 0, 0.00781, 0.00781], "texture": "#1"}
			}
		},
		{
			"name": "hexadecagon",
			"from": [8.8, 1.5, 9.76131],
			"to": [9.2, 2.2, 10.23869],
			"rotation": {"angle": -22.5, "axis": "y", "origin": [10, 1.9, 10]},
			"faces": {
				"east": {"uv": [0, 0, 1, 0.5], "texture": "#1"},
				"west": {"uv": [1, 0, 15, 15], "texture": "#1"},
				"down": {"uv": [0, 0, 0.00781, 0.00781], "texture": "#1"}
			}
		},
		{
			"name": "hexadecagon",
			"from": [8.8, 1.5, 9.76131],
			"to": [9.2, 2.2, 10.23869],
			"rotation": {"angle": 0, "axis": "y", "origin": [10, 1.9, 10]},
			"faces": {
				"east": {"uv": [0, 0, 1, 0.5], "texture": "#1"},
				"west": {"uv": [1, 0, 15, 15], "texture": "#1"}
			}
		},
		{
			"name": "hexadecagon",
			"from": [8.8, 1.5, 9.76131],
			"to": [9.2, 2.2, 10.23869],
			"rotation": {"angle": 22.5, "axis": "y", "origin": [10, 1.9, 10]},
			"faces": {
				"east": {"uv": [0, 0, 1, 0.5], "texture": "#1"},
				"west": {"uv": [1, 0, 15, 15], "texture": "#1"},
				"down": {"uv": [0, 0, 0.00781, 0.00781], "texture": "#1"}
			}
		},
		{
			"name": "hexadecagon",
			"from": [10.8, 1.5, 9.76131],
			"to": [11.2, 2.2, 10.23869],
			"rotation": {"angle": -22.5, "axis": "y", "origin": [10, 1.9, 10]},
			"faces": {
				"east": {"uv": [1, 0, 15, 15], "texture": "#1"},
				"west": {"uv": [0, 0, 1, 0.5], "texture": "#1"},
				"down": {"uv": [0, 0, 0.00781, 0.00781], "texture": "#1"}
			}
		},
		{
			"name": "hexadecagon",
			"from": [10.8, 1.5, 9.76131],
			"to": [11.2, 2.2, 10.23869],
			"rotation": {"angle": 0, "axis": "y", "origin": [10, 1.9, 10]},
			"faces": {
				"east": {"uv": [1, 0, 15, 15], "texture": "#1"},
				"west": {"uv": [0, 0, 1, 0.5], "texture": "#1"}
			}
		},
		{
			"name": "hexadecagon",
			"from": [10.8, 1.5, 9.76131],
			"to": [11.2, 2.2, 10.23869],
			"rotation": {"angle": 22.5, "axis": "y", "origin": [10, 1.9, 10]},
			"faces": {
				"east": {"uv": [1, 0, 15, 15], "texture": "#1"},
				"west": {"uv": [0, 0, 1, 0.5], "texture": "#1"},
				"down": {"uv": [0, 0, 0.00781, 0.00781], "texture": "#1"}
			}
		},
		{
			"from": [8.8, 2.2, 8.8],
			"to": [11.2, 2.2, 11.2],
			"rotation": {"angle": 0, "axis": "y", "origin": [2, -8.6, 6]},
			"faces": {
				"up": {"uv": [0, 0, 16, 16], "texture": "#2"},
				"down": {"uv": [0, 0, 16, 16], "texture": "#2"}
			}
		},
		{
			"name": "hexadecagon",
			"from": [9.76131, 1.5, 4.8],
			"to": [10.23869, 2.2, 5.2],
			"rotation": {"angle": -45, "axis": "y", "origin": [10, 1.9, 6]},
			"faces": {
				"north": {"uv": [1, 0, 15, 15], "texture": "#1"},
				"south": {"uv": [0, 0, 1, 0.5], "texture": "#1"},
				"down": {"uv": [0, 0, 0.00781, 0.00781], "texture": "#1"}
			}
		},
		{
			"name": "hexadecagon",
			"from": [9.76131, 1.5, 4.8],
			"to": [10.23869, 2.2, 5.2],
			"rotation": {"angle": -22.5, "axis": "y", "origin": [10, 1.9, 6]},
			"faces": {
				"north": {"uv": [1, 0, 15, 15], "texture": "#1"},
				"south": {"uv": [0, 0, 1, 0.5], "texture": "#1"},
				"down": {"uv": [0, 0, 0.00781, 0.00781], "texture": "#1"}
			}
		},
		{
			"name": "hexadecagon",
			"from": [9.76131, 1.5, 4.8],
			"to": [10.23869, 2.2, 5.2],
			"rotation": {"angle": 0, "axis": "y", "origin": [10, 1.9, 6]},
			"faces": {
				"north": {"uv": [1, 0, 15, 15], "texture": "#1"},
				"south": {"uv": [0, 0, 1, 0.5], "texture": "#1"}
			}
		},
		{
			"name": "hexadecagon",
			"from": [9.76131, 1.5, 4.8],
			"to": [10.23869, 2.2, 5.2],
			"rotation": {"angle": 22.5, "axis": "y", "origin": [10, 1.9, 6]},
			"faces": {
				"north": {"uv": [1, 0, 15, 15], "texture": "#1"},
				"south": {"uv": [0, 0, 1, 0.5], "texture": "#1"},
				"down": {"uv": [0, 0, 0.00781, 0.00781], "texture": "#1"}
			}
		},
		{
			"name": "hexadecagon",
			"from": [9.76131, 1.5, 4.8],
			"to": [10.23869, 2.2, 5.2],
			"rotation": {"angle": 45, "axis": "y", "origin": [10, 1.9, 6]},
			"faces": {
				"north": {"uv": [1, 0, 15, 15], "texture": "#1"},
				"south": {"uv": [0, 0, 1, 0.5], "texture": "#1"},
				"down": {"uv": [0, 0, 0.00781, 0.00781], "texture": "#1"}
			}
		},
		{
			"name": "hexadecagon",
			"from": [9.76131, 1.5, 6.8],
			"to": [10.23869, 2.2, 7.2],
			"rotation": {"angle": -45, "axis": "y", "origin": [10, 1.9, 6]},
			"faces": {
				"north": {"uv": [0, 0, 1, 0.5], "texture": "#1"},
				"south": {"uv": [1, 0, 15, 15], "texture": "#1"},
				"down": {"uv": [0, 0, 0.00781, 0.00781], "texture": "#1"}
			}
		},
		{
			"name": "hexadecagon",
			"from": [9.76131, 1.5, 6.8],
			"to": [10.23869, 2.2, 7.2],
			"rotation": {"angle": -22.5, "axis": "y", "origin": [10, 1.9, 6]},
			"faces": {
				"north": {"uv": [0, 0, 1, 0.5], "texture": "#1"},
				"south": {"uv": [1, 0, 15, 15], "texture": "#1"},
				"down": {"uv": [0, 0, 0.00781, 0.00781], "texture": "#1"}
			}
		},
		{
			"name": "hexadecagon",
			"from": [9.76131, 1.5, 6.8],
			"to": [10.23869, 2.2, 7.2],
			"rotation": {"angle": 0, "axis": "y", "origin": [10, 1.9, 6]},
			"faces": {
				"north": {"uv": [0, 0, 1, 0.5], "texture": "#1"},
				"south": {"uv": [1, 0, 15, 15], "texture": "#1"}
			}
		},
		{
			"name": "hexadecagon",
			"from": [9.76131, 1.5, 6.8],
			"to": [10.23869, 2.2, 7.2],
			"rotation": {"angle": 22.5, "axis": "y", "origin": [10, 1.9, 6]},
			"faces": {
				"north": {"uv": [0, 0, 1, 0.5], "texture": "#1"},
				"south": {"uv": [1, 0, 15, 15], "texture": "#1"},
				"down": {"uv": [0, 0, 0.00781, 0.00781], "texture": "#1"}
			}
		},
		{
			"name": "hexadecagon",
			"from": [9.76131, 1.5, 6.8],
			"to": [10.23869, 2.2, 7.2],
			"rotation": {"angle": 45, "axis": "y", "origin": [10, 1.9, 6]},
			"faces": {
				"north": {"uv": [0, 0, 1, 0.5], "texture": "#1"},
				"south": {"uv": [1, 0, 15, 15], "texture": "#1"},
				"down": {"uv": [0, 0, 0.00781, 0.00781], "texture": "#1"}
			}
		},
		{
			"name": "hexadecagon",
			"from": [8.8, 1.5, 5.76131],
			"to": [9.2, 2.2, 6.23869],
			"rotation": {"angle": -22.5, "axis": "y", "origin": [10, 1.9, 6]},
			"faces": {
				"east": {"uv": [0, 0, 1, 0.5], "texture": "#1"},
				"west": {"uv": [1, 0, 15, 15], "texture": "#1"},
				"down": {"uv": [0, 0, 0.00781, 0.00781], "texture": "#1"}
			}
		},
		{
			"name": "hexadecagon",
			"from": [8.8, 1.5, 5.76131],
			"to": [9.2, 2.2, 6.23869],
			"rotation": {"angle": 0, "axis": "y", "origin": [10, 1.9, 6]},
			"faces": {
				"east": {"uv": [0, 0, 1, 0.5], "texture": "#1"},
				"west": {"uv": [1, 0, 15, 15], "texture": "#1"}
			}
		},
		{
			"name": "hexadecagon",
			"from": [8.8, 1.5, 5.76131],
			"to": [9.2, 2.2, 6.23869],
			"rotation": {"angle": 22.5, "axis": "y", "origin": [10, 1.9, 6]},
			"faces": {
				"east": {"uv": [0, 0, 1, 0.5], "texture": "#1"},
				"west": {"uv": [1, 0, 15, 15], "texture": "#1"},
				"down": {"uv": [0, 0, 0.00781, 0.00781], "texture": "#1"}
			}
		},
		{
			"name": "hexadecagon",
			"from": [10.8, 1.5, 5.76131],
			"to": [11.2, 2.2, 6.23869],
			"rotation": {"angle": -22.5, "axis": "y", "origin": [10, 1.9, 6]},
			"faces": {
				"east": {"uv": [1, 0, 15, 15], "texture": "#1"},
				"west": {"uv": [0, 0, 1, 0.5], "texture": "#1"},
				"down": {"uv": [0, 0, 0.00781, 0.00781], "texture": "#1"}
			}
		},
		{
			"name": "hexadecagon",
			"from": [10.8, 1.5, 5.76131],
			"to": [11.2, 2.2, 6.23869],
			"rotation": {"angle": 0, "axis": "y", "origin": [10, 1.9, 6]},
			"faces": {
				"east": {"uv": [1, 0, 15, 15], "texture": "#1"},
				"west": {"uv": [0, 0, 1, 0.5], "texture": "#1"}
			}
		},
		{
			"name": "hexadecagon",
			"from": [10.8, 1.5, 5.76131],
			"to": [11.2, 2.2, 6.23869],
			"rotation": {"angle": 22.5, "axis": "y", "origin": [10, 1.9, 6]},
			"faces": {
				"east": {"uv": [1, 0, 15, 15], "texture": "#1"},
				"west": {"uv": [0, 0, 1, 0.5], "texture": "#1"},
				"down": {"uv": [0, 0, 0.00781, 0.00781], "texture": "#1"}
			}
		},
		{
			"from": [8.8, 2.2, 4.8],
			"to": [11.2, 2.2, 7.2],
			"rotation": {"angle": 0, "axis": "y", "origin": [2, -8.6, 2]},
			"faces": {
				"up": {"uv": [0, 0, 16, 16], "texture": "#2"},
				"down": {"uv": [0, 0, 16, 16], "texture": "#2"}
			}
		},
		{
			"name": "hexadecagon",
			"from": [5.76131, 1.5, 4.8],
			"to": [6.23869, 2.2, 5.2],
			"rotation": {"angle": -45, "axis": "y", "origin": [6, 1.9, 6]},
			"faces": {
				"north": {"uv": [1, 0, 15, 15], "texture": "#1"},
				"south": {"uv": [0, 0, 1, 0.5], "texture": "#1"},
				"down": {"uv": [0, 0, 0.00781, 0.00781], "texture": "#1"}
			}
		},
		{
			"name": "hexadecagon",
			"from": [5.76131, 1.5, 4.8],
			"to": [6.23869, 2.2, 5.2],
			"rotation": {"angle": -22.5, "axis": "y", "origin": [6, 1.9, 6]},
			"faces": {
				"north": {"uv": [1, 0, 15, 15], "texture": "#1"},
				"south": {"uv": [0, 0, 1, 0.5], "texture": "#1"},
				"down": {"uv": [0, 0, 0.00781, 0.00781], "texture": "#1"}
			}
		},
		{
			"name": "hexadecagon",
			"from": [5.76131, 1.5, 4.8],
			"to": [6.23869, 2.2, 5.2],
			"rotation": {"angle": 0, "axis": "y", "origin": [6, 1.9, 6]},
			"faces": {
				"north": {"uv": [1, 0, 15, 15], "texture": "#1"},
				"south": {"uv": [0, 0, 1, 0.5], "texture": "#1"}
			}
		},
		{
			"name": "hexadecagon",
			"from": [5.76131, 1.5, 4.8],
			"to": [6.23869, 2.2, 5.2],
			"rotation": {"angle": 22.5, "axis": "y", "origin": [6, 1.9, 6]},
			"faces": {
				"north": {"uv": [1, 0, 15, 15], "texture": "#1"},
				"south": {"uv": [0, 0, 1, 0.5], "texture": "#1"},
				"down": {"uv": [0, 0, 0.00781, 0.00781], "texture": "#1"}
			}
		},
		{
			"name": "hexadecagon",
			"from": [5.76131, 1.5, 4.8],
			"to": [6.23869, 2.2, 5.2],
			"rotation": {"angle": 45, "axis": "y", "origin": [6, 1.9, 6]},
			"faces": {
				"north": {"uv": [1, 0, 15, 15], "texture": "#1"},
				"south": {"uv": [0, 0, 1, 0.5], "texture": "#1"},
				"down": {"uv": [0, 0, 0.00781, 0.00781], "texture": "#1"}
			}
		},
		{
			"name": "hexadecagon",
			"from": [5.76131, 1.5, 6.8],
			"to": [6.23869, 2.2, 7.2],
			"rotation": {"angle": -45, "axis": "y", "origin": [6, 1.9, 6]},
			"faces": {
				"north": {"uv": [0, 0, 1, 0.5], "texture": "#1"},
				"south": {"uv": [1, 0, 15, 15], "texture": "#1"},
				"down": {"uv": [0, 0, 0.00781, 0.00781], "texture": "#1"}
			}
		},
		{
			"name": "hexadecagon",
			"from": [5.76131, 1.5, 6.8],
			"to": [6.23869, 2.2, 7.2],
			"rotation": {"angle": -22.5, "axis": "y", "origin": [6, 1.9, 6]},
			"faces": {
				"north": {"uv": [0, 0, 1, 0.5], "texture": "#1"},
				"south": {"uv": [1, 0, 15, 15], "texture": "#1"},
				"down": {"uv": [0, 0, 0.00781, 0.00781], "texture": "#1"}
			}
		},
		{
			"name": "hexadecagon",
			"from": [5.76131, 1.5, 6.8],
			"to": [6.23869, 2.2, 7.2],
			"rotation": {"angle": 0, "axis": "y", "origin": [6, 1.9, 6]},
			"faces": {
				"north": {"uv": [0, 0, 1, 0.5], "texture": "#1"},
				"south": {"uv": [1, 0, 15, 15], "texture": "#1"}
			}
		},
		{
			"name": "hexadecagon",
			"from": [5.76131, 1.5, 6.8],
			"to": [6.23869, 2.2, 7.2],
			"rotation": {"angle": 22.5, "axis": "y", "origin": [6, 1.9, 6]},
			"faces": {
				"north": {"uv": [0, 0, 1, 0.5], "texture": "#1"},
				"south": {"uv": [1, 0, 15, 15], "texture": "#1"},
				"down": {"uv": [0, 0, 0.00781, 0.00781], "texture": "#1"}
			}
		},
		{
			"name": "hexadecagon",
			"from": [5.76131, 1.5, 6.8],
			"to": [6.23869, 2.2, 7.2],
			"rotation": {"angle": 45, "axis": "y", "origin": [6, 1.9, 6]},
			"faces": {
				"north": {"uv": [0, 0, 1, 0.5], "texture": "#1"},
				"south": {"uv": [1, 0, 15, 15], "texture": "#1"},
				"down": {"uv": [0, 0, 0.00781, 0.00781], "texture": "#1"}
			}
		},
		{
			"name": "hexadecagon",
			"from": [4.8, 1.5, 5.76131],
			"to": [5.2, 2.2, 6.23869],
			"rotation": {"angle": -22.5, "axis": "y", "origin": [6, 1.9, 6]},
			"faces": {
				"east": {"uv": [0, 0, 1, 0.5], "texture": "#1"},
				"west": {"uv": [1, 0, 15, 15], "texture": "#1"},
				"down": {"uv": [0, 0, 0.00781, 0.00781], "texture": "#1"}
			}
		},
		{
			"name": "hexadecagon",
			"from": [4.8, 1.5, 5.76131],
			"to": [5.2, 2.2, 6.23869],
			"rotation": {"angle": 0, "axis": "y", "origin": [6, 1.9, 6]},
			"faces": {
				"east": {"uv": [0, 0, 1, 0.5], "texture": "#1"},
				"west": {"uv": [1, 0, 15, 15], "texture": "#1"}
			}
		},
		{
			"name": "hexadecagon",
			"from": [4.8, 1.5, 5.76131],
			"to": [5.2, 2.2, 6.23869],
			"rotation": {"angle": 22.5, "axis": "y", "origin": [6, 1.9, 6]},
			"faces": {
				"east": {"uv": [0, 0, 1, 0.5], "texture": "#1"},
				"west": {"uv": [1, 0, 15, 15], "texture": "#1"},
				"down": {"uv": [0, 0, 0.00781, 0.00781], "texture": "#1"}
			}
		},
		{
			"name": "hexadecagon",
			"from": [6.8, 1.5, 5.76131],
			"to": [7.2, 2.2, 6.23869],
			"rotation": {"angle": -22.5, "axis": "y", "origin": [6, 1.9, 6]},
			"faces": {
				"east": {"uv": [1, 0, 15, 15], "texture": "#1"},
				"west": {"uv": [0, 0, 1, 0.5], "texture": "#1"},
				"down": {"uv": [0, 0, 0.00781, 0.00781], "texture": "#1"}
			}
		},
		{
			"name": "hexadecagon",
			"from": [6.8, 1.5, 5.76131],
			"to": [7.2, 2.2, 6.23869],
			"rotation": {"angle": 0, "axis": "y", "origin": [6, 1.9, 6]},
			"faces": {
				"east": {"uv": [1, 0, 15, 15], "texture": "#1"},
				"west": {"uv": [0, 0, 1, 0.5], "texture": "#1"}
			}
		},
		{
			"name": "hexadecagon",
			"from": [6.8, 1.5, 5.76131],
			"to": [7.2, 2.2, 6.23869],
			"rotation": {"angle": 22.5, "axis": "y", "origin": [6, 1.9, 6]},
			"faces": {
				"east": {"uv": [1, 0, 15, 15], "texture": "#1"},
				"west": {"uv": [0, 0, 1, 0.5], "texture": "#1"},
				"down": {"uv": [0, 0, 0.00781, 0.00781], "texture": "#1"}
			}
		},
		{
			"from": [4.8, 2.2, 4.8],
			"to": [7.2, 2.2, 7.2],
			"rotation": {"angle": 0, "axis": "y", "origin": [-2, -8.6, 2]},
			"faces": {
				"up": {"uv": [0, 0, 16, 16], "texture": "#2"},
				"down": {"uv": [0, 0, 16, 16], "texture": "#2"}
			}
		},
		{
			"from": [3.975, 0, 3.975],
			"to": [12.025, 1.5, 12.025],
			"rotation": {"angle": 0, "axis": "y", "origin": [6.8, 4.5, 3.9]},
			"faces": {
				"north": {"uv": [0, 0, 16, 16], "texture": "#1"},
				"east": {"uv": [0, 0, 16, 16], "texture": "#1"},
				"south": {"uv": [0, 0, 16, 16], "texture": "#1"},
				"west": {"uv": [0, 0, 16, 16], "texture": "#1"},
				"up": {"uv": [0, 0, 16, 16], "texture": "#1"},
				"down": {"uv": [0, 0, 16, 16], "texture": "#1"}
			}
		},
		{
			"name": "hexadecagon",
			"from": [9.84087, 1.9, 5.2],
			"to": [10.15913, 4.5, 6.8],
			"rotation": {"angle": -45, "axis": "y", "origin": [10, 3, 6]},
			"faces": {
				"north": {"uv": [1, 0, 15, 16], "texture": "#0"},
				"south": {"uv": [1, 0, 15, 16], "texture": "#0"},
				"down": {"uv": [0, 0, 0.00391, 0.00391], "texture": "#0"}
			}
		},
		{
			"name": "hexadecagon",
			"from": [9.84087, 1.9, 5.2],
			"to": [10.15913, 4.5, 6.8],
			"rotation": {"angle": -22.5, "axis": "y", "origin": [10, 3, 6]},
			"faces": {
				"north": {"uv": [1, 0, 15, 16], "texture": "#0"},
				"south": {"uv": [1, 0, 15, 16], "texture": "#0"},
				"down": {"uv": [0, 0, 0.00391, 0.00391], "texture": "#0"}
			}
		},
		{
			"name": "hexadecagon",
			"from": [9.84087, 1.9, 5.2],
			"to": [10.15913, 4.5, 6.8],
			"rotation": {"angle": 0, "axis": "y", "origin": [10, 3, 6]},
			"faces": {
				"north": {"uv": [1, 0, 15, 16], "texture": "#0"},
				"south": {"uv": [1, 0, 15, 16], "texture": "#0"},
				"down": {"uv": [0, 0, 0.00391, 0.00391], "texture": "#0"}
			}
		},
		{
			"name": "hexadecagon",
			"from": [9.84087, 1.9, 5.2],
			"to": [10.15913, 4.5, 6.8],
			"rotation": {"angle": 22.5, "axis": "y", "origin": [10, 3, 6]},
			"faces": {
				"north": {"uv": [1, 0, 15, 16], "texture": "#0"},
				"south": {"uv": [1, 0, 15, 16], "texture": "#0"},
				"down": {"uv": [0, 0, 0.00391, 0.00391], "texture": "#0"}
			}
		},
		{
			"name": "hexadecagon",
			"from": [9.84087, 1.9, 5.2],
			"to": [10.15913, 4.5, 6.8],
			"rotation": {"angle": 45, "axis": "y", "origin": [10, 3, 6]},
			"faces": {
				"north": {"uv": [1, 0, 15, 16], "texture": "#0"},
				"south": {"uv": [1, 0, 15, 16], "texture": "#0"},
				"down": {"uv": [0, 0, 0.00391, 0.00391], "texture": "#0"}
			}
		},
		{
			"name": "hexadecagon",
			"from": [9.2, 1.9, 5.84087],
			"to": [10.8, 4.5, 6.15913],
			"rotation": {"angle": -22.5, "axis": "y", "origin": [10, 3, 6]},
			"faces": {
				"east": {"uv": [1, 0, 15, 16], "texture": "#0"},
				"west": {"uv": [1, 0, 15, 16], "texture": "#0"},
				"down": {"uv": [0, 0, 0.00391, 0.00391], "texture": "#0"}
			}
		},
		{
			"name": "hexadecagon",
			"from": [9.2, 1.9, 5.84087],
			"to": [10.8, 4.5, 6.15913],
			"rotation": {"angle": 0, "axis": "y", "origin": [10, 3, 6]},
			"faces": {
				"east": {"uv": [1, 0, 15, 16], "texture": "#0"},
				"west": {"uv": [1, 0, 15, 16], "texture": "#0"},
				"down": {"uv": [0, 0, 0.00391, 0.00391], "texture": "#0"}
			}
		},
		{
			"name": "hexadecagon",
			"from": [9.2, 1.9, 5.84087],
			"to": [10.8, 4.5, 6.15913],
			"rotation": {"angle": 22.5, "axis": "y", "origin": [10, 3, 6]},
			"faces": {
				"east": {"uv": [1, 0, 15, 16], "texture": "#0"},
				"west": {"uv": [1, 0, 15, 16], "texture": "#0"},
				"down": {"uv": [0, 0, 0.00391, 0.00391], "texture": "#0"}
			}
		},
		{
			"name": "hexadecagon",
			"from": [5.84087, 6.1, 9.2],
			"to": [6.15913, 9.4, 10.8],
			"rotation": {"angle": -45, "axis": "y", "origin": [6, 6.5, 10]},
			"faces": {
				"north": {"uv": [1, 1, 15, 15], "texture": "#0"},
				"south": {"uv": [1, 1, 15, 15], "texture": "#0"}
			}
		},
		{
			"name": "hexadecagon",
			"from": [5.84087, 6.1, 9.2],
			"to": [6.15913, 9.4, 10.8],
			"rotation": {"angle": -22.5, "axis": "y", "origin": [6, 6.5, 10]},
			"faces": {
				"north": {"uv": [1, 1, 15, 15], "texture": "#0"},
				"south": {"uv": [1, 1, 15, 15], "texture": "#0"}
			}
		},
		{
			"name": "hexadecagon",
			"from": [5.84087, 6.1, 9.2],
			"to": [6.15913, 9.4, 10.8],
			"rotation": {"angle": 0, "axis": "y", "origin": [6, 6.5, 10]},
			"faces": {
				"north": {"uv": [1, 1, 15, 15], "texture": "#0"},
				"south": {"uv": [1, 1, 15, 15], "texture": "#0"}
			}
		},
		{
			"name": "hexadecagon",
			"from": [5.84087, 6.1, 9.2],
			"to": [6.15913, 9.4, 10.8],
			"rotation": {"angle": 22.5, "axis": "y", "origin": [6, 6.5, 10]},
			"faces": {
				"north": {"uv": [1, 1, 15, 15], "texture": "#0"},
				"south": {"uv": [1, 1, 15, 15], "texture": "#0"}
			}
		},
		{
			"name": "hexadecagon",
			"from": [5.84087, 6.1, 9.2],
			"to": [6.15913, 9.4, 10.8],
			"rotation": {"angle": 45, "axis": "y", "origin": [6, 6.5, 10]},
			"faces": {
				"north": {"uv": [1, 1, 15, 15], "texture": "#0"},
				"south": {"uv": [1, 1, 15, 15], "texture": "#0"}
			}
		},
		{
			"name": "hexadecagon",
			"from": [5.2, 6.1, 9.84087],
			"to": [6.8, 9.4, 10.15913],
			"rotation": {"angle": -22.5, "axis": "y", "origin": [6, 6.5, 10]},
			"faces": {
				"east": {"uv": [1, 1, 15, 15], "texture": "#0"},
				"west": {"uv": [1, 1, 15, 15], "texture": "#0"}
			}
		},
		{
			"name": "hexadecagon",
			"from": [5.2, 6.1, 9.84087],
			"to": [6.8, 9.4, 10.15913],
			"rotation": {"angle": 0, "axis": "y", "origin": [6, 6.5, 10]},
			"faces": {
				"east": {"uv": [1, 1, 15, 15], "texture": "#0"},
				"west": {"uv": [1, 1, 15, 15], "texture": "#0"}
			}
		},
		{
			"name": "hexadecagon",
			"from": [5.2, 6.1, 9.84087],
			"to": [6.8, 9.4, 10.15913],
			"rotation": {"angle": 22.5, "axis": "y", "origin": [6, 6.5, 10]},
			"faces": {
				"east": {"uv": [1, 1, 15, 15], "texture": "#0"},
				"west": {"uv": [1, 1, 15, 15], "texture": "#0"}
			}
		},
		{
			"name": "hexadecagon",
			"from": [5.80109, 2.7, 9],
			"to": [6.19891, 6.1, 11],
			"rotation": {"angle": -45, "axis": "y", "origin": [6, 4.1, 10]},
			"faces": {
				"north": {"uv": [1, 1, 15, 15], "texture": "#0"},
				"south": {"uv": [1, 1, 15, 15], "texture": "#0"}
			}
		},
		{
			"name": "hexadecagon",
			"from": [5.80109, 2.7, 9],
			"to": [6.19891, 6.1, 11],
			"rotation": {"angle": -22.5, "axis": "y", "origin": [6, 4.1, 10]},
			"faces": {
				"north": {"uv": [1, 1, 15, 15], "texture": "#0"},
				"south": {"uv": [1, 1, 15, 15], "texture": "#0"}
			}
		},
		{
			"name": "hexadecagon",
			"from": [5.80109, 2.7, 9],
			"to": [6.19891, 6.1, 11],
			"rotation": {"angle": 0, "axis": "y", "origin": [6, 4.1, 10]},
			"faces": {
				"north": {"uv": [1, 1, 15, 15], "texture": "#0"},
				"south": {"uv": [1, 1, 15, 15], "texture": "#0"}
			}
		},
		{
			"name": "hexadecagon",
			"from": [5.80109, 2.7, 9],
			"to": [6.19891, 6.1, 11],
			"rotation": {"angle": 22.5, "axis": "y", "origin": [6, 4.1, 10]},
			"faces": {
				"north": {"uv": [1, 1, 15, 15], "texture": "#0"},
				"south": {"uv": [1, 1, 15, 15], "texture": "#0"}
			}
		},
		{
			"name": "hexadecagon",
			"from": [5.80109, 2.7, 9],
			"to": [6.19891, 6.1, 11],
			"rotation": {"angle": 45, "axis": "y", "origin": [6, 4.1, 10]},
			"faces": {
				"north": {"uv": [1, 1, 15, 15], "texture": "#0"},
				"south": {"uv": [1, 1, 15, 15], "texture": "#0"}
			}
		},
		{
			"name": "hexadecagon",
			"from": [5, 2.7, 9.80109],
			"to": [7, 6.1, 10.19891],
			"rotation": {"angle": -22.5, "axis": "y", "origin": [6, 4.1, 10]},
			"faces": {
				"east": {"uv": [1, 1, 15, 15], "texture": "#0"},
				"west": {"uv": [1, 1, 15, 15], "texture": "#0"}
			}
		},
		{
			"name": "hexadecagon",
			"from": [5, 2.7, 9.80109],
			"to": [7, 6.1, 10.19891],
			"rotation": {"angle": 0, "axis": "y", "origin": [6, 4.1, 10]},
			"faces": {
				"east": {"uv": [1, 1, 15, 15], "texture": "#0"},
				"west": {"uv": [1, 1, 15, 15], "texture": "#0"}
			}
		},
		{
			"name": "hexadecagon",
			"from": [5, 2.7, 9.80109],
			"to": [7, 6.1, 10.19891],
			"rotation": {"angle": 22.5, "axis": "y", "origin": [6, 4.1, 10]},
			"faces": {
				"east": {"uv": [1, 1, 15, 15], "texture": "#0"},
				"west": {"uv": [1, 1, 15, 15], "texture": "#0"}
			}
		},
		{
			"name": "hexadecagon",
			"from": [5.72152, 1.5, 8.6],
			"to": [6.27848, 2.7, 11.4],
			"rotation": {"angle": -45, "axis": "y", "origin": [6, 2, 10]},
			"faces": {
				"north": {"uv": [1, 0, 15, 16], "texture": "#0"},
				"south": {"uv": [1, 0, 15, 16], "texture": "#0"},
				"down": {"uv": [0, 0, 0.00391, 0.00391], "texture": "#0"}
			}
		},
		{
			"name": "hexadecagon",
			"from": [5.72152, 1.5, 8.6],
			"to": [6.27848, 2.7, 11.4],
			"rotation": {"angle": -22.5, "axis": "y", "origin": [6, 2, 10]},
			"faces": {
				"north": {"uv": [1, 0, 15, 16], "texture": "#0"},
				"south": {"uv": [1, 0, 15, 16], "texture": "#0"},
				"down": {"uv": [0, 0, 0.00391, 0.00391], "texture": "#0"}
			}
		},
		{
			"name": "hexadecagon",
			"from": [5.72152, 1.5, 8.6],
			"to": [6.27848, 2.7, 11.4],
			"rotation": {"angle": 0, "axis": "y", "origin": [6, 2, 10]},
			"faces": {
				"north": {"uv": [1, 0, 15, 16], "texture": "#0"},
				"south": {"uv": [1, 0, 15, 16], "texture": "#0"}
			}
		},
		{
			"name": "hexadecagon",
			"from": [5.72152, 1.5, 8.6],
			"to": [6.27848, 2.7, 11.4],
			"rotation": {"angle": 22.5, "axis": "y", "origin": [6, 2, 10]},
			"faces": {
				"north": {"uv": [1, 0, 15, 16], "texture": "#0"},
				"south": {"uv": [1, 0, 15, 16], "texture": "#0"},
				"down": {"uv": [0, 0, 0.00391, 0.00391], "texture": "#0"}
			}
		},
		{
			"name": "hexadecagon",
			"from": [5.72152, 1.5, 8.6],
			"to": [6.27848, 2.7, 11.4],
			"rotation": {"angle": 45, "axis": "y", "origin": [6, 2, 10]},
			"faces": {
				"north": {"uv": [1, 0, 15, 16], "texture": "#0"},
				"south": {"uv": [1, 0, 15, 16], "texture": "#0"},
				"down": {"uv": [0, 0, 0.00391, 0.00391], "texture": "#0"}
			}
		},
		{
			"name": "hexadecagon",
			"from": [4.6, 1.5, 9.72152],
			"to": [7.4, 2.7, 10.27848],
			"rotation": {"angle": -22.5, "axis": "y", "origin": [6, 2, 10]},
			"faces": {
				"east": {"uv": [1, 0, 15, 16], "texture": "#0"},
				"west": {"uv": [1, 0, 15, 16], "texture": "#0"},
				"down": {"uv": [0, 0, 0.00391, 0.00391], "texture": "#0"}
			}
		},
		{
			"name": "hexadecagon",
			"from": [4.6, 1.5, 9.72152],
			"to": [7.4, 2.7, 10.27848],
			"rotation": {"angle": 0, "axis": "y", "origin": [6, 2, 10]},
			"faces": {
				"east": {"uv": [1, 0, 15, 16], "texture": "#0"},
				"west": {"uv": [1, 0, 15, 16], "texture": "#0"}
			}
		},
		{
			"name": "hexadecagon",
			"from": [4.6, 1.5, 9.72152],
			"to": [7.4, 2.7, 10.27848],
			"rotation": {"angle": 22.5, "axis": "y", "origin": [6, 2, 10]},
			"faces": {
				"east": {"uv": [1, 0, 15, 16], "texture": "#0"},
				"west": {"uv": [1, 0, 15, 16], "texture": "#0"},
				"down": {"uv": [0, 0, 0.00391, 0.00391], "texture": "#0"}
			}
		},
		{
			"from": [4.6, 2.7, 8.6],
			"to": [7.4, 2.7, 11.4],
			"rotation": {"angle": 0, "axis": "y", "origin": [-2, -8.6, 2]},
			"faces": {
				"up": {"uv": [0, 0, 16, 16], "texture": "#3"},
				"down": {"uv": [0, 0, 16, 16], "texture": "#3"}
			}
		},
		{
			"from": [5, 6.1, 9],
			"to": [7, 6.1, 11],
			"rotation": {"angle": 0, "axis": "y", "origin": [-2, -8.6, 2]},
			"faces": {
				"up": {"uv": [0, 0, 16, 16], "texture": "#3"},
				"down": {"uv": [0, 0, 16, 16], "texture": "#3"}
			}
		},
		{
			"name": "hexadecagon",
			"from": [9.76131, 8.5, 4.8],
			"to": [10.23869, 9.1, 5.2],
			"rotation": {"angle": 45, "axis": "y", "origin": [10, 9.1, 6]},
			"faces": {
				"north": {"uv": [1, 8, 15, 16], "rotation": 180, "texture": "#1_0"},
				"south": {"uv": [0, 0, 0.0625, 0.0625], "texture": "#1_0"}
			}
		},
		{
			"name": "hexadecagon",
			"from": [9.76131, 8.5, 4.8],
			"to": [10.23869, 9.1, 5.2],
			"rotation": {"angle": 22.5, "axis": "y", "origin": [10, 9.1, 6]},
			"faces": {
				"north": {"uv": [1, 8, 15, 16], "rotation": 180, "texture": "#1_0"},
				"south": {"uv": [0, 0, 0.0625, 0.0625], "texture": "#1_0"}
			}
		},
		{
			"name": "hexadecagon",
			"from": [9.76131, 8.5, 4.8],
			"to": [10.23869, 9.1, 5.2],
			"rotation": {"angle": 0, "axis": "z", "origin": [10, 9.1, 6]},
			"faces": {
				"north": {"uv": [1, 8, 15, 16], "rotation": 180, "texture": "#1_0"},
				"south": {"uv": [0, 0, 0.0625, 0.0625], "texture": "#1_0"}
			}
		},
		{
			"name": "hexadecagon",
			"from": [9.76131, 8.5, 4.8],
			"to": [10.23869, 9.1, 5.2],
			"rotation": {"angle": -22.5, "axis": "y", "origin": [10, 9.1, 6]},
			"faces": {
				"north": {"uv": [1, 8, 15, 16], "rotation": 180, "texture": "#1_0"},
				"south": {"uv": [0, 0, 0.0625, 0.0625], "texture": "#1_0"}
			}
		},
		{
			"name": "hexadecagon",
			"from": [9.76131, 8.5, 4.8],
			"to": [10.23869, 9.1, 5.2],
			"rotation": {"angle": -45, "axis": "y", "origin": [10, 9.1, 6]},
			"faces": {
				"north": {"uv": [1, 8, 15, 16], "rotation": 180, "texture": "#1_0"},
				"south": {"uv": [0, 0, 0.0625, 0.0625], "texture": "#1_0"}
			}
		},
		{
			"name": "hexadecagon",
			"from": [9.76131, 8.5, 6.8],
			"to": [10.23869, 9.1, 7.2],
			"rotation": {"angle": 45, "axis": "y", "origin": [10, 9.1, 6]},
			"faces": {
				"north": {"uv": [0, 0, 0.0625, 0.0625], "rotation": 180, "texture": "#1_0"},
				"south": {"uv": [1, 0, 15, 8], "texture": "#1_0"}
			}
		},
		{
			"name": "hexadecagon",
			"from": [9.76131, 8.5, 6.8],
			"to": [10.23869, 9.1, 7.2],
			"rotation": {"angle": 22.5, "axis": "y", "origin": [10, 9.1, 6]},
			"faces": {
				"north": {"uv": [0, 0, 0.0625, 0.0625], "rotation": 180, "texture": "#1_0"},
				"south": {"uv": [1, 0, 15, 8], "texture": "#1_0"}
			}
		},
		{
			"name": "hexadecagon",
			"from": [9.76131, 8.5, 6.8],
			"to": [10.23869, 9.1, 7.2],
			"rotation": {"angle": 0, "axis": "z", "origin": [10, 9.1, 6]},
			"faces": {
				"north": {"uv": [0, 0, 0.0625, 0.0625], "rotation": 180, "texture": "#1_0"},
				"south": {"uv": [1, 0, 15, 8], "texture": "#1_0"}
			}
		},
		{
			"name": "hexadecagon",
			"from": [9.76131, 8.5, 6.8],
			"to": [10.23869, 9.1, 7.2],
			"rotation": {"angle": -22.5, "axis": "y", "origin": [10, 9.1, 6]},
			"faces": {
				"north": {"uv": [0, 0, 0.0625, 0.0625], "rotation": 180, "texture": "#1_0"},
				"south": {"uv": [1, 0, 15, 8], "texture": "#1_0"}
			}
		},
		{
			"name": "hexadecagon",
			"from": [9.76131, 8.5, 6.8],
			"to": [10.23869, 9.1, 7.2],
			"rotation": {"angle": -45, "axis": "y", "origin": [10, 9.1, 6]},
			"faces": {
				"north": {"uv": [0, 0, 0.0625, 0.0625], "rotation": 180, "texture": "#1_0"},
				"south": {"uv": [1, 0, 15, 8], "texture": "#1_0"}
			}
		},
		{
			"name": "hexadecagon",
			"from": [8.8, 8.5, 5.76131],
			"to": [9.2, 9.1, 6.23869],
			"rotation": {"angle": 22.5, "axis": "y", "origin": [10, 9.1, 6]},
			"faces": {
				"east": {"uv": [0, 0, 0.0625, 0.0625], "rotation": 270, "texture": "#1_0"},
				"west": {"uv": [0, 1, 8, 15], "rotation": 90, "texture": "#1_0"}
			}
		},
		{
			"name": "hexadecagon",
			"from": [8.8, 8.5, 5.76131],
			"to": [9.2, 9.1, 6.23869],
			"rotation": {"angle": 0, "axis": "z", "origin": [10, 9.1, 6]},
			"faces": {
				"east": {"uv": [0, 0, 0.0625, 0.0625], "rotation": 270, "texture": "#1_0"},
				"west": {"uv": [0, 1, 8, 15], "rotation": 90, "texture": "#1_0"}
			}
		},
		{
			"name": "hexadecagon",
			"from": [8.8, 8.5, 5.76131],
			"to": [9.2, 9.1, 6.23869],
			"rotation": {"angle": -22.5, "axis": "y", "origin": [10, 9.1, 6]},
			"faces": {
				"east": {"uv": [0, 0, 0.0625, 0.0625], "rotation": 270, "texture": "#1_0"},
				"west": {"uv": [0, 1, 8, 15], "rotation": 90, "texture": "#1_0"}
			}
		},
		{
			"name": "hexadecagon",
			"from": [10.8, 8.5, 5.76131],
			"to": [11.2, 9.1, 6.23869],
			"rotation": {"angle": 22.5, "axis": "y", "origin": [10, 9.1, 6]},
			"faces": {
				"east": {"uv": [8, 1, 16, 15], "rotation": 270, "texture": "#1_0"},
				"west": {"uv": [0, 0, 0.0625, 0.0625], "rotation": 90, "texture": "#1_0"}
			}
		},
		{
			"name": "hexadecagon",
			"from": [10.8, 8.5, 5.76131],
			"to": [11.2, 9.1, 6.23869],
			"rotation": {"angle": 0, "axis": "z", "origin": [10, 9.1, 6]},
			"faces": {
				"east": {"uv": [8, 1, 16, 15], "rotation": 270, "texture": "#1_0"},
				"west": {"uv": [0, 0, 0.0625, 0.0625], "rotation": 90, "texture": "#1_0"}
			}
		},
		{
			"name": "hexadecagon",
			"from": [10.8, 8.5, 5.76131],
			"to": [11.2, 9.1, 6.23869],
			"rotation": {"angle": -22.5, "axis": "y", "origin": [10, 9.1, 6]},
			"faces": {
				"east": {"uv": [8, 1, 16, 15], "rotation": 270, "texture": "#1_0"},
				"west": {"uv": [0, 0, 0.0625, 0.0625], "rotation": 90, "texture": "#1_0"}
			}
		},
		{
			"from": [8.8, 9.1, 4.8],
			"to": [11.2, 9.1, 7.2],
			"rotation": {"angle": 0, "axis": "y", "origin": [4, 17.7, -15]},
			"faces": {
				"up": {"uv": [0, 0, 16, 16], "rotation": 180, "texture": "#1_1"},
				"down": {"uv": [0, 0, 16, 16], "texture": "#1_1"}
			}
		},
		{
			"name": "hexadecagon",
			"from": [9.76131, 7.3, 3.4],
			"to": [10.23869, 7.7, 4],
			"rotation": {"angle": 45, "axis": "z", "origin": [10, 6.5, 3.4]},
			"faces": {
				"up": {"uv": [1, 16, 15, 8], "texture": "#1_0"},
				"down": {"uv": [0, 0.0625, 0.0625, 0], "texture": "#1_0"}
			}
		},
		{
			"name": "hexadecagon",
			"from": [9.76131, 7.3, 3.4],
			"to": [10.23869, 7.7, 4],
			"rotation": {"angle": 22.5, "axis": "z", "origin": [10, 6.5, 3.4]},
			"faces": {
				"up": {"uv": [1, 16, 15, 8], "texture": "#1_0"},
				"down": {"uv": [0, 0.0625, 0.0625, 0], "texture": "#1_0"}
			}
		},
		{
			"name": "hexadecagon",
			"from": [9.76131, 7.3, 3.4],
			"to": [10.23869, 7.7, 4],
			"rotation": {"angle": 0, "axis": "z", "origin": [10, 6.5, 3.4]},
			"faces": {
				"up": {"uv": [1, 16, 15, 8], "texture": "#1_0"},
				"down": {"uv": [0, 0.0625, 0.0625, 0], "texture": "#1_0"}
			}
		},
		{
			"name": "hexadecagon",
			"from": [9.76131, 7.3, 3.4],
			"to": [10.23869, 7.7, 4],
			"rotation": {"angle": -22.5, "axis": "z", "origin": [10, 6.5, 3.4]},
			"faces": {
				"up": {"uv": [1, 16, 15, 8], "texture": "#1_0"},
				"down": {"uv": [0, 0.0625, 0.0625, 0], "texture": "#1_0"}
			}
		},
		{
			"name": "hexadecagon",
			"from": [9.76131, 7.3, 3.4],
			"to": [10.23869, 7.7, 4],
			"rotation": {"angle": -45, "axis": "z", "origin": [10, 6.5, 3.4]},
			"faces": {
				"up": {"uv": [1, 16, 15, 8], "texture": "#1_0"},
				"down": {"uv": [0, 0.0625, 0.0625, 0], "texture": "#1_0"}
			}
		},
		{
			"name": "hexadecagon",
			"from": [9.76131, 5.3, 3.4],
			"to": [10.23869, 5.7, 4],
			"rotation": {"angle": 45, "axis": "z", "origin": [10, 6.5, 3.4]},
			"faces": {
				"up": {"uv": [0, 0.0625, 0.0625, 0], "texture": "#1_0"},
				"down": {"uv": [1, 8, 15, 0], "texture": "#1_0"}
			}
		},
		{
			"name": "hexadecagon",
			"from": [9.76131, 5.3, 3.4],
			"to": [10.23869, 5.7, 4],
			"rotation": {"angle": 22.5, "axis": "z", "origin": [10, 6.5, 3.4]},
			"faces": {
				"up": {"uv": [0, 0.0625, 0.0625, 0], "texture": "#1_0"},
				"down": {"uv": [1, 8, 15, 0], "texture": "#1_0"}
			}
		},
		{
			"name": "hexadecagon",
			"from": [9.76131, 5.3, 3.4],
			"to": [10.23869, 5.7, 4],
			"rotation": {"angle": 0, "axis": "z", "origin": [10, 6.5, 3.4]},
			"faces": {
				"up": {"uv": [0, 0.0625, 0.0625, 0], "texture": "#1_0"},
				"down": {"uv": [1, 8, 15, 0], "texture": "#1_0"}
			}
		},
		{
			"name": "hexadecagon",
			"from": [9.76131, 5.3, 3.4],
			"to": [10.23869, 5.7, 4],
			"rotation": {"angle": -22.5, "axis": "z", "origin": [10, 6.5, 3.4]},
			"faces": {
				"up": {"uv": [0, 0.0625, 0.0625, 0], "texture": "#1_0"},
				"down": {"uv": [1, 8, 15, 0], "texture": "#1_0"}
			}
		},
		{
			"name": "hexadecagon",
			"from": [9.76131, 5.3, 3.4],
			"to": [10.23869, 5.7, 4],
			"rotation": {"angle": -45, "axis": "z", "origin": [10, 6.5, 3.4]},
			"faces": {
				"up": {"uv": [0, 0.0625, 0.0625, 0], "texture": "#1_0"},
				"down": {"uv": [1, 8, 15, 0], "texture": "#1_0"}
			}
		},
		{
			"name": "hexadecagon",
			"from": [8.8, 6.26131, 3.4],
			"to": [9.2, 6.73869, 4],
			"rotation": {"angle": 22.5, "axis": "z", "origin": [10, 6.5, 3.4]},
			"faces": {
				"east": {"uv": [0.0625, 0, 0, 0.0625], "rotation": 180, "texture": "#1_0"},
				"west": {"uv": [8, 1, 0, 15], "rotation": 180, "texture": "#1_0"}
			}
		},
		{
			"name": "hexadecagon",
			"from": [8.8, 6.26131, 3.4],
			"to": [9.2, 6.73869, 4],
			"rotation": {"angle": 0, "axis": "z", "origin": [10, 6.5, 3.4]},
			"faces": {
				"east": {"uv": [0.0625, 0, 0, 0.0625], "rotation": 180, "texture": "#1_0"},
				"west": {"uv": [8, 1, 0, 15], "rotation": 180, "texture": "#1_0"}
			}
		},
		{
			"name": "hexadecagon",
			"from": [8.8, 6.26131, 3.4],
			"to": [9.2, 6.73869, 4],
			"rotation": {"angle": -22.5, "axis": "z", "origin": [10, 6.5, 3.4]},
			"faces": {
				"east": {"uv": [0.0625, 0, 0, 0.0625], "rotation": 180, "texture": "#1_0"},
				"west": {"uv": [8, 1, 0, 15], "rotation": 180, "texture": "#1_0"}
			}
		},
		{
			"name": "hexadecagon",
			"from": [10.8, 6.26131, 3.4],
			"to": [11.2, 6.73869, 4],
			"rotation": {"angle": 22.5, "axis": "z", "origin": [10, 6.5, 3.4]},
			"faces": {
				"east": {"uv": [16, 1, 8, 15], "rotation": 180, "texture": "#1_0"},
				"west": {"uv": [0.0625, 0, 0, 0.0625], "rotation": 180, "texture": "#1_0"}
			}
		},
		{
			"name": "hexadecagon",
			"from": [10.8, 6.26131, 3.4],
			"to": [11.2, 6.73869, 4],
			"rotation": {"angle": 0, "axis": "z", "origin": [10, 6.5, 3.4]},
			"faces": {
				"east": {"uv": [16, 1, 8, 15], "rotation": 180, "texture": "#1_0"},
				"west": {"uv": [0.0625, 0, 0, 0.0625], "rotation": 180, "texture": "#1_0"}
			}
		},
		{
			"name": "hexadecagon",
			"from": [10.8, 6.26131, 3.4],
			"to": [11.2, 6.73869, 4],
			"rotation": {"angle": -22.5, "axis": "z", "origin": [10, 6.5, 3.4]},
			"faces": {
				"east": {"uv": [16, 1, 8, 15], "rotation": 180, "texture": "#1_0"},
				"west": {"uv": [0.0625, 0, 0, 0.0625], "rotation": 180, "texture": "#1_0"}
			}
		},
		{
			"from": [8.8, 5.3, 3.4],
			"to": [11.2, 7.7, 3.4],
			"rotation": {"angle": 0, "axis": "y", "origin": [4, 27.5, -5.2]},
			"faces": {
				"north": {"uv": [16, 0, 0, 16], "texture": "#1_1"},
				"south": {"uv": [0, 16, 16, 0], "texture": "#1_1"}
			}
		},
		{
			"name": "hexadecagon",
			"from": [9.76131, 7.3, 8],
			"to": [10.23869, 7.7, 8.6],
			"rotation": {"angle": 45, "axis": "z", "origin": [10, 6.5, 8.6]},
			"faces": {
				"up": {"uv": [1, 8, 15, 16], "texture": "#1_0"},
				"down": {"uv": [0, 0, 0.0625, 0.0625], "texture": "#1_0"}
			}
		},
		{
			"name": "hexadecagon",
			"from": [9.76131, 7.3, 8],
			"to": [10.23869, 7.7, 8.6],
			"rotation": {"angle": 22.5, "axis": "z", "origin": [10, 6.5, 8.6]},
			"faces": {
				"up": {"uv": [1, 8, 15, 16], "texture": "#1_0"},
				"down": {"uv": [0, 0, 0.0625, 0.0625], "texture": "#1_0"}
			}
		},
		{
			"name": "hexadecagon",
			"from": [9.76131, 7.3, 8],
			"to": [10.23869, 7.7, 8.6],
			"rotation": {"angle": 0, "axis": "z", "origin": [10, 6.5, 8.6]},
			"faces": {
				"up": {"uv": [1, 8, 15, 16], "texture": "#1_0"},
				"down": {"uv": [0, 0, 0.0625, 0.0625], "texture": "#1_0"}
			}
		},
		{
			"name": "hexadecagon",
			"from": [9.76131, 7.3, 8],
			"to": [10.23869, 7.7, 8.6],
			"rotation": {"angle": -22.5, "axis": "z", "origin": [10, 6.5, 8.6]},
			"faces": {
				"up": {"uv": [1, 8, 15, 16], "texture": "#1_0"},
				"down": {"uv": [0, 0, 0.0625, 0.0625], "texture": "#1_0"}
			}
		},
		{
			"name": "hexadecagon",
			"from": [9.76131, 7.3, 8],
			"to": [10.23869, 7.7, 8.6],
			"rotation": {"angle": -45, "axis": "z", "origin": [10, 6.5, 8.6]},
			"faces": {
				"up": {"uv": [1, 8, 15, 16], "texture": "#1_0"},
				"down": {"uv": [0, 0, 0.0625, 0.0625], "texture": "#1_0"}
			}
		},
		{
			"name": "hexadecagon",
			"from": [9.76131, 5.3, 8],
			"to": [10.23869, 5.7, 8.6],
			"rotation": {"angle": 45, "axis": "z", "origin": [10, 6.5, 8.6]},
			"faces": {
				"up": {"uv": [0, 0, 0.0625, 0.0625], "texture": "#1_0"},
				"down": {"uv": [1, 0, 15, 8], "texture": "#1_0"}
			}
		},
		{
			"name": "hexadecagon",
			"from": [9.76131, 5.3, 8],
			"to": [10.23869, 5.7, 8.6],
			"rotation": {"angle": 22.5, "axis": "z", "origin": [10, 6.5, 8.6]},
			"faces": {
				"up": {"uv": [0, 0, 0.0625, 0.0625], "texture": "#1_0"},
				"down": {"uv": [1, 0, 15, 8], "texture": "#1_0"}
			}
		},
		{
			"name": "hexadecagon",
			"from": [9.76131, 5.3, 8],
			"to": [10.23869, 5.7, 8.6],
			"rotation": {"angle": 0, "axis": "z", "origin": [10, 6.5, 8.6]},
			"faces": {
				"up": {"uv": [0, 0, 0.0625, 0.0625], "texture": "#1_0"},
				"down": {"uv": [1, 0, 15, 8], "texture": "#1_0"}
			}
		},
		{
			"name": "hexadecagon",
			"from": [9.76131, 5.3, 8],
			"to": [10.23869, 5.7, 8.6],
			"rotation": {"angle": -22.5, "axis": "z", "origin": [10, 6.5, 8.6]},
			"faces": {
				"up": {"uv": [0, 0, 0.0625, 0.0625], "texture": "#1_0"},
				"down": {"uv": [1, 0, 15, 8], "texture": "#1_0"}
			}
		},
		{
			"name": "hexadecagon",
			"from": [9.76131, 5.3, 8],
			"to": [10.23869, 5.7, 8.6],
			"rotation": {"angle": -45, "axis": "z", "origin": [10, 6.5, 8.6]},
			"faces": {
				"up": {"uv": [0, 0, 0.0625, 0.0625], "texture": "#1_0"},
				"down": {"uv": [1, 0, 15, 8], "texture": "#1_0"}
			}
		},
		{
			"name": "hexadecagon",
			"from": [8.8, 6.26131, 8],
			"to": [9.2, 6.73869, 8.6],
			"rotation": {"angle": 22.5, "axis": "z", "origin": [10, 6.5, 8.6]},
			"faces": {
				"east": {"uv": [0, 0, 0.0625, 0.0625], "rotation": 180, "texture": "#1_0"},
				"west": {"uv": [0, 1, 8, 15], "rotation": 180, "texture": "#1_0"}
			}
		},
		{
			"name": "hexadecagon",
			"from": [8.8, 6.26131, 8],
			"to": [9.2, 6.73869, 8.6],
			"rotation": {"angle": 0, "axis": "z", "origin": [10, 6.5, 8.6]},
			"faces": {
				"east": {"uv": [0, 0, 0.0625, 0.0625], "rotation": 180, "texture": "#1_0"},
				"west": {"uv": [0, 1, 8, 15], "rotation": 180, "texture": "#1_0"}
			}
		},
		{
			"name": "hexadecagon",
			"from": [8.8, 6.26131, 8],
			"to": [9.2, 6.73869, 8.6],
			"rotation": {"angle": -22.5, "axis": "z", "origin": [10, 6.5, 8.6]},
			"faces": {
				"east": {"uv": [0, 0, 0.0625, 0.0625], "rotation": 180, "texture": "#1_0"},
				"west": {"uv": [0, 1, 8, 15], "rotation": 180, "texture": "#1_0"}
			}
		},
		{
			"name": "hexadecagon",
			"from": [10.8, 6.26131, 8],
			"to": [11.2, 6.73869, 8.6],
			"rotation": {"angle": 22.5, "axis": "z", "origin": [10, 6.5, 8.6]},
			"faces": {
				"east": {"uv": [8, 1, 16, 15], "rotation": 180, "texture": "#1_0"},
				"west": {"uv": [0, 0, 0.0625, 0.0625], "rotation": 180, "texture": "#1_0"}
			}
		},
		{
			"name": "hexadecagon",
			"from": [10.8, 6.26131, 8],
			"to": [11.2, 6.73869, 8.6],
			"rotation": {"angle": 0, "axis": "z", "origin": [10, 6.5, 8.6]},
			"faces": {
				"east": {"uv": [8, 1, 16, 15], "rotation": 180, "texture": "#1_0"},
				"west": {"uv": [0, 0, 0.0625, 0.0625], "rotation": 180, "texture": "#1_0"}
			}
		},
		{
			"name": "hexadecagon",
			"from": [10.8, 6.26131, 8],
			"to": [11.2, 6.73869, 8.6],
			"rotation": {"angle": -22.5, "axis": "z", "origin": [10, 6.5, 8.6]},
			"faces": {
				"east": {"uv": [8, 1, 16, 15], "rotation": 180, "texture": "#1_0"},
				"west": {"uv": [0, 0, 0.0625, 0.0625], "rotation": 180, "texture": "#1_0"}
			}
		},
		{
			"from": [8.8, 5.3, 8.6],
			"to": [11.2, 7.7, 8.6],
			"rotation": {"angle": 0, "axis": "y", "origin": [4, 27.5, 17.2]},
			"faces": {
				"north": {"uv": [16, 16, 0, 0], "texture": "#1_1"},
				"south": {"uv": [16, 0, 0, 16], "texture": "#1_1"}
			}
		},
		{
			"name": "hexadecagon",
			"from": [7.4, 6.26131, 4.8],
			"to": [8, 6.73869, 5.2],
			"rotation": {"angle": -45, "axis": "x", "origin": [7.4, 6.5, 6]},
			"faces": {
				"north": {"uv": [1, 8, 15, 16], "rotation": 270, "texture": "#1_0"},
				"south": {"uv": [0, 0, 0.0625, 0.0625], "rotation": 270, "texture": "#1_0"}
			}
		},
		{
			"name": "hexadecagon",
			"from": [7.4, 6.26131, 4.8],
			"to": [8, 6.73869, 5.2],
			"rotation": {"angle": -22.5, "axis": "x", "origin": [7.4, 6.5, 6]},
			"faces": {
				"north": {"uv": [1, 8, 15, 16], "rotation": 270, "texture": "#1_0"},
				"south": {"uv": [0, 0, 0.0625, 0.0625], "rotation": 270, "texture": "#1_0"}
			}
		},
		{
			"name": "hexadecagon",
			"from": [7.4, 6.26131, 4.8],
			"to": [8, 6.73869, 5.2],
			"rotation": {"angle": 0, "axis": "z", "origin": [7.4, 6.5, 6]},
			"faces": {
				"north": {"uv": [1, 8, 15, 16], "rotation": 270, "texture": "#1_0"},
				"south": {"uv": [0, 0, 0.0625, 0.0625], "rotation": 270, "texture": "#1_0"}
			}
		},
		{
			"name": "hexadecagon",
			"from": [7.4, 6.26131, 4.8],
			"to": [8, 6.73869, 5.2],
			"rotation": {"angle": 22.5, "axis": "x", "origin": [7.4, 6.5, 6]},
			"faces": {
				"north": {"uv": [1, 8, 15, 16], "rotation": 270, "texture": "#1_0"},
				"south": {"uv": [0, 0, 0.0625, 0.0625], "rotation": 270, "texture": "#1_0"}
			}
		},
		{
			"name": "hexadecagon",
			"from": [7.4, 6.26131, 4.8],
			"to": [8, 6.73869, 5.2],
			"rotation": {"angle": 45, "axis": "x", "origin": [7.4, 6.5, 6]},
			"faces": {
				"north": {"uv": [1, 8, 15, 16], "rotation": 270, "texture": "#1_0"},
				"south": {"uv": [0, 0, 0.0625, 0.0625], "rotation": 270, "texture": "#1_0"}
			}
		},
		{
			"name": "hexadecagon",
			"from": [7.4, 6.26131, 6.8],
			"to": [8, 6.73869, 7.2],
			"rotation": {"angle": -45, "axis": "x", "origin": [7.4, 6.5, 6]},
			"faces": {
				"north": {"uv": [0, 0, 0.0625, 0.0625], "rotation": 270, "texture": "#1_0"},
				"south": {"uv": [1, 0, 15, 8], "rotation": 270, "texture": "#1_0"}
			}
		},
		{
			"name": "hexadecagon",
			"from": [7.4, 6.26131, 6.8],
			"to": [8, 6.73869, 7.2],
			"rotation": {"angle": -22.5, "axis": "x", "origin": [7.4, 6.5, 6]},
			"faces": {
				"north": {"uv": [0, 0, 0.0625, 0.0625], "rotation": 270, "texture": "#1_0"},
				"south": {"uv": [1, 0, 15, 8], "rotation": 270, "texture": "#1_0"}
			}
		},
		{
			"name": "hexadecagon",
			"from": [7.4, 6.26131, 6.8],
			"to": [8, 6.73869, 7.2],
			"rotation": {"angle": 0, "axis": "z", "origin": [7.4, 6.5, 6]},
			"faces": {
				"north": {"uv": [0, 0, 0.0625, 0.0625], "rotation": 270, "texture": "#1_0"},
				"south": {"uv": [1, 0, 15, 8], "rotation": 270, "texture": "#1_0"}
			}
		},
		{
			"name": "hexadecagon",
			"from": [7.4, 6.26131, 6.8],
			"to": [8, 6.73869, 7.2],
			"rotation": {"angle": 22.5, "axis": "x", "origin": [7.4, 6.5, 6]},
			"faces": {
				"north": {"uv": [0, 0, 0.0625, 0.0625], "rotation": 270, "texture": "#1_0"},
				"south": {"uv": [1, 0, 15, 8], "rotation": 270, "texture": "#1_0"}
			}
		},
		{
			"name": "hexadecagon",
			"from": [7.4, 6.26131, 6.8],
			"to": [8, 6.73869, 7.2],
			"rotation": {"angle": 45, "axis": "x", "origin": [7.4, 6.5, 6]},
			"faces": {
				"north": {"uv": [0, 0, 0.0625, 0.0625], "rotation": 270, "texture": "#1_0"},
				"south": {"uv": [1, 0, 15, 8], "rotation": 270, "texture": "#1_0"}
			}
		},
		{
			"name": "hexadecagon",
			"from": [7.4, 5.3, 5.76131],
			"to": [8, 5.7, 6.23869],
			"rotation": {"angle": -22.5, "axis": "x", "origin": [7.4, 6.5, 6]},
			"faces": {
				"up": {"uv": [0, 0, 0.0625, 0.0625], "rotation": 180, "texture": "#1_0"},
				"down": {"uv": [0, 1, 8, 15], "texture": "#1_0"}
			}
		},
		{
			"name": "hexadecagon",
			"from": [7.4, 5.3, 5.76131],
			"to": [8, 5.7, 6.23869],
			"rotation": {"angle": 0, "axis": "z", "origin": [7.4, 6.5, 6]},
			"faces": {
				"up": {"uv": [0, 0, 0.0625, 0.0625], "rotation": 180, "texture": "#1_0"},
				"down": {"uv": [0, 1, 8, 15], "texture": "#1_0"}
			}
		},
		{
			"name": "hexadecagon",
			"from": [7.4, 5.3, 5.76131],
			"to": [8, 5.7, 6.23869],
			"rotation": {"angle": 22.5, "axis": "x", "origin": [7.4, 6.5, 6]},
			"faces": {
				"up": {"uv": [0, 0, 0.0625, 0.0625], "rotation": 180, "texture": "#1_0"},
				"down": {"uv": [0, 1, 8, 15], "texture": "#1_0"}
			}
		},
		{
			"name": "hexadecagon",
			"from": [7.4, 7.3, 5.76131],
			"to": [8, 7.7, 6.23869],
			"rotation": {"angle": -22.5, "axis": "x", "origin": [7.4, 6.5, 6]},
			"faces": {
				"up": {"uv": [8, 1, 16, 15], "rotation": 180, "texture": "#1_0"},
				"down": {"uv": [0, 0, 0.0625, 0.0625], "texture": "#1_0"}
			}
		},
		{
			"name": "hexadecagon",
			"from": [7.4, 7.3, 5.76131],
			"to": [8, 7.7, 6.23869],
			"rotation": {"angle": 0, "axis": "z", "origin": [7.4, 6.5, 6]},
			"faces": {
				"up": {"uv": [8, 1, 16, 15], "rotation": 180, "texture": "#1_0"},
				"down": {"uv": [0, 0, 0.0625, 0.0625], "texture": "#1_0"}
			}
		},
		{
			"name": "hexadecagon",
			"from": [7.4, 7.3, 5.76131],
			"to": [8, 7.7, 6.23869],
			"rotation": {"angle": 22.5, "axis": "x", "origin": [7.4, 6.5, 6]},
			"faces": {
				"up": {"uv": [8, 1, 16, 15], "rotation": 180, "texture": "#1_0"},
				"down": {"uv": [0, 0, 0.0625, 0.0625], "texture": "#1_0"}
			}
		},
		{
			"from": [7.4, 5.3, 4.8],
			"to": [7.4, 7.7, 7.2],
			"rotation": {"angle": 0, "axis": "y", "origin": [-1.2, 0.5, -15]},
			"faces": {
				"east": {"uv": [0, 0, 16, 16], "rotation": 270, "texture": "#1_1"},
				"west": {"uv": [0, 0, 16, 16], "texture": "#1_1"}
			}
		},
		{
			"name": "hexadecagon",
			"from": [12, 6.26131, 4.8],
			"to": [12.6, 6.73869, 5.2],
			"rotation": {"angle": -45, "axis": "x", "origin": [12.6, 6.5, 6]},
			"faces": {
				"north": {"uv": [1, 16, 15, 8], "rotation": 270, "texture": "#1_0"},
				"south": {"uv": [0, 0.0625, 0.0625, 0], "rotation": 270, "texture": "#1_0"}
			}
		},
		{
			"name": "hexadecagon",
			"from": [12, 6.26131, 4.8],
			"to": [12.6, 6.73869, 5.2],
			"rotation": {"angle": -22.5, "axis": "x", "origin": [12.6, 6.5, 6]},
			"faces": {
				"north": {"uv": [1, 16, 15, 8], "rotation": 270, "texture": "#1_0"},
				"south": {"uv": [0, 0.0625, 0.0625, 0], "rotation": 270, "texture": "#1_0"}
			}
		},
		{
			"name": "hexadecagon",
			"from": [12, 6.26131, 4.8],
			"to": [12.6, 6.73869, 5.2],
			"rotation": {"angle": 0, "axis": "z", "origin": [12.6, 6.5, 6]},
			"faces": {
				"north": {"uv": [1, 16, 15, 8], "rotation": 270, "texture": "#1_0"},
				"south": {"uv": [0, 0.0625, 0.0625, 0], "rotation": 270, "texture": "#1_0"}
			}
		},
		{
			"name": "hexadecagon",
			"from": [12, 6.26131, 4.8],
			"to": [12.6, 6.73869, 5.2],
			"rotation": {"angle": 22.5, "axis": "x", "origin": [12.6, 6.5, 6]},
			"faces": {
				"north": {"uv": [1, 16, 15, 8], "rotation": 270, "texture": "#1_0"},
				"south": {"uv": [0, 0.0625, 0.0625, 0], "rotation": 270, "texture": "#1_0"}
			}
		},
		{
			"name": "hexadecagon",
			"from": [12, 6.26131, 4.8],
			"to": [12.6, 6.73869, 5.2],
			"rotation": {"angle": 45, "axis": "x", "origin": [12.6, 6.5, 6]},
			"faces": {
				"north": {"uv": [1, 16, 15, 8], "rotation": 270, "texture": "#1_0"},
				"south": {"uv": [0, 0.0625, 0.0625, 0], "rotation": 270, "texture": "#1_0"}
			}
		},
		{
			"name": "hexadecagon",
			"from": [12, 6.26131, 6.8],
			"to": [12.6, 6.73869, 7.2],
			"rotation": {"angle": -45, "axis": "x", "origin": [12.6, 6.5, 6]},
			"faces": {
				"north": {"uv": [0, 0.0625, 0.0625, 0], "rotation": 270, "texture": "#1_0"},
				"south": {"uv": [1, 8, 15, 0], "rotation": 270, "texture": "#1_0"}
			}
		},
		{
			"name": "hexadecagon",
			"from": [12, 6.26131, 6.8],
			"to": [12.6, 6.73869, 7.2],
			"rotation": {"angle": -22.5, "axis": "x", "origin": [12.6, 6.5, 6]},
			"faces": {
				"north": {"uv": [0, 0.0625, 0.0625, 0], "rotation": 270, "texture": "#1_0"},
				"south": {"uv": [1, 8, 15, 0], "rotation": 270, "texture": "#1_0"}
			}
		},
		{
			"name": "hexadecagon",
			"from": [12, 6.26131, 6.8],
			"to": [12.6, 6.73869, 7.2],
			"rotation": {"angle": 0, "axis": "z", "origin": [12.6, 6.5, 6]},
			"faces": {
				"north": {"uv": [0, 0.0625, 0.0625, 0], "rotation": 270, "texture": "#1_0"},
				"south": {"uv": [1, 8, 15, 0], "rotation": 270, "texture": "#1_0"}
			}
		},
		{
			"name": "hexadecagon",
			"from": [12, 6.26131, 6.8],
			"to": [12.6, 6.73869, 7.2],
			"rotation": {"angle": 22.5, "axis": "x", "origin": [12.6, 6.5, 6]},
			"faces": {
				"north": {"uv": [0, 0.0625, 0.0625, 0], "rotation": 270, "texture": "#1_0"},
				"south": {"uv": [1, 8, 15, 0], "rotation": 270, "texture": "#1_0"}
			}
		},
		{
			"name": "hexadecagon",
			"from": [12, 6.26131, 6.8],
			"to": [12.6, 6.73869, 7.2],
			"rotation": {"angle": 45, "axis": "x", "origin": [12.6, 6.5, 6]},
			"faces": {
				"north": {"uv": [0, 0.0625, 0.0625, 0], "rotation": 270, "texture": "#1_0"},
				"south": {"uv": [1, 8, 15, 0], "rotation": 270, "texture": "#1_0"}
			}
		},
		{
			"name": "hexadecagon",
			"from": [12, 5.3, 5.76131],
			"to": [12.6, 5.7, 6.23869],
			"rotation": {"angle": -22.5, "axis": "x", "origin": [12.6, 6.5, 6]},
			"faces": {
				"up": {"uv": [0.0625, 0, 0, 0.0625], "rotation": 180, "texture": "#1_0"},
				"down": {"uv": [8, 1, 0, 15], "texture": "#1_0"}
			}
		},
		{
			"name": "hexadecagon",
			"from": [12, 5.3, 5.76131],
			"to": [12.6, 5.7, 6.23869],
			"rotation": {"angle": 0, "axis": "z", "origin": [12.6, 6.5, 6]},
			"faces": {
				"up": {"uv": [0.0625, 0, 0, 0.0625], "rotation": 180, "texture": "#1_0"},
				"down": {"uv": [8, 1, 0, 15], "texture": "#1_0"}
			}
		},
		{
			"name": "hexadecagon",
			"from": [12, 5.3, 5.76131],
			"to": [12.6, 5.7, 6.23869],
			"rotation": {"angle": 22.5, "axis": "x", "origin": [12.6, 6.5, 6]},
			"faces": {
				"up": {"uv": [0.0625, 0, 0, 0.0625], "rotation": 180, "texture": "#1_0"},
				"down": {"uv": [8, 1, 0, 15], "texture": "#1_0"}
			}
		},
		{
			"name": "hexadecagon",
			"from": [12, 7.3, 5.76131],
			"to": [12.6, 7.7, 6.23869],
			"rotation": {"angle": -22.5, "axis": "x", "origin": [12.6, 6.5, 6]},
			"faces": {
				"up": {"uv": [16, 1, 8, 15], "rotation": 180, "texture": "#1_0"},
				"down": {"uv": [0.0625, 0, 0, 0.0625], "texture": "#1_0"}
			}
		},
		{
			"name": "hexadecagon",
			"from": [12, 7.3, 5.76131],
			"to": [12.6, 7.7, 6.23869],
			"rotation": {"angle": 0, "axis": "z", "origin": [12.6, 6.5, 6]},
			"faces": {
				"up": {"uv": [16, 1, 8, 15], "rotation": 180, "texture": "#1_0"},
				"down": {"uv": [0.0625, 0, 0, 0.0625], "texture": "#1_0"}
			}
		},
		{
			"name": "hexadecagon",
			"from": [12, 7.3, 5.76131],
			"to": [12.6, 7.7, 6.23869],
			"rotation": {"angle": 22.5, "axis": "x", "origin": [12.6, 6.5, 6]},
			"faces": {
				"up": {"uv": [16, 1, 8, 15], "rotation": 180, "texture": "#1_0"},
				"down": {"uv": [0.0625, 0, 0, 0.0625], "texture": "#1_0"}
			}
		},
		{
			"from": [12.6, 5.3, 4.8],
			"to": [12.6, 7.7, 7.2],
			"rotation": {"angle": 0, "axis": "y", "origin": [21.2, 0.5, -15]},
			"faces": {
				"east": {"uv": [0, 16, 16, 0], "rotation": 180, "texture": "#1_1"},
				"west": {"uv": [0, 16, 16, 0], "rotation": 270, "texture": "#1_1"}
			}
		},
		{
			"from": [8, 4.5, 4],
			"to": [12, 8.5, 8],
			"rotation": {"angle": 0, "axis": "y", "origin": [2, -3.5, -7]},
			"faces": {
				"north": {"uv": [0, 0, 16, 16], "texture": "#1_0"},
				"east": {"uv": [0, 0, 16, 16], "texture": "#1_0"},
				"south": {"uv": [0, 0, 16, 16], "texture": "#1_0"},
				"west": {"uv": [0, 0, 16, 16], "texture": "#1_0"},
				"up": {"uv": [0, 0, 16, 16], "texture": "#1_0"},
				"down": {"uv": [0, 0, 16, 16], "texture": "#1_0"}
			}
		},
		{
			"from": [4, 10, 6.5],
			"to": [8, 14, 8],
			"rotation": {"angle": 0, "axis": "y", "origin": [-4, -2, -4]},
			"faces": {
				"north": {"uv": [0, 0, 16, 16], "texture": "#1_0"},
				"east": {"uv": [0, 0, 16, 16], "texture": "#1_0"},
				"west": {"uv": [0, 0, 16, 16], "texture": "#1_0"},
				"up": {"uv": [0, 0, 16, 16], "texture": "#1_0"},
				"down": {"uv": [0, 0, 16, 16], "texture": "#1_0"}
			}
		},
		{
			"from": [4, 10, 12],
			"to": [8, 14, 13.5],
			"rotation": {"angle": 0, "axis": "y", "origin": [-4, -2, -4]},
			"faces": {
				"east": {"uv": [0, 0, 16, 16], "texture": "#1_0"},
				"south": {"uv": [0, 0, 16, 16], "texture": "#1_0"},
				"west": {"uv": [0, 0, 16, 16], "texture": "#1_0"},
				"up": {"uv": [0, 0, 16, 16], "texture": "#1_0"},
				"down": {"uv": [0, 0, 16, 16], "texture": "#1_0"}
			}
		},
		{
			"from": [4, 10, 5.8],
			"to": [8, 14, 5.8],
			"rotation": {"angle": 0, "axis": "y", "origin": [-4, -2, -4]},
			"faces": {
				"north": {"uv": [0, 0, 16, 16], "texture": "#8"},
				"south": {"uv": [0, 0, 16, 16], "texture": "#8"}
			}
		},
		{
			"from": [4, 10, 14.2],
			"to": [8, 14, 14.2],
			"rotation": {"angle": 0, "axis": "y", "origin": [-4, -2, 24]},
			"faces": {
				"north": {"uv": [0, 0, 16, 16], "texture": "#8"},
				"south": {"uv": [0, 0, 16, 16], "texture": "#8"}
			}
		},
		{
			"from": [2.5, 10, 8],
			"to": [4, 14, 12],
			"rotation": {"angle": 0, "axis": "y", "origin": [-4, -2, -4]},
			"faces": {
				"north": {"uv": [0, 0, 16, 16], "texture": "#1"},
				"south": {"uv": [0, 0, 16, 16], "texture": "#1"},
				"west": {"uv": [0, 0, 16, 16], "texture": "#1"},
				"up": {"uv": [0, 0, 16, 16], "rotation": 90, "texture": "#1"},
				"down": {"uv": [0, 0, 16, 16], "rotation": 270, "texture": "#1"}
			}
		},
		{
			"from": [8, 10, 8],
			"to": [9.5, 14, 12],
			"rotation": {"angle": 0, "axis": "y", "origin": [-4, -2, -4]},
			"faces": {
				"north": {"uv": [0, 0, 16, 16], "texture": "#1"},
				"east": {"uv": [0, 0, 16, 16], "texture": "#1"},
				"south": {"uv": [0, 0, 16, 16], "texture": "#1"},
				"up": {"uv": [0, 0, 16, 16], "rotation": 90, "texture": "#1"},
				"down": {"uv": [0, 0, 16, 16], "rotation": 270, "texture": "#1"}
			}
		},
		{
			"from": [4, 10, 8],
			"to": [8, 15.5, 12],
			"rotation": {"angle": 0, "axis": "y", "origin": [-4, -2, -4]},
			"faces": {
				"north": {"uv": [0, 0, 16, 16], "rotation": 90, "texture": "#1"},
				"east": {"uv": [0, 0, 16, 16], "rotation": 180, "texture": "#1"},
				"south": {"uv": [0, 0, 16, 16], "rotation": 270, "texture": "#1"},
				"west": {"uv": [0, 0, 16, 16], "texture": "#1"},
				"up": {"uv": [0, 0, 16, 16], "rotation": 270, "texture": "#1"},
				"down": {"uv": [0, 0, 16, 16], "rotation": 270, "texture": "#1"}
			}
		},
		{
			"name": "hexadecagon",
			"from": [1.8, 11.76131, 8.8],
			"to": [2.5, 12.23869, 11.2],
			"rotation": {"angle": -45, "axis": "x", "origin": [2, 12, 10]},
			"faces": {
				"north": {"uv": [8, 1, 16, 15], "texture": "#1"},
				"south": {"uv": [0, 1, 8, 15], "texture": "#1"}
			}
		},
		{
			"name": "hexadecagon",
			"from": [1.8, 11.76131, 8.8],
			"to": [2.5, 12.23869, 11.2],
			"rotation": {"angle": -22.5, "axis": "x", "origin": [2, 12, 10]},
			"faces": {
				"north": {"uv": [8, 1, 16, 15], "texture": "#1"},
				"south": {"uv": [0, 1, 8, 15], "texture": "#1"}
			}
		},
		{
			"name": "hexadecagon",
			"from": [1.8, 11.76131, 8.8],
			"to": [2.5, 12.23869, 11.2],
			"rotation": {"angle": 0, "axis": "x", "origin": [2, 12, 10]},
			"faces": {
				"north": {"uv": [8, 1, 16, 15], "texture": "#1"},
				"south": {"uv": [0, 1, 8, 15], "texture": "#1"}
			}
		},
		{
			"name": "hexadecagon",
			"from": [1.8, 11.76131, 8.8],
			"to": [2.5, 12.23869, 11.2],
			"rotation": {"angle": 22.5, "axis": "x", "origin": [2, 12, 10]},
			"faces": {
				"north": {"uv": [8, 1, 16, 15], "texture": "#1"},
				"south": {"uv": [0, 1, 8, 15], "texture": "#1"}
			}
		},
		{
			"name": "hexadecagon",
			"from": [1.8, 11.76131, 8.8],
			"to": [2.5, 12.23869, 11.2],
			"rotation": {"angle": 45, "axis": "x", "origin": [2, 12, 10]},
			"faces": {
				"north": {"uv": [8, 1, 16, 15], "texture": "#1"},
				"south": {"uv": [0, 1, 8, 15], "texture": "#1"}
			}
		},
		{
			"name": "hexadecagon",
			"from": [1.8, 10.8, 9.76131],
			"to": [2.5, 13.2, 10.23869],
			"rotation": {"angle": -22.5, "axis": "x", "origin": [2, 12, 10]},
			"faces": {
				"up": {"uv": [0, 1, 8, 15], "texture": "#1"},
				"down": {"uv": [0, 1, 8, 15], "texture": "#1"}
			}
		},
		{
			"name": "hexadecagon",
			"from": [1.8, 10.8, 9.76131],
			"to": [2.5, 13.2, 10.23869],
			"rotation": {"angle": 0, "axis": "x", "origin": [2, 12, 10]},
			"faces": {
				"up": {"uv": [0, 1, 8, 15], "texture": "#1"},
				"down": {"uv": [0, 1, 8, 15], "texture": "#1"}
			}
		},
		{
			"name": "hexadecagon",
			"from": [1.8, 10.8, 9.76131],
			"to": [2.5, 13.2, 10.23869],
			"rotation": {"angle": 22.5, "axis": "x", "origin": [2, 12, 10]},
			"faces": {
				"up": {"uv": [0, 1, 8, 15], "texture": "#1"},
				"down": {"uv": [0, 1, 8, 15], "texture": "#1"}
			}
		},
		{
			"from": [1.8, 10, 8],
			"to": [1.8, 14, 12],
			"rotation": {"angle": 0, "axis": "y", "origin": [-4, -2, -4]},
			"faces": {
				"east": {"uv": [0, 0, 16, 16], "texture": "#2_4"},
				"west": {"uv": [0, 0, 16, 16], "texture": "#2_4"}
			}
		},
		{
			"name": "hexadecagon",
			"from": [9.5, 11.76131, 8.8],
			"to": [10.2, 12.23869, 11.2],
			"rotation": {"angle": -45, "axis": "x", "origin": [10, 12, 10]},
			"faces": {
				"north": {"uv": [16, 1, 8, 15], "texture": "#1"},
				"south": {"uv": [8, 1, 0, 15], "texture": "#1"}
			}
		},
		{
			"name": "hexadecagon",
			"from": [9.5, 11.76131, 8.8],
			"to": [10.2, 12.23869, 11.2],
			"rotation": {"angle": -22.5, "axis": "x", "origin": [10, 12, 10]},
			"faces": {
				"north": {"uv": [16, 1, 8, 15], "texture": "#1"},
				"south": {"uv": [8, 1, 0, 15], "texture": "#1"}
			}
		},
		{
			"name": "hexadecagon",
			"from": [9.5, 11.76131, 8.8],
			"to": [10.2, 12.23869, 11.2],
			"rotation": {"angle": 0, "axis": "x", "origin": [10, 12, 10]},
			"faces": {
				"north": {"uv": [16, 1, 8, 15], "texture": "#1"},
				"south": {"uv": [8, 1, 0, 15], "texture": "#1"}
			}
		},
		{
			"name": "hexadecagon",
			"from": [9.5, 11.76131, 8.8],
			"to": [10.2, 12.23869, 11.2],
			"rotation": {"angle": 22.5, "axis": "x", "origin": [10, 12, 10]},
			"faces": {
				"north": {"uv": [16, 1, 8, 15], "texture": "#1"},
				"south": {"uv": [8, 1, 0, 15], "texture": "#1"}
			}
		},
		{
			"name": "hexadecagon",
			"from": [9.5, 11.76131, 8.8],
			"to": [10.2, 12.23869, 11.2],
			"rotation": {"angle": 45, "axis": "x", "origin": [10, 12, 10]},
			"faces": {
				"north": {"uv": [16, 1, 8, 15], "texture": "#1"},
				"south": {"uv": [8, 1, 0, 15], "texture": "#1"}
			}
		},
		{
			"name": "hexadecagon",
			"from": [9.5, 10.8, 9.76131],
			"to": [10.2, 13.2, 10.23869],
			"rotation": {"angle": -22.5, "axis": "x", "origin": [10, 12, 10]},
			"faces": {
				"up": {"uv": [8, 1, 0, 15], "texture": "#1"},
				"down": {"uv": [8, 1, 0, 15], "texture": "#1"}
			}
		},
		{
			"name": "hexadecagon",
			"from": [9.5, 10.8, 9.76131],
			"to": [10.2, 13.2, 10.23869],
			"rotation": {"angle": 0, "axis": "x", "origin": [10, 12, 10]},
			"faces": {
				"up": {"uv": [8, 1, 0, 15], "texture": "#1"},
				"down": {"uv": [8, 1, 0, 15], "texture": "#1"}
			}
		},
		{
			"name": "hexadecagon",
			"from": [9.5, 10.8, 9.76131],
			"to": [10.2, 13.2, 10.23869],
			"rotation": {"angle": 22.5, "axis": "x", "origin": [10, 12, 10]},
			"faces": {
				"up": {"uv": [8, 1, 0, 15], "texture": "#1"},
				"down": {"uv": [8, 1, 0, 15], "texture": "#1"}
			}
		},
		{
			"from": [10.2, 10, 8],
			"to": [10.2, 14, 12],
			"rotation": {"angle": 0, "axis": "y", "origin": [16, -2, -4]},
			"faces": {
				"east": {"uv": [0, 0, 16, 16], "texture": "#2_4"},
				"west": {"uv": [16, 0, 0, 16], "texture": "#2_4"}
			}
		},
		{
			"name": "hexadecagon",
			"from": [5.76131, 15.5, 8.8],
			"to": [6.23869, 16.2, 11.2],
			"rotation": {"angle": -45, "axis": "y", "origin": [6, 16, 10]},
			"faces": {
				"north": {"uv": [16, 1, 8, 15], "rotation": 90, "texture": "#1"},
				"south": {"uv": [8, 1, 0, 15], "rotation": 270, "texture": "#1"}
			}
		},
		{
			"name": "hexadecagon",
			"from": [5.76131, 15.5, 8.8],
			"to": [6.23869, 16.2, 11.2],
			"rotation": {"angle": -22.5, "axis": "y", "origin": [6, 16, 10]},
			"faces": {
				"north": {"uv": [16, 1, 8, 15], "rotation": 90, "texture": "#1"},
				"south": {"uv": [8, 1, 0, 15], "rotation": 270, "texture": "#1"}
			}
		},
		{
			"name": "hexadecagon",
			"from": [5.76131, 15.5, 8.8],
			"to": [6.23869, 16.2, 11.2],
			"rotation": {"angle": 0, "axis": "x", "origin": [6, 16, 10]},
			"faces": {
				"north": {"uv": [16, 1, 8, 15], "rotation": 90, "texture": "#1"},
				"south": {"uv": [8, 1, 0, 15], "rotation": 270, "texture": "#1"}
			}
		},
		{
			"name": "hexadecagon",
			"from": [5.76131, 15.5, 8.8],
			"to": [6.23869, 16.2, 11.2],
			"rotation": {"angle": 22.5, "axis": "y", "origin": [6, 16, 10]},
			"faces": {
				"north": {"uv": [16, 1, 8, 15], "rotation": 90, "texture": "#1"},
				"south": {"uv": [8, 1, 0, 15], "rotation": 270, "texture": "#1"}
			}
		},
		{
			"name": "hexadecagon",
			"from": [5.76131, 15.5, 8.8],
			"to": [6.23869, 16.2, 11.2],
			"rotation": {"angle": 45, "axis": "y", "origin": [6, 16, 10]},
			"faces": {
				"north": {"uv": [16, 1, 8, 15], "rotation": 90, "texture": "#1"},
				"south": {"uv": [8, 1, 0, 15], "rotation": 270, "texture": "#1"}
			}
		},
		{
			"name": "hexadecagon",
			"from": [4.8, 15.5, 9.76131],
			"to": [7.2, 16.2, 10.23869],
			"rotation": {"angle": -22.5, "axis": "y", "origin": [6, 16, 10]},
			"faces": {
				"east": {"uv": [8, 1, 0, 15], "rotation": 270, "texture": "#1"},
				"west": {"uv": [8, 1, 0, 15], "rotation": 270, "texture": "#1"}
			}
		},
		{
			"name": "hexadecagon",
			"from": [4.8, 15.5, 9.76131],
			"to": [7.2, 16.2, 10.23869],
			"rotation": {"angle": 0, "axis": "x", "origin": [6, 16, 10]},
			"faces": {
				"east": {"uv": [8, 1, 0, 15], "rotation": 270, "texture": "#1"},
				"west": {"uv": [8, 1, 0, 15], "rotation": 270, "texture": "#1"}
			}
		},
		{
			"name": "hexadecagon",
			"from": [4.8, 15.5, 9.76131],
			"to": [7.2, 16.2, 10.23869],
			"rotation": {"angle": 22.5, "axis": "y", "origin": [6, 16, 10]},
			"faces": {
				"east": {"uv": [8, 1, 0, 15], "rotation": 270, "texture": "#1"},
				"west": {"uv": [8, 1, 0, 15], "rotation": 270, "texture": "#1"}
			}
		},
		{
			"from": [4, 16.2, 8],
			"to": [8, 16.2, 12],
			"rotation": {"angle": 0, "axis": "y", "origin": [20, 22, -4]},
			"faces": {
				"up": {"uv": [0, 16, 16, 0], "texture": "#2_4"},
				"down": {"uv": [16, 0, 0, 16], "rotation": 180, "texture": "#2_4"}
			}
		},
		{
			"name": "hexadecagon",
			"from": [5.76131, 9.4, 8.8],
			"to": [6.23869, 10.1, 11.2],
			"rotation": {"angle": -45, "axis": "y", "origin": [6, 9.6, 10]},
			"faces": {
				"north": {"uv": [8, 1, 16, 15], "rotation": 90, "texture": "#1"},
				"south": {"uv": [0, 1, 8, 15], "rotation": 270, "texture": "#1"}
			}
		},
		{
			"name": "hexadecagon",
			"from": [5.76131, 9.4, 8.8],
			"to": [6.23869, 10.1, 11.2],
			"rotation": {"angle": -22.5, "axis": "y", "origin": [6, 9.6, 10]},
			"faces": {
				"north": {"uv": [8, 1, 16, 15], "rotation": 90, "texture": "#1"},
				"south": {"uv": [0, 1, 8, 15], "rotation": 270, "texture": "#1"}
			}
		},
		{
			"name": "hexadecagon",
			"from": [5.76131, 9.4, 8.8],
			"to": [6.23869, 10.1, 11.2],
			"rotation": {"angle": 0, "axis": "x", "origin": [6, 9.6, 10]},
			"faces": {
				"north": {"uv": [8, 1, 16, 15], "rotation": 90, "texture": "#1"},
				"south": {"uv": [0, 1, 8, 15], "rotation": 270, "texture": "#1"}
			}
		},
		{
			"name": "hexadecagon",
			"from": [5.76131, 9.4, 8.8],
			"to": [6.23869, 10.1, 11.2],
			"rotation": {"angle": 22.5, "axis": "y", "origin": [6, 9.6, 10]},
			"faces": {
				"north": {"uv": [8, 1, 16, 15], "rotation": 90, "texture": "#1"},
				"south": {"uv": [0, 1, 8, 15], "rotation": 270, "texture": "#1"}
			}
		},
		{
			"name": "hexadecagon",
			"from": [5.76131, 9.4, 8.8],
			"to": [6.23869, 10.1, 11.2],
			"rotation": {"angle": 45, "axis": "y", "origin": [6, 9.6, 10]},
			"faces": {
				"north": {"uv": [8, 1, 16, 15], "rotation": 90, "texture": "#1"},
				"south": {"uv": [0, 1, 8, 15], "rotation": 270, "texture": "#1"}
			}
		},
		{
			"name": "hexadecagon",
			"from": [4.8, 9.4, 9.76131],
			"to": [7.2, 10.1, 10.23869],
			"rotation": {"angle": -22.5, "axis": "y", "origin": [6, 9.6, 10]},
			"faces": {
				"east": {"uv": [0, 1, 8, 15], "rotation": 270, "texture": "#1"},
				"west": {"uv": [0, 1, 8, 15], "rotation": 270, "texture": "#1"}
			}
		},
		{
			"name": "hexadecagon",
			"from": [4.8, 9.4, 9.76131],
			"to": [7.2, 10.1, 10.23869],
			"rotation": {"angle": 0, "axis": "x", "origin": [6, 9.6, 10]},
			"faces": {
				"east": {"uv": [0, 1, 8, 15], "rotation": 270, "texture": "#1"},
				"west": {"uv": [0, 1, 8, 15], "rotation": 270, "texture": "#1"}
			}
		},
		{
			"name": "hexadecagon",
			"from": [4.8, 9.4, 9.76131],
			"to": [7.2, 10.1, 10.23869],
			"rotation": {"angle": 22.5, "axis": "y", "origin": [6, 9.6, 10]},
			"faces": {
				"east": {"uv": [0, 1, 8, 15], "rotation": 270, "texture": "#1"},
				"west": {"uv": [0, 1, 8, 15], "rotation": 270, "texture": "#1"}
			}
		},
		{
			"from": [4, 9.4, 8],
			"to": [8, 9.4, 12],
			"rotation": {"angle": 0, "axis": "y", "origin": [20, 3.6, -4]},
			"faces": {
				"up": {"uv": [0, 0, 16, 16], "rotation": 270, "texture": "#2_4"},
				"down": {"uv": [0, 0, 16, 16], "rotation": 270, "texture": "#2_4"}
			}
		},
		{
			"name": "hexadecagon",
			"from": [5.76131, 10.8, 5.8],
			"to": [6.23869, 13.2, 6.5],
			"rotation": {"angle": 45, "axis": "z", "origin": [6, 12, 6]},
			"faces": {
				"south": {"uv": [0, 0, 0, 0], "texture": "#1_0"},
				"up": {"uv": [16, 1, 8, 15], "rotation": 90, "texture": "#1_0"},
				"down": {"uv": [8, 1, 0, 15], "rotation": 90, "texture": "#1_0"}
			}
		},
		{
			"name": "hexadecagon",
			"from": [5.76131, 10.8, 5.8],
			"to": [6.23869, 13.2, 6.5],
			"rotation": {"angle": 22.5, "axis": "z", "origin": [6, 12, 6]},
			"faces": {
				"south": {"uv": [0, 0, 0, 0], "texture": "#1_0"},
				"up": {"uv": [16, 1, 8, 15], "rotation": 90, "texture": "#1_0"},
				"down": {"uv": [8, 1, 0, 15], "rotation": 90, "texture": "#1_0"}
			}
		},
		{
			"name": "hexadecagon",
			"from": [5.76131, 10.8, 5.8],
			"to": [6.23869, 13.2, 6.5],
			"rotation": {"angle": 0, "axis": "x", "origin": [6, 12, 6]},
			"faces": {
				"up": {"uv": [16, 1, 8, 15], "rotation": 90, "texture": "#1_0"},
				"down": {"uv": [8, 1, 0, 15], "rotation": 90, "texture": "#1_0"}
			}
		},
		{
			"name": "hexadecagon",
			"from": [5.76131, 10.8, 5.8],
			"to": [6.23869, 13.2, 6.5],
			"rotation": {"angle": -22.5, "axis": "z", "origin": [6, 12, 6]},
			"faces": {
				"south": {"uv": [0, 0, 0, 0], "texture": "#1_0"},
				"up": {"uv": [16, 1, 8, 15], "rotation": 90, "texture": "#1_0"},
				"down": {"uv": [8, 1, 0, 15], "rotation": 90, "texture": "#1_0"}
			}
		},
		{
			"name": "hexadecagon",
			"from": [5.76131, 10.8, 5.8],
			"to": [6.23869, 13.2, 6.5],
			"rotation": {"angle": -45, "axis": "z", "origin": [6, 12, 6]},
			"faces": {
				"south": {"uv": [0, 0, 0, 0], "texture": "#1_0"},
				"up": {"uv": [16, 1, 8, 15], "rotation": 90, "texture": "#1_0"},
				"down": {"uv": [8, 1, 0, 15], "rotation": 90, "texture": "#1_0"}
			}
		},
		{
			"name": "hexadecagon",
			"from": [4.8, 11.76131, 5.8],
			"to": [7.2, 12.23869, 6.5],
			"rotation": {"angle": 22.5, "axis": "z", "origin": [6, 12, 6]},
			"faces": {
				"east": {"uv": [8, 1, 0, 15], "texture": "#1_0"},
				"south": {"uv": [0, 0, 0, 0], "texture": "#1_0"},
				"west": {"uv": [8, 1, 0, 15], "rotation": 180, "texture": "#1_0"}
			}
		},
		{
			"name": "hexadecagon",
			"from": [4.8, 11.76131, 5.8],
			"to": [7.2, 12.23869, 6.5],
			"rotation": {"angle": 0, "axis": "x", "origin": [6, 12, 6]},
			"faces": {
				"east": {"uv": [8, 1, 0, 15], "texture": "#1_0"},
				"west": {"uv": [8, 1, 0, 15], "rotation": 180, "texture": "#1_0"}
			}
		},
		{
			"name": "hexadecagon",
			"from": [4.8, 11.76131, 5.8],
			"to": [7.2, 12.23869, 6.5],
			"rotation": {"angle": -22.5, "axis": "z", "origin": [6, 12, 6]},
			"faces": {
				"east": {"uv": [8, 1, 0, 15], "texture": "#1_0"},
				"south": {"uv": [0, 0, 0, 0], "texture": "#1_0"},
				"west": {"uv": [8, 1, 0, 15], "rotation": 180, "texture": "#1_0"}
			}
		},
		{
			"name": "hexadecagon",
			"from": [5.76131, 10.8, 13.5],
			"to": [6.23869, 13.2, 14.2],
			"rotation": {"angle": 45, "axis": "z", "origin": [6, 12, 14]},
			"faces": {
				"north": {"uv": [0, 0, 0, 0], "texture": "#1_0"},
				"up": {"uv": [8, 1, 16, 15], "rotation": 90, "texture": "#1_0"},
				"down": {"uv": [0, 1, 8, 15], "rotation": 90, "texture": "#1_0"}
			}
		},
		{
			"name": "hexadecagon",
			"from": [5.76131, 10.8, 13.5],
			"to": [6.23869, 13.2, 14.2],
			"rotation": {"angle": 22.5, "axis": "z", "origin": [6, 12, 14]},
			"faces": {
				"north": {"uv": [0, 0, 0, 0], "texture": "#1_0"},
				"up": {"uv": [8, 1, 16, 15], "rotation": 90, "texture": "#1_0"},
				"down": {"uv": [0, 1, 8, 15], "rotation": 90, "texture": "#1_0"}
			}
		},
		{
			"name": "hexadecagon",
			"from": [5.76131, 10.8, 13.5],
			"to": [6.23869, 13.2, 14.2],
			"rotation": {"angle": 0, "axis": "x", "origin": [6, 12, 14]},
			"faces": {
				"up": {"uv": [8, 1, 16, 15], "rotation": 90, "texture": "#1_0"},
				"down": {"uv": [0, 1, 8, 15], "rotation": 90, "texture": "#1_0"}
			}
		},
		{
			"name": "hexadecagon",
			"from": [5.76131, 10.8, 13.5],
			"to": [6.23869, 13.2, 14.2],
			"rotation": {"angle": -22.5, "axis": "z", "origin": [6, 12, 14]},
			"faces": {
				"north": {"uv": [0, 0, 0, 0], "texture": "#1_0"},
				"up": {"uv": [8, 1, 16, 15], "rotation": 90, "texture": "#1_0"},
				"down": {"uv": [0, 1, 8, 15], "rotation": 90, "texture": "#1_0"}
			}
		},
		{
			"name": "hexadecagon",
			"from": [5.76131, 10.8, 13.5],
			"to": [6.23869, 13.2, 14.2],
			"rotation": {"angle": -45, "axis": "z", "origin": [6, 12, 14]},
			"faces": {
				"north": {"uv": [0, 0, 0, 0], "texture": "#1_0"},
				"up": {"uv": [8, 1, 16, 15], "rotation": 90, "texture": "#1_0"},
				"down": {"uv": [0, 1, 8, 15], "rotation": 90, "texture": "#1_0"}
			}
		},
		{
			"name": "hexadecagon",
			"from": [4.8, 11.76131, 13.5],
			"to": [7.2, 12.23869, 14.2],
			"rotation": {"angle": 22.5, "axis": "z", "origin": [6, 12, 14]},
			"faces": {
				"north": {"uv": [0, 0, 0, 0], "texture": "#1_0"},
				"east": {"uv": [0, 1, 8, 15], "texture": "#1_0"},
				"west": {"uv": [0, 1, 8, 15], "rotation": 180, "texture": "#1_0"}
			}
		},
		{
			"name": "hexadecagon",
			"from": [4.8, 11.76131, 13.5],
			"to": [7.2, 12.23869, 14.2],
			"rotation": {"angle": 0, "axis": "x", "origin": [6, 12, 14]},
			"faces": {
				"east": {"uv": [0, 1, 8, 15], "texture": "#1_0"},
				"west": {"uv": [0, 1, 8, 15], "rotation": 180, "texture": "#1_0"}
			}
		},
		{
			"name": "hexadecagon",
			"from": [4.8, 11.76131, 13.5],
			"to": [7.2, 12.23869, 14.2],
			"rotation": {"angle": -22.5, "axis": "z", "origin": [6, 12, 14]},
			"faces": {
				"north": {"uv": [0, 0, 0, 0], "texture": "#1_0"},
				"east": {"uv": [0, 1, 8, 15], "texture": "#1_0"},
				"west": {"uv": [0, 1, 8, 15], "rotation": 180, "texture": "#1_0"}
			}
		}
	],
	"display": {
		"thirdperson_righthand": {
			"rotation": [0, 131, 0],
			"translation": [0, 2, 0]
		},
		"thirdperson_lefthand": {
			"rotation": [0, 131, 0],
			"translation": [0, 1.75, 0]
		},
		"firstperson_righthand": {
			"rotation": [-23, 0, 0],
			"translation": [3.75, 1, 0],
			"scale": [0.8, 0.8, 0.8]
		},
		"firstperson_lefthand": {
			"rotation": [-23, 0, 0],
			"translation": [3.75, 0, 0],
			"scale": [0.8, 0.8, 0.8]
		},
		"ground": {
			"translation": [0, 4.5, 0]
		},
		"gui": {
			"rotation": [0, -135, 45],
			"translation": [-3, -2, 0],
			"scale": [0.8, 0.8, 0.8]
		},
		"fixed": {
			"rotation": [0, 0, 45],
			"translation": [2.25, -2, -0.75]
		}
	},
	"groups": [
		{
			"name": "group",
			"origin": [8, 8, 8],
			"color": 0,
			"children": [
				{
					"name": "group",
					"origin": [8, 8, 8],
					"color": 0,
					"children": [
						{
							"name": "group",
							"origin": [0, 0, 0],
							"color": 0,
							"children": []
						}
					]
				},
				{
					"name": "group",
					"origin": [8, 8, 8],
					"color": 0,
					"children": [
						{
							"name": "group",
							"origin": [0, 0, 0],
							"color": 0,
							"children": []
						}
					]
				}
			]
		},
		{
			"name": "group",
			"origin": [6.8, 3, 3.9],
			"color": 0,
			"children": [
				{
					"name": "hexadecagon",
					"origin": [8, 8, 8],
					"color": 0,
					"children": [0, 1, 2, 3, 4, 5, 6, 7, 8, 9, 10, 11, 12, 13, 14, 15, 16]
				},
				{
					"name": "hexadecagon",
					"origin": [8, 8, 8],
					"color": 0,
					"children": [17, 18, 19, 20, 21, 22, 23, 24, 25, 26, 27, 28, 29, 30, 31, 32, 33]
				},
				{
					"name": "hexadecagon",
					"origin": [8, 8, 8],
					"color": 0,
					"children": [34, 35, 36, 37, 38, 39, 40, 41, 42, 43, 44, 45, 46, 47, 48, 49, 50]
				}
			]
		}, 51,
		{
			"name": "hexadecagon",
			"origin": [8, 8, 8],
			"color": 0,
			"children": [52, 53, 54, 55, 56, 57, 58, 59]
		},
		{
			"name": "hexadecagon",
			"origin": [8, 8, 8],
			"color": 0,
			"children": [60, 61, 62, 63, 64, 65, 66, 67]
		},
		{
			"name": "hexadecagon",
			"origin": [8, 8, 8],
			"color": 0,
			"children": [68, 69, 70, 71, 72, 73, 74, 75]
		},
		{
			"name": "hexadecagon",
			"origin": [8, 8, 8],
			"color": 0,
			"children": [76, 77, 78, 79, 80, 81, 82, 83]
		}, 84, 85,
		{
			"name": "cocoa_stage0",
			"origin": [8, 8, 8],
			"color": 0,
			"children": [
				{
					"name": "group",
					"origin": [0, 0, 0],
					"color": 0,
					"children": [
						{
							"name": "group",
							"origin": [8, 8, 8],
							"color": 0,
							"children": [86, 87, 88, 89, 90, 91, 92, 93, 94, 95, 96, 97, 98, 99, 100, 101, 102]
						},
						{
							"name": "group",
							"origin": [8, 8, 8],
							"color": 0,
							"children": [103, 104, 105, 106, 107, 108, 109, 110, 111, 112, 113, 114, 115, 116, 117, 118, 119]
						},
						{
							"name": "group",
							"origin": [8, 8, 8],
							"color": 0,
							"children": [120, 121, 122, 123, 124, 125, 126, 127, 128, 129, 130, 131, 132, 133, 134, 135, 136]
						},
						{
							"name": "group",
							"origin": [8, 8, 8],
							"color": 0,
							"children": [137, 138, 139, 140, 141, 142, 143, 144, 145, 146, 147, 148, 149, 150, 151, 152, 153]
						},
						{
							"name": "group",
							"origin": [8, 8, 8],
							"color": 0,
							"children": [154, 155, 156, 157, 158, 159, 160, 161, 162, 163, 164, 165, 166, 167, 168, 169, 170]
						}, 171]
				}
			]
		},
		{
			"name": "cocoa_stage2",
			"origin": [8, 8, 8],
			"color": 0,
			"children": [172, 173, 174, 175, 176, 177, 178,
				{
					"name": "hexadecagon",
					"origin": [8, 8, 8],
					"color": 0,
					"children": [179, 180, 181, 182, 183, 184, 185, 186, 187]
				},
				{
					"name": "hexadecagon",
					"origin": [8, 8, 8],
					"color": 0,
					"children": [188, 189, 190, 191, 192, 193, 194, 195, 196]
				},
				{
					"name": "hexadecagon",
					"origin": [8, 8, 8],
					"color": 0,
					"children": [197, 198, 199, 200, 201, 202, 203, 204, 205]
				},
				{
					"name": "hexadecagon",
					"origin": [8, 8, 8],
					"color": 0,
					"children": [206, 207, 208, 209, 210, 211, 212, 213, 214]
				},
				{
					"name": "hexadecagon",
					"origin": [8, 8, 8],
					"color": 0,
					"children": [215, 216, 217, 218, 219, 220, 221, 222, 223, 224, 225, 226, 227, 228, 229, 230]
				}
			]
		}
	]
}