{
	"credit": "Made with Blockbench",
	"textures": {
		"1": "block/crimson_fence_side_top",
		"particle": "block/crimson_fence_side",
		"texture": "block/crimson_fence_side"
	},
	"elements": [
		{
			"name": "top bar",
			"from": [7, 12.5, 0],
			"to": [9, 15.5, 6],
			"faces": {
				"north": {"uv": [0, 0, 2, 3], "texture": "#1", "cullface": "north"},
				"east": {"uv": [5, 6.5, 11, 9.5], "texture": "#texture"},
				"south": {"uv": [0, 0, 2, 3], "texture": "#1"},
				"west": {"uv": [5, 6.5, 11, 9.5], "texture": "#texture"},
				"up": {"uv": [7, 5, 9, 11], "texture": "#1"},
				"down": {"uv": [7, 5, 9, 11], "texture": "#1"}
			}
		},
		{
			"from": [7, 4.5, 0],
			"to": [9, 7.5, 6],
			"faces": {
				"north": {"uv": [0, 0, 2, 3], "texture": "#1"},
				"east": {"uv": [5, 6.5, 11, 9.5], "texture": "#texture"},
				"south": {"uv": [0, 0, 2, 3], "texture": "#1"},
				"west": {"uv": [5, 6.5, 11, 9.5], "texture": "#texture"},
				"up": {"uv": [7, 5, 9, 11], "texture": "#1"},
				"down": {"uv": [7, 5, 9, 11], "texture": "#1"}
			}
		}
	]
}