{
	"credit": "Made with Blockbench",
	"textures": {
		"0": "block/items/crimson_button",
		"particle": "block/items/crimson_button"
	},
	"elements": [
		{
			"from": [4, 0, 8],
			"to": [8, 2, 12],
			"faces": {
				"north": {"uv": [1, 1, 1.5, 1.5], "rotation": 90, "texture": "#0"},
				"east": {"uv": [1, 1, 1.5, 1.5], "rotation": 90, "texture": "#0"},
				"south": {"uv": [1, 1, 1.5, 1.5], "rotation": 90, "texture": "#0"},
				"west": {"uv": [1, 1, 1.5, 1.5], "rotation": 90, "texture": "#0"},
				"up": {"uv": [0, 0, 16, 16], "texture": "#0"},
				"down": {"uv": [0, 0, 16, 16], "texture": "#0", "cullface": "down"}
			}
		}
	]
}