{
	"credit": "Made with Blockbench",
	"textures": {
		"1": "block/items/red",
		"2": "block/items/dark_red",
		"3": "block/items/red_circle_hollow",
		"particle": "block/items/dark_red"
	},
	"elements": [
		{
			"from": [3.975, 0, 3.975],
			"to": [12.025, 1.5, 12.025],
			"rotation": {"angle": 0, "axis": "y", "origin": [6.8, 4.5, 3.9]},
			"faces": {
				"north": {"uv": [0, 0, 16, 16], "texture": "#2"},
				"east": {"uv": [0, 0, 16, 16], "texture": "#2"},
				"south": {"uv": [0, 0, 16, 16], "texture": "#2"},
				"west": {"uv": [0, 0, 16, 16], "texture": "#2"},
				"up": {"uv": [0, 0, 16, 16], "texture": "#2"},
				"down": {"uv": [0, 0, 16, 16], "texture": "#2"}
			}
		},
		{
			"from": [4.3, 1.5, 7.5],
			"to": [5.3, 3.5, 8.5],
			"faces": {
				"north": {"uv": [0, 0, 15, 16], "texture": "#2"},
				"east": {"uv": [0, 0, 16, 16], "texture": "#2"},
				"south": {"uv": [1, 0, 16, 16], "texture": "#2"},
				"west": {"uv": [0, 0, 16, 16], "texture": "#2"},
				"up": {"uv": [0, 0, 16, 16], "texture": "#2"}
			}
		},
		{
			"from": [2.3, 3.5, 7.5],
			"to": [3.3, 6.5, 8.5],
			"faces": {
				"north": {"uv": [1, 0, 15, 16], "texture": "#2"},
				"east": {"uv": [0, 0, 16, 16], "texture": "#2"},
				"south": {"uv": [1, 0, 15, 16], "texture": "#2"},
				"west": {"uv": [0, 0, 16, 16], "texture": "#2"},
				"up": {"uv": [0, 0, 16, 16], "texture": "#2"},
				"down": {"uv": [0, 0, 16, 16], "texture": "#2"}
			}
		},
		{
			"from": [1.3, 5.5, 7.5],
			"to": [2.3, 9.5, 8.5],
			"faces": {
				"north": {"uv": [1, 0, 16, 16], "texture": "#2"},
				"east": {"uv": [0, 0, 16, 16], "texture": "#2"},
				"south": {"uv": [0, 0, 15, 16], "texture": "#2"},
				"west": {"uv": [0, 0, 16, 16], "texture": "#2"},
				"up": {"uv": [0, 0, 16, 16], "texture": "#2"},
				"down": {"uv": [0, 0, 16, 16], "texture": "#2"}
			}
		},
		{
			"from": [2.3, 8.5, 7.5],
			"to": [3.3, 12.5, 8.5],
			"faces": {
				"north": {"uv": [1, 0, 15, 16], "texture": "#2"},
				"south": {"uv": [1, 0, 15, 16], "texture": "#2"},
				"west": {"uv": [0, 0, 16, 16], "texture": "#2"},
				"up": {"uv": [0, 0, 16, 16], "texture": "#2"},
				"down": {"uv": [0, 0, 16, 16], "texture": "#2"}
			}
		},
		{
			"from": [3.3, 11.5, 7.5],
			"to": [4.3, 14.5, 8.5],
			"faces": {
				"north": {"uv": [0, 0, 15, 16], "texture": "#2"},
				"east": {"uv": [0, 0, 16, 16], "texture": "#2"},
				"south": {"uv": [1, 0, 16, 16], "texture": "#2"},
				"west": {"uv": [0, 0, 16, 16], "texture": "#2"},
				"up": {"uv": [0, 0, 16, 16], "texture": "#2"}
			}
		},
		{
			"from": [3.3, 2.5, 7.5],
			"to": [4.3, 4.5, 8.5],
			"faces": {
				"north": {"uv": [1, 0, 15, 16], "texture": "#2"},
				"east": {"uv": [0, 0, 16, 16], "texture": "#2"},
				"south": {"uv": [1, 0, 15, 16], "texture": "#2"},
				"west": {"uv": [0, 0, 16, 16], "texture": "#2"},
				"up": {"uv": [0, 0, 16, 16], "texture": "#2"},
				"down": {"uv": [0, 0, 16, 16], "texture": "#2"}
			}
		},
		{
			"from": [10.3, 1.5, 7.5],
			"to": [11.3, 2.5, 8.5],
			"faces": {
				"north": {"uv": [1, 0, 16, 16], "texture": "#2"},
				"south": {"uv": [0, 0, 15, 16], "texture": "#2"},
				"west": {"uv": [0, 0, 16, 16], "texture": "#2"},
				"up": {"uv": [0, 0, 16, 16], "texture": "#2"}
			}
		},
		{
			"from": [11.3, 1.5, 7.5],
			"to": [12.3, 3.5, 8.5],
			"faces": {
				"north": {"uv": [1, 0, 15, 16], "texture": "#2"},
				"east": {"uv": [0, 0, 16, 16], "texture": "#2"},
				"south": {"uv": [1, 0, 15, 16], "texture": "#2"},
				"west": {"uv": [0, 0, 16, 16], "texture": "#2"},
				"down": {"uv": [0, 0, 16, 16], "texture": "#2"}
			}
		},
		{
			"from": [12.3, 2.5, 7.5],
			"to": [13.3, 4.5, 8.5],
			"faces": {
				"north": {"uv": [1, 0, 15, 16], "texture": "#2"},
				"east": {"uv": [0, 0, 16, 16], "texture": "#2"},
				"south": {"uv": [1, 0, 15, 16], "texture": "#2"},
				"up": {"uv": [0, 0, 16, 16], "texture": "#2"},
				"down": {"uv": [0, 0, 16, 16], "texture": "#2"}
			}
		},
		{
			"from": [13.3, 3.5, 7.5],
			"to": [14.3, 5.5, 8.5],
			"faces": {
				"north": {"uv": [1, 0, 15, 16], "texture": "#2"},
				"east": {"uv": [0, 0, 16, 16], "texture": "#2"},
				"south": {"uv": [1, 0, 15, 16], "texture": "#2"},
				"west": {"uv": [0, 0, 16, 16], "texture": "#2"},
				"up": {"uv": [0, 0, 16, 16], "texture": "#2"},
				"down": {"uv": [0, 0, 16, 16], "texture": "#2"}
			}
		},
		{
			"from": [14.3, 4.5, 7.5],
			"to": [15.3, 8.5, 8.5],
			"faces": {
				"north": {"uv": [0, 0, 15, 16], "texture": "#2"},
				"east": {"uv": [0, 0, 16, 16], "texture": "#2"},
				"south": {"uv": [1, 0, 16, 16], "texture": "#2"},
				"west": {"uv": [0, 0, 16, 16], "texture": "#2"},
				"up": {"uv": [0, 0, 16, 16], "texture": "#2"},
				"down": {"uv": [0, 0, 16, 16], "texture": "#2"}
			}
		},
		{
			"from": [13.3, 7.5, 7.5],
			"to": [14.3, 9.5, 8.5],
			"faces": {
				"north": {"uv": [1, 0, 15, 16], "texture": "#2"},
				"east": {"uv": [0, 0, 16, 16], "texture": "#2"},
				"south": {"uv": [1, 0, 15, 16], "texture": "#2"},
				"west": {"uv": [0, 0, 16, 16], "texture": "#2"},
				"up": {"uv": [0, 0, 16, 16], "texture": "#2"},
				"down": {"uv": [0, 0, 16, 16], "texture": "#2"}
			}
		},
		{
			"from": [12.3, 8.5, 7.5],
			"to": [13.3, 10.5, 8.5],
			"faces": {
				"north": {"uv": [1, 0, 15, 16], "texture": "#2"},
				"east": {"uv": [0, 0, 16, 16], "texture": "#2"},
				"south": {"uv": [1, 0, 15, 16], "texture": "#2"},
				"west": {"uv": [0, 0, 16, 16], "texture": "#2"},
				"up": {"uv": [0, 0, 16, 16], "texture": "#2"},
				"down": {"uv": [0, 0, 16, 16], "texture": "#2"}
			}
		},
		{
			"from": [11.3, 9.5, 7.5],
			"to": [12.3, 11.5, 8.5],
			"faces": {
				"north": {"uv": [1, 0, 15, 16], "texture": "#2"},
				"east": {"uv": [0, 0, 16, 16], "texture": "#2"},
				"south": {"uv": [1, 0, 15, 16], "texture": "#2"},
				"west": {"uv": [0, 0, 16, 16], "texture": "#2"},
				"up": {"uv": [0, 0, 16, 16], "texture": "#2"},
				"down": {"uv": [0, 0, 16, 16], "texture": "#2"}
			}
		},
		{
			"from": [10.3, 10.5, 7.5],
			"to": [11.3, 13.5, 8.5],
			"faces": {
				"north": {"uv": [1, 0, 16, 16], "texture": "#2"},
				"east": {"uv": [0, 0, 16, 16], "texture": "#2"},
				"south": {"uv": [0, 0, 15, 16], "texture": "#2"},
				"west": {"uv": [0, 0, 16, 16], "texture": "#2"},
				"up": {"uv": [0, 0, 16, 16], "texture": "#2"},
				"down": {"uv": [0, 0, 16, 16], "texture": "#2"}
			}
		},
		{
			"from": [6.3, 1.5, 7.5],
			"to": [7.3, 5.5, 8.5],
			"faces": {
				"north": {"uv": [0, 0, 15, 16], "texture": "#2"},
				"east": {"uv": [0, 0, 16, 16], "texture": "#2"},
				"south": {"uv": [1, 0, 16, 16], "texture": "#2"},
				"west": {"uv": [0, 0, 16, 16], "texture": "#2"},
				"up": {"uv": [0, 0, 16, 16], "texture": "#2"}
			}
		},
		{
			"from": [5.3, 4.5, 7.5],
			"to": [6.3, 8.5, 8.5],
			"faces": {
				"north": {"uv": [1, 0, 16, 16], "texture": "#2"},
				"east": {"uv": [0, 0, 16, 16], "texture": "#2"},
				"south": {"uv": [0, 0, 15, 16], "texture": "#2"},
				"west": {"uv": [0, 0, 16, 16], "texture": "#2"},
				"down": {"uv": [0, 0, 16, 16], "texture": "#2"}
			}
		},
		{
			"from": [8.7, 3.5, 7.2],
			"to": [12.7, 7.5, 8.8],
			"faces": {
				"north": {"uv": [0, 0, 16, 16], "texture": "#1"},
				"east": {"uv": [0, 0, 16, 16], "texture": "#1"},
				"south": {"uv": [0, 0, 16, 16], "texture": "#1"},
				"west": {"uv": [0, 0, 16, 16], "texture": "#1"},
				"up": {"uv": [0, 0, 16, 16], "texture": "#1"},
				"down": {"uv": [0, 0, 16, 16], "texture": "#1"}
			}
		},
		{
			"from": [2.9, 7.5, 7.2],
			"to": [6.9, 11.5, 8.8],
			"faces": {
				"north": {"uv": [0, 0, 16, 16], "texture": "#1"},
				"east": {"uv": [0, 0, 16, 16], "texture": "#1"},
				"south": {"uv": [0, 0, 16, 16], "texture": "#1"},
				"west": {"uv": [0, 0, 16, 16], "texture": "#1"},
				"up": {"uv": [0, 0, 16, 16], "texture": "#1"},
				"down": {"uv": [0, 0, 16, 16], "texture": "#1"}
			}
		},
		{
			"from": [6.3, 7.5, 7.5],
			"to": [7.3, 13.5, 8.5],
			"faces": {
				"north": {"uv": [1, 0, 15, 16], "texture": "#2"},
				"east": {"uv": [0, 0, 16, 16], "texture": "#2"},
				"south": {"uv": [1, 0, 15, 16], "texture": "#2"},
				"west": {"uv": [0, 0, 16, 16], "texture": "#2"},
				"up": {"uv": [0, 0, 16, 16], "texture": "#2"},
				"down": {"uv": [0, 0, 16, 16], "texture": "#2"}
			}
		},
		{
			"from": [7.3, 12.5, 7.5],
			"to": [8.3, 15.5, 8.5],
			"faces": {
				"north": {"uv": [0, 0, 15, 16], "texture": "#2"},
				"east": {"uv": [0, 0, 16, 16], "texture": "#2"},
				"south": {"uv": [1, 0, 16, 16], "texture": "#2"},
				"west": {"uv": [0, 0, 16, 16], "texture": "#2"},
				"up": {"uv": [0, 0, 16, 16], "texture": "#2"},
				"down": {"uv": [0, 0, 16, 16], "texture": "#2"}
			}
		},
		{
			"from": [8.3, 1.5, 7.5],
			"to": [9.3, 4.5, 8.5],
			"faces": {
				"north": {"uv": [1, 0, 16, 16], "texture": "#2"},
				"east": {"uv": [0, 0, 16, 16], "texture": "#2"},
				"south": {"uv": [0, 0, 15, 16], "texture": "#2"},
				"west": {"uv": [0, 0, 16, 16], "texture": "#2"},
				"up": {"uv": [0, 0, 16, 16], "texture": "#2"}
			}
		},
		{
			"from": [9.3, 3.5, 7.5],
			"to": [10.3, 9.5, 8.5],
			"faces": {
				"north": {"uv": [0, 0, 15, 16], "texture": "#2"},
				"east": {"uv": [0, 0, 16, 16], "texture": "#2"},
				"south": {"uv": [1, 0, 16, 16], "texture": "#2"},
				"west": {"uv": [0, 0, 16, 16], "texture": "#2"},
				"up": {"uv": [0, 0, 16, 16], "texture": "#2"}
			}
		},
		{
			"from": [8.3, 8.5, 7.5],
			"to": [9.3, 11.5, 8.5],
			"faces": {
				"north": {"uv": [1, 0, 16, 16], "texture": "#2"},
				"east": {"uv": [0, 0, 16, 16], "texture": "#2"},
				"south": {"uv": [0, 0, 15, 16], "texture": "#2"},
				"west": {"uv": [0, 0, 16, 16], "texture": "#2"},
				"up": {"uv": [0, 0, 16, 16], "texture": "#2"},
				"down": {"uv": [0, 0, 16, 16], "texture": "#2"}
			}
		},
		{
			"from": [3.7, 8.3, 9.6],
			"to": [6.1, 10.7, 9.6],
			"faces": {
				"north": {"uv": [0, 0, 16, 16], "texture": "#3"},
				"south": {"uv": [0, 0, 16, 16], "texture": "#3"}
			}
		},
		{
			"name": "hexadecagon",
			"from": [4.66131, 8.3, 8.8],
			"to": [5.13869, 8.7, 9.6],
			"rotation": {"angle": -45, "axis": "z", "origin": [4.9, 9.5, 9.3]},
			"faces": {
				"north": {"uv": [0, 0, 1, 1], "texture": "#1"},
				"up": {"uv": [1, 1, 15, 16], "texture": "#1"},
				"down": {"uv": [1, 0, 15, 15], "texture": "#1"}
			}
		},
		{
			"name": "hexadecagon",
			"from": [4.66131, 8.3, 8.8],
			"to": [5.13869, 8.7, 9.6],
			"rotation": {"angle": -22.5, "axis": "z", "origin": [4.9, 9.5, 9.3]},
			"faces": {
				"north": {"uv": [0, 0, 1, 1], "texture": "#1"},
				"up": {"uv": [1, 1, 15, 16], "texture": "#1"},
				"down": {"uv": [1, 0, 15, 15], "texture": "#1"}
			}
		},
		{
			"name": "hexadecagon",
			"from": [4.66131, 8.3, 8.8],
			"to": [5.13869, 8.7, 9.6],
			"rotation": {"angle": 0, "axis": "z", "origin": [4.9, 9.5, 9.3]},
			"faces": {
				"up": {"uv": [1, 1, 15, 16], "texture": "#1"},
				"down": {"uv": [1, 0, 15, 15], "texture": "#1"}
			}
		},
		{
			"name": "hexadecagon",
			"from": [4.66131, 8.3, 8.8],
			"to": [5.13869, 8.7, 9.6],
			"rotation": {"angle": 22.5, "axis": "z", "origin": [4.9, 9.5, 9.3]},
			"faces": {
				"north": {"uv": [0, 0, 1, 1], "texture": "#1"},
				"up": {"uv": [1, 1, 15, 16], "texture": "#1"},
				"down": {"uv": [1, 0, 15, 15], "texture": "#1"}
			}
		},
		{
			"name": "hexadecagon",
			"from": [4.66131, 8.3, 8.8],
			"to": [5.13869, 8.7, 9.6],
			"rotation": {"angle": 45, "axis": "z", "origin": [4.9, 9.5, 9.3]},
			"faces": {
				"north": {"uv": [0, 0, 1, 1], "texture": "#1"},
				"up": {"uv": [1, 1, 15, 16], "texture": "#1"},
				"down": {"uv": [1, 0, 15, 15], "texture": "#1"}
			}
		},
		{
			"name": "hexadecagon",
			"from": [4.66131, 10.3, 8.8],
			"to": [5.13869, 10.7, 9.6],
			"rotation": {"angle": -45, "axis": "z", "origin": [4.9, 9.5, 9.3]},
			"faces": {
				"north": {"uv": [0, 0, 1, 1], "texture": "#1"},
				"up": {"uv": [1, 1, 15, 16], "texture": "#1"},
				"down": {"uv": [1, 1, 15, 16], "texture": "#1"}
			}
		},
		{
			"name": "hexadecagon",
			"from": [4.66131, 10.3, 8.8],
			"to": [5.13869, 10.7, 9.6],
			"rotation": {"angle": -22.5, "axis": "z", "origin": [4.9, 9.5, 9.3]},
			"faces": {
				"north": {"uv": [0, 0, 1, 1], "texture": "#1"},
				"up": {"uv": [1, 1, 15, 16], "texture": "#1"},
				"down": {"uv": [1, 1, 15, 16], "texture": "#1"}
			}
		},
		{
			"name": "hexadecagon",
			"from": [4.66131, 10.3, 8.8],
			"to": [5.13869, 10.7, 9.6],
			"rotation": {"angle": 0, "axis": "z", "origin": [4.9, 9.5, 9.3]},
			"faces": {
				"up": {"uv": [1, 1, 15, 16], "texture": "#1"},
				"down": {"uv": [1, 1, 15, 16], "texture": "#1"}
			}
		},
		{
			"name": "hexadecagon",
			"from": [4.66131, 10.3, 8.8],
			"to": [5.13869, 10.7, 9.6],
			"rotation": {"angle": 22.5, "axis": "z", "origin": [4.9, 9.5, 9.3]},
			"faces": {
				"north": {"uv": [0, 0, 1, 1], "texture": "#1"},
				"up": {"uv": [1, 1, 15, 16], "texture": "#1"},
				"down": {"uv": [1, 1, 15, 16], "texture": "#1"}
			}
		},
		{
			"name": "hexadecagon",
			"from": [4.66131, 10.3, 8.8],
			"to": [5.13869, 10.7, 9.6],
			"rotation": {"angle": 45, "axis": "z", "origin": [4.9, 9.5, 9.3]},
			"faces": {
				"north": {"uv": [0, 0, 1, 1], "texture": "#1"},
				"up": {"uv": [1, 1, 15, 16], "texture": "#1"},
				"down": {"uv": [1, 1, 15, 16], "texture": "#1"}
			}
		},
		{
			"name": "hexadecagon",
			"from": [3.7, 9.26131, 8.8],
			"to": [4.1, 9.73869, 9.6],
			"rotation": {"angle": -22.5, "axis": "z", "origin": [4.9, 9.5, 9.3]},
			"faces": {
				"north": {"uv": [0, 0, 1, 1], "texture": "#1"},
				"east": {"uv": [1, 1, 15, 16], "texture": "#1"},
				"west": {"uv": [1, 1, 16, 15], "texture": "#1"}
			}
		},
		{
			"name": "hexadecagon",
			"from": [3.7, 9.26131, 8.8],
			"to": [4.1, 9.73869, 9.6],
			"rotation": {"angle": 0, "axis": "z", "origin": [4.9, 9.5, 9.3]},
			"faces": {
				"east": {"uv": [1, 1, 15, 16], "texture": "#1"},
				"west": {"uv": [1, 1, 16, 15], "texture": "#1"}
			}
		},
		{
			"name": "hexadecagon",
			"from": [3.7, 9.26131, 8.8],
			"to": [4.1, 9.73869, 9.6],
			"rotation": {"angle": 22.5, "axis": "z", "origin": [4.9, 9.5, 9.3]},
			"faces": {
				"north": {"uv": [0, 0, 1, 1], "texture": "#1"},
				"east": {"uv": [1, 1, 15, 16], "texture": "#1"},
				"west": {"uv": [1, 1, 16, 15], "texture": "#1"}
			}
		},
		{
			"name": "hexadecagon",
			"from": [5.7, 9.26131, 8.8],
			"to": [6.1, 9.73869, 9.6],
			"rotation": {"angle": -22.5, "axis": "z", "origin": [4.9, 9.5, 9.3]},
			"faces": {
				"north": {"uv": [0, 0, 1, 1], "texture": "#1"},
				"east": {"uv": [0, 1, 15, 15], "texture": "#1"},
				"west": {"uv": [1, 1, 15, 16], "texture": "#1"}
			}
		},
		{
			"name": "hexadecagon",
			"from": [5.7, 9.26131, 8.8],
			"to": [6.1, 9.73869, 9.6],
			"rotation": {"angle": 0, "axis": "z", "origin": [4.9, 9.5, 9.3]},
			"faces": {
				"east": {"uv": [0, 1, 15, 15], "texture": "#1"},
				"west": {"uv": [1, 1, 15, 16], "texture": "#1"}
			}
		},
		{
			"name": "hexadecagon",
			"from": [5.7, 9.26131, 8.8],
			"to": [6.1, 9.73869, 9.6],
			"rotation": {"angle": 22.5, "axis": "z", "origin": [4.9, 9.5, 9.3]},
			"faces": {
				"north": {"uv": [0, 0, 1, 1], "texture": "#1"},
				"east": {"uv": [0, 1, 15, 15], "texture": "#1"},
				"west": {"uv": [1, 1, 15, 16], "texture": "#1"}
			}
		},
		{
			"from": [9.5, 4.3, 6.4],
			"to": [11.9, 6.7, 6.4],
			"rotation": {"angle": 0, "axis": "y", "origin": [5.8, -4, 16]},
			"faces": {
				"north": {"uv": [16, 0, 0, 16], "texture": "#3"},
				"south": {"uv": [16, 0, 0, 16], "texture": "#3"}
			}
		},
		{
			"name": "hexadecagon",
			"from": [10.46131, 4.3, 6.4],
			"to": [10.93869, 4.7, 7.2],
			"rotation": {"angle": -45, "axis": "z", "origin": [10.7, 5.5, 6.7]},
			"faces": {
				"south": {"uv": [1, 0, 0, 1], "texture": "#1"},
				"up": {"uv": [1, 16, 15, 1], "texture": "#1"},
				"down": {"uv": [1, 15, 15, 0], "texture": "#1"}
			}
		},
		{
			"name": "hexadecagon",
			"from": [10.46131, 4.3, 6.4],
			"to": [10.93869, 4.7, 7.2],
			"rotation": {"angle": -22.5, "axis": "z", "origin": [10.7, 5.5, 6.7]},
			"faces": {
				"south": {"uv": [1, 0, 0, 1], "texture": "#1"},
				"up": {"uv": [1, 16, 15, 1], "texture": "#1"},
				"down": {"uv": [1, 15, 15, 0], "texture": "#1"}
			}
		},
		{
			"name": "hexadecagon",
			"from": [10.46131, 4.3, 6.4],
			"to": [10.93869, 4.7, 7.2],
			"rotation": {"angle": 0, "axis": "z", "origin": [10.7, 5.5, 6.7]},
			"faces": {
				"up": {"uv": [1, 16, 15, 1], "texture": "#1"},
				"down": {"uv": [1, 15, 15, 0], "texture": "#1"}
			}
		},
		{
			"name": "hexadecagon",
			"from": [10.46131, 4.3, 6.4],
			"to": [10.93869, 4.7, 7.2],
			"rotation": {"angle": 22.5, "axis": "z", "origin": [10.7, 5.5, 6.7]},
			"faces": {
				"south": {"uv": [1, 0, 0, 1], "texture": "#1"},
				"up": {"uv": [1, 16, 15, 1], "texture": "#1"},
				"down": {"uv": [1, 15, 15, 0], "texture": "#1"}
			}
		},
		{
			"name": "hexadecagon",
			"from": [10.46131, 4.3, 6.4],
			"to": [10.93869, 4.7, 7.2],
			"rotation": {"angle": 45, "axis": "z", "origin": [10.7, 5.5, 6.7]},
			"faces": {
				"south": {"uv": [1, 0, 0, 1], "texture": "#1"},
				"up": {"uv": [1, 16, 15, 1], "texture": "#1"},
				"down": {"uv": [1, 15, 15, 0], "texture": "#1"}
			}
		},
		{
			"name": "hexadecagon",
			"from": [10.46131, 6.3, 6.4],
			"to": [10.93869, 6.7, 7.2],
			"rotation": {"angle": -45, "axis": "z", "origin": [10.7, 5.5, 6.7]},
			"faces": {
				"south": {"uv": [1, 0, 0, 1], "texture": "#1"},
				"up": {"uv": [1, 16, 15, 1], "texture": "#1"},
				"down": {"uv": [1, 16, 15, 1], "texture": "#1"}
			}
		},
		{
			"name": "hexadecagon",
			"from": [10.46131, 6.3, 6.4],
			"to": [10.93869, 6.7, 7.2],
			"rotation": {"angle": -22.5, "axis": "z", "origin": [10.7, 5.5, 6.7]},
			"faces": {
				"south": {"uv": [1, 0, 0, 1], "texture": "#1"},
				"up": {"uv": [1, 16, 15, 1], "texture": "#1"},
				"down": {"uv": [1, 16, 15, 1], "texture": "#1"}
			}
		},
		{
			"name": "hexadecagon",
			"from": [10.46131, 6.3, 6.4],
			"to": [10.93869, 6.7, 7.2],
			"rotation": {"angle": 0, "axis": "z", "origin": [10.7, 5.5, 6.7]},
			"faces": {
				"up": {"uv": [1, 16, 15, 1], "texture": "#1"},
				"down": {"uv": [1, 16, 15, 1], "texture": "#1"}
			}
		},
		{
			"name": "hexadecagon",
			"from": [10.46131, 6.3, 6.4],
			"to": [10.93869, 6.7, 7.2],
			"rotation": {"angle": 22.5, "axis": "z", "origin": [10.7, 5.5, 6.7]},
			"faces": {
				"south": {"uv": [1, 0, 0, 1], "texture": "#1"},
				"up": {"uv": [1, 16, 15, 1], "texture": "#1"},
				"down": {"uv": [1, 16, 15, 1], "texture": "#1"}
			}
		},
		{
			"name": "hexadecagon",
			"from": [10.46131, 6.3, 6.4],
			"to": [10.93869, 6.7, 7.2],
			"rotation": {"angle": 45, "axis": "z", "origin": [10.7, 5.5, 6.7]},
			"faces": {
				"south": {"uv": [1, 0, 0, 1], "texture": "#1"},
				"up": {"uv": [1, 16, 15, 1], "texture": "#1"},
				"down": {"uv": [1, 16, 15, 1], "texture": "#1"}
			}
		},
		{
			"name": "hexadecagon",
			"from": [9.5, 5.26131, 6.4],
			"to": [9.9, 5.73869, 7.2],
			"rotation": {"angle": -22.5, "axis": "z", "origin": [10.7, 5.5, 6.7]},
			"faces": {
				"east": {"uv": [15, 1, 1, 16], "texture": "#1"},
				"south": {"uv": [1, 0, 0, 1], "texture": "#1"},
				"west": {"uv": [16, 1, 1, 15], "texture": "#1"}
			}
		},
		{
			"name": "hexadecagon",
			"from": [9.5, 5.26131, 6.4],
			"to": [9.9, 5.73869, 7.2],
			"rotation": {"angle": 0, "axis": "z", "origin": [10.7, 5.5, 6.7]},
			"faces": {
				"east": {"uv": [15, 1, 1, 16], "texture": "#1"},
				"west": {"uv": [16, 1, 1, 15], "texture": "#1"}
			}
		},
		{
			"name": "hexadecagon",
			"from": [9.5, 5.26131, 6.4],
			"to": [9.9, 5.73869, 7.2],
			"rotation": {"angle": 22.5, "axis": "z", "origin": [10.7, 5.5, 6.7]},
			"faces": {
				"east": {"uv": [15, 1, 1, 16], "texture": "#1"},
				"south": {"uv": [1, 0, 0, 1], "texture": "#1"},
				"west": {"uv": [16, 1, 1, 15], "texture": "#1"}
			}
		},
		{
			"name": "hexadecagon",
			"from": [11.5, 5.26131, 6.4],
			"to": [11.9, 5.73869, 7.2],
			"rotation": {"angle": -22.5, "axis": "z", "origin": [10.7, 5.5, 6.7]},
			"faces": {
				"east": {"uv": [15, 1, 0, 15], "texture": "#1"},
				"south": {"uv": [1, 0, 0, 1], "texture": "#1"},
				"west": {"uv": [15, 1, 1, 16], "texture": "#1"}
			}
		},
		{
			"name": "hexadecagon",
			"from": [11.5, 5.26131, 6.4],
			"to": [11.9, 5.73869, 7.2],
			"rotation": {"angle": 0, "axis": "z", "origin": [10.7, 5.5, 6.7]},
			"faces": {
				"east": {"uv": [15, 1, 0, 15], "texture": "#1"},
				"west": {"uv": [15, 1, 1, 16], "texture": "#1"}
			}
		},
		{
			"name": "hexadecagon",
			"from": [11.5, 5.26131, 6.4],
			"to": [11.9, 5.73869, 7.2],
			"rotation": {"angle": 22.5, "axis": "z", "origin": [10.7, 5.5, 6.7]},
			"faces": {
				"east": {"uv": [15, 1, 0, 15], "texture": "#1"},
				"south": {"uv": [1, 0, 0, 1], "texture": "#1"},
				"west": {"uv": [15, 1, 1, 16], "texture": "#1"}
			}
		}
	],
	"display": {
		"thirdperson_righthand": {
			"rotation": [0, -44, 0],
			"translation": [0, 2, 0]
		},
		"thirdperson_lefthand": {
			"rotation": [0, -52, 0],
			"translation": [0, 1.75, 0]
		},
		"firstperson_righthand": {
			"rotation": [0, 103, 0],
			"translation": [0, 5.25, 0],
			"scale": [0.8, 0.9, 0.9]
		},
		"firstperson_lefthand": {
			"rotation": [0, -79, 0],
			"translation": [0, 5.25, 0],
			"scale": [0.8, 0.9, 0.9]
		},
		"ground": {
			"translation": [0, 5.5, 0]
		},
		"gui": {
			"rotation": [0, -45, -45],
			"translation": [1.25, 0, 0],
			"scale": [0.65, 0.65, 0.65]
		},
		"fixed": {
			"translation": [0, 0.25, -0.25],
			"scale": [0.9, 0.9, 0.9]
		}
	},
	"groups": [0, 1, 2, 3, 4, 5, 6, 7, 8, 9, 10, 11, 12, 13, 14, 15, 16, 17, 18, 19, 20, 21, 22, 23, 24,
		{
			"name": "hexadecagon",
			"origin": [8, 8, 8],
			"color": 0,
			"children": [25, 26, 27, 28, 29, 30, 31, 32, 33, 34, 35, 36, 37, 38, 39, 40, 41]
		},
		{
			"name": "hexadecagon",
			"origin": [8, 8, 8],
			"color": 0,
			"children": [42, 43, 44, 45, 46, 47, 48, 49, 50, 51, 52, 53, 54, 55, 56, 57, 58]
		}
	]
}