{
	"credit": "Made with Blockbench",
	"parent": "block/block",
	"textures": {
		"0": "block/items/light_steel_square",
		"1": "block/items/light_steel_B",
		"2": "block/items/light_steel_circle",
		"particle": "block/items/light_steel_square"
	},
	"elements": [
		{
			"name": "Anvil base",
			"from": [4, 0, 4],
			"to": [12, 3, 12],
			"faces": {
				"north": {"uv": [0, 0, 16, 16], "texture": "#0"},
				"east": {"uv": [0, 0, 16, 16], "rotation": 270, "texture": "#0"},
				"south": {"uv": [0, 0, 16, 16], "texture": "#0"},
				"west": {"uv": [0, 0, 16, 16], "rotation": 90, "texture": "#0"},
				"down": {"uv": [0, 0, 16, 16], "rotation": 180, "texture": "#0", "cullface": "down"}
			}
		},
		{
			"name": "Anvil base",
			"from": [4, 3, 4],
			"to": [12, 4, 12],
			"faces": {
				"north": {"uv": [0, 0, 16, 16], "texture": "#0"},
				"east": {"uv": [0, 0, 16, 16], "rotation": 270, "texture": "#0"},
				"south": {"uv": [0, 0, 16, 16], "texture": "#0"},
				"west": {"uv": [0, 0, 16, 16], "rotation": 90, "texture": "#0"},
				"up": {"uv": [0, 0, 16, 16], "rotation": 180, "texture": "#0"}
			}
		},
		{
			"name": "Wider section beneath top portion",
			"from": [6, 4, 6],
			"to": [10, 9, 6],
			"faces": {
				"north": {"uv": [0, 0, 16, 16], "texture": "#0"},
				"south": {"uv": [0, 0, 16, 16], "texture": "#0"}
			}
		},
		{
			"name": "Wider section beneath top portion",
			"from": [6, 4, 10],
			"to": [10, 9, 10],
			"faces": {
				"north": {"uv": [0, 0, 16, 16], "texture": "#0"},
				"south": {"uv": [0, 0, 16, 16], "texture": "#0"}
			}
		},
		{
			"name": "Wider section beneath top portion",
			"from": [6, 4, 6],
			"to": [6, 8, 10],
			"faces": {
				"east": {"uv": [0, 0, 16, 16], "rotation": 270, "texture": "#0"},
				"west": {"uv": [0, 1, 16, 16], "texture": "#1"}
			}
		},
		{
			"name": "Wider section beneath top portion",
			"from": [6, 8, 6],
			"to": [6, 9, 10],
			"faces": {
				"east": {"uv": [0, 0, 16, 16], "rotation": 270, "texture": "#0"},
				"west": {"uv": [0, 0, 16, 4], "texture": "#0"}
			}
		},
		{
			"name": "Wider section beneath top portion",
			"from": [10, 8, 6],
			"to": [10, 9, 10],
			"faces": {
				"east": {"uv": [0, 0, 16, 4], "texture": "#0"},
				"west": {"uv": [0, 0, 16, 4], "texture": "#0"}
			}
		},
		{
			"name": "Wider section beneath top portion",
			"from": [10, 4, 6],
			"to": [10, 8, 10],
			"faces": {
				"east": {"uv": [0, 1, 16, 16], "texture": "#1"},
				"west": {"uv": [0, 1, 16, 16], "texture": "#0"}
			}
		},
		{
			"name": "Anvil top",
			"from": [4, 10.4, 2],
			"to": [12, 14.4, 14],
			"faces": {
				"north": {"uv": [0, 0, 16, 16], "texture": "#0"},
				"east": {"uv": [0, 0, 16, 16], "rotation": 270, "texture": "#0"},
				"south": {"uv": [0, 0, 16, 16], "texture": "#0"},
				"west": {"uv": [0, 0, 16, 16], "rotation": 90, "texture": "#0"},
				"up": {"uv": [0, 0, 16, 16], "rotation": 180, "texture": "#0"}
			}
		},
		{
			"name": "Anvil top",
			"from": [2.6, 10.4, 2],
			"to": [4, 14.4, 6],
			"faces": {
				"north": {"uv": [0, 0, 16, 16], "texture": "#0"},
				"south": {"uv": [0, 0, 16, 16], "texture": "#0"},
				"west": {"uv": [0, 0, 16, 16], "rotation": 90, "texture": "#0"},
				"up": {"uv": [0, 0, 16, 16], "rotation": 180, "texture": "#0"},
				"down": {"uv": [0, 0, 16, 16], "rotation": 180, "texture": "#0"}
			}
		},
		{
			"name": "Anvil top",
			"from": [8, 10.4, 0.6],
			"to": [12, 14.4, 2],
			"faces": {
				"north": {"uv": [0, 0, 16, 16], "texture": "#0"},
				"east": {"uv": [0, 0, 16, 16], "rotation": 270, "texture": "#0"},
				"west": {"uv": [0, 0, 16, 16], "texture": "#0"},
				"up": {"uv": [0, 0, 16, 16], "rotation": 180, "texture": "#0"},
				"down": {"uv": [0, 0, 16, 16], "rotation": 180, "texture": "#0"}
			}
		},
		{
			"name": "Anvil top",
			"from": [4, 10.4, 14],
			"to": [8, 14.4, 15.4],
			"faces": {
				"east": {"uv": [0, 0, 16, 16], "texture": "#0"},
				"south": {"uv": [0, 0, 16, 16], "texture": "#0"},
				"west": {"uv": [0, 0, 16, 16], "rotation": 90, "texture": "#0"},
				"up": {"uv": [0, 0, 16, 16], "rotation": 180, "texture": "#0"},
				"down": {"uv": [0, 0, 16, 16], "rotation": 180, "texture": "#0"}
			}
		},
		{
			"name": "Anvil top",
			"from": [2.6, 10.4, 10],
			"to": [4, 14.4, 14],
			"faces": {
				"north": {"uv": [0, 0, 16, 16], "texture": "#0"},
				"south": {"uv": [0, 0, 16, 16], "texture": "#0"},
				"west": {"uv": [0, 0, 16, 16], "rotation": 90, "texture": "#0"},
				"up": {"uv": [0, 0, 16, 16], "rotation": 180, "texture": "#0"},
				"down": {"uv": [0, 0, 16, 16], "rotation": 180, "texture": "#0"}
			}
		},
		{
			"name": "Anvil top",
			"from": [12, 10.4, 10],
			"to": [13.4, 14.4, 14],
			"faces": {
				"east": {"uv": [0, 0, 16, 16], "rotation": 270, "texture": "#0"},
				"south": {"uv": [0, 0, 16, 16], "texture": "#0"},
				"up": {"uv": [0, 0, 16, 16], "rotation": 180, "texture": "#0"},
				"down": {"uv": [0, 0, 16, 16], "rotation": 180, "texture": "#0"}
			}
		},
		{
			"name": "Anvil top",
			"from": [12, 10.4, 6],
			"to": [13.4, 14.4, 10],
			"faces": {
				"north": {"uv": [0, 0, 16, 16], "texture": "#0"},
				"east": {"uv": [0, 0, 16, 16], "rotation": 270, "texture": "#0"},
				"up": {"uv": [0, 0, 16, 16], "rotation": 180, "texture": "#0"},
				"down": {"uv": [0, 0, 16, 16], "rotation": 180, "texture": "#0"}
			}
		},
		{
			"name": "Anvil top",
			"from": [4, 14.5, 2],
			"to": [8, 15.9, 6],
			"faces": {
				"north": {"uv": [0, 0, 16, 16], "texture": "#0"},
				"east": {"uv": [0, 0, 16, 16], "texture": "#0"},
				"south": {"uv": [0, 0, 16, 16], "texture": "#0"},
				"west": {"uv": [0, 0, 16, 16], "rotation": 90, "texture": "#0"},
				"up": {"uv": [0, 0, 16, 16], "rotation": 180, "texture": "#0"},
				"down": {"uv": [0, 0, 0, 0], "texture": "#0"}
			}
		},
		{
			"name": "Anvil top",
			"from": [4, 9, 2],
			"to": [12, 10.4, 14],
			"faces": {
				"north": {"uv": [0, 0, 16, 16], "texture": "#0"},
				"east": {"uv": [0, 0, 16, 16], "rotation": 270, "texture": "#0"},
				"south": {"uv": [0, 0, 16, 16], "texture": "#0"},
				"west": {"uv": [0, 0, 16, 16], "rotation": 90, "texture": "#0"},
				"down": {"uv": [0, 0, 16, 16], "rotation": 180, "texture": "#0"}
			}
		},
		{
			"name": "Anvil top",
			"from": [4, 14.4, 10],
			"to": [8, 15.8, 14],
			"faces": {
				"north": {"uv": [0, 0, 16, 16], "texture": "#0"},
				"east": {"uv": [0, 0, 16, 16], "rotation": 270, "texture": "#0"},
				"south": {"uv": [0, 0, 16, 16], "texture": "#0"},
				"west": {"uv": [0, 0, 16, 16], "rotation": 90, "texture": "#0"},
				"up": {"uv": [0, 0, 16, 16], "rotation": 180, "texture": "#0"}
			}
		},
		{
			"name": "Anvil top",
			"from": [8, 14.5, 6],
			"to": [12, 15.9, 10],
			"faces": {
				"north": {"uv": [0, 0, 16, 16], "texture": "#0"},
				"east": {"uv": [0, 0, 16, 16], "rotation": 270, "texture": "#0"},
				"south": {"uv": [0, 0, 16, 16], "texture": "#0"},
				"west": {"uv": [0, 0, 16, 16], "texture": "#0"},
				"up": {"uv": [0, 0, 16, 16], "rotation": 180, "texture": "#0"},
				"down": {"uv": [0, 0, 0, 0], "texture": "#0"}
			}
		},
		{
			"name": "hexadecagon",
			"from": [3.2, 12.16131, 6.8],
			"to": [4, 12.63869, 9.2],
			"rotation": {"angle": -45, "axis": "x", "origin": [3.5, 12.4, 8]},
			"faces": {
				"north": {"uv": [1, 1, 16, 15], "texture": "#0"},
				"east": {"uv": [0, 0, 1, 1], "texture": "#0"},
				"south": {"uv": [0, 1, 15, 15], "texture": "#0"}
			}
		},
		{
			"name": "hexadecagon",
			"from": [3.2, 12.16131, 6.8],
			"to": [4, 12.63869, 9.2],
			"rotation": {"angle": -22.5, "axis": "x", "origin": [3.5, 12.4, 8]},
			"faces": {
				"north": {"uv": [1, 1, 16, 15], "texture": "#0"},
				"east": {"uv": [0, 0, 1, 1], "texture": "#0"},
				"south": {"uv": [0, 1, 15, 15], "texture": "#0"}
			}
		},
		{
			"name": "hexadecagon",
			"from": [3.2, 12.16131, 6.8],
			"to": [4, 12.63869, 9.2],
			"rotation": {"angle": 0, "axis": "x", "origin": [3.5, 12.4, 8]},
			"faces": {
				"north": {"uv": [1, 1, 16, 15], "texture": "#0"},
				"south": {"uv": [0, 1, 15, 15], "texture": "#0"}
			}
		},
		{
			"name": "hexadecagon",
			"from": [3.2, 12.16131, 6.8],
			"to": [4, 12.63869, 9.2],
			"rotation": {"angle": 22.5, "axis": "x", "origin": [3.5, 12.4, 8]},
			"faces": {
				"north": {"uv": [1, 1, 16, 15], "texture": "#0"},
				"east": {"uv": [0, 0, 1, 1], "texture": "#0"},
				"south": {"uv": [0, 1, 15, 15], "texture": "#0"}
			}
		},
		{
			"name": "hexadecagon",
			"from": [3.2, 12.16131, 6.8],
			"to": [4, 12.63869, 9.2],
			"rotation": {"angle": 45, "axis": "x", "origin": [3.5, 12.4, 8]},
			"faces": {
				"north": {"uv": [1, 1, 16, 15], "texture": "#0"},
				"east": {"uv": [0, 0, 1, 1], "texture": "#0"},
				"south": {"uv": [0, 1, 15, 15], "texture": "#0"}
			}
		},
		{
			"name": "hexadecagon",
			"from": [3.2, 11.2, 7.76131],
			"to": [4, 13.6, 8.23869],
			"rotation": {"angle": -22.5, "axis": "x", "origin": [3.5, 12.4, 8]},
			"faces": {
				"east": {"uv": [0, 0, 1, 1], "texture": "#0"},
				"up": {"uv": [0, 1, 15, 15], "texture": "#0"},
				"down": {"uv": [0, 1, 15, 15], "texture": "#0"}
			}
		},
		{
			"name": "hexadecagon",
			"from": [3.2, 11.2, 7.76131],
			"to": [4, 13.6, 8.23869],
			"rotation": {"angle": 0, "axis": "x", "origin": [3.5, 12.4, 8]},
			"faces": {
				"up": {"uv": [0, 1, 15, 15], "texture": "#0"},
				"down": {"uv": [0, 1, 15, 15], "texture": "#0"}
			}
		},
		{
			"name": "hexadecagon",
			"from": [3.2, 11.2, 7.76131],
			"to": [4, 13.6, 8.23869],
			"rotation": {"angle": 22.5, "axis": "x", "origin": [3.5, 12.4, 8]},
			"faces": {
				"east": {"uv": [0, 0, 1, 1], "texture": "#0"},
				"up": {"uv": [0, 1, 15, 15], "texture": "#0"},
				"down": {"uv": [0, 1, 15, 15], "texture": "#0"}
			}
		},
		{
			"from": [3.2, 11.2, 6.8],
			"to": [3.2, 13.6, 9.2],
			"faces": {
				"east": {"uv": [0, 0, 16, 16], "texture": "#2"},
				"west": {"uv": [0, 0, 16, 16], "texture": "#2"}
			}
		},
		{
			"name": "hexadecagon",
			"from": [12, 12.16131, 2.8],
			"to": [12.8, 12.63869, 5.2],
			"rotation": {"angle": -45, "axis": "x", "origin": [12.5, 12.4, 4]},
			"faces": {
				"north": {"uv": [16, 1, 1, 15], "texture": "#0"},
				"south": {"uv": [15, 1, 0, 15], "texture": "#0"},
				"west": {"uv": [1, 0, 0, 1], "texture": "#0"}
			}
		},
		{
			"name": "hexadecagon",
			"from": [12, 12.16131, 2.8],
			"to": [12.8, 12.63869, 5.2],
			"rotation": {"angle": -22.5, "axis": "x", "origin": [12.5, 12.4, 4]},
			"faces": {
				"north": {"uv": [16, 1, 1, 15], "texture": "#0"},
				"south": {"uv": [15, 1, 0, 15], "texture": "#0"},
				"west": {"uv": [1, 0, 0, 1], "texture": "#0"}
			}
		},
		{
			"name": "hexadecagon",
			"from": [12, 12.16131, 2.8],
			"to": [12.8, 12.63869, 5.2],
			"rotation": {"angle": 0, "axis": "x", "origin": [12.5, 12.4, 4]},
			"faces": {
				"north": {"uv": [16, 1, 1, 15], "texture": "#0"},
				"south": {"uv": [15, 1, 0, 15], "texture": "#0"}
			}
		},
		{
			"name": "hexadecagon",
			"from": [12, 12.16131, 2.8],
			"to": [12.8, 12.63869, 5.2],
			"rotation": {"angle": 22.5, "axis": "x", "origin": [12.5, 12.4, 4]},
			"faces": {
				"north": {"uv": [16, 1, 1, 15], "texture": "#0"},
				"south": {"uv": [15, 1, 0, 15], "texture": "#0"},
				"west": {"uv": [1, 0, 0, 1], "texture": "#0"}
			}
		},
		{
			"name": "hexadecagon",
			"from": [12, 12.16131, 2.8],
			"to": [12.8, 12.63869, 5.2],
			"rotation": {"angle": 45, "axis": "x", "origin": [12.5, 12.4, 4]},
			"faces": {
				"north": {"uv": [16, 1, 1, 15], "texture": "#0"},
				"south": {"uv": [15, 1, 0, 15], "texture": "#0"},
				"west": {"uv": [1, 0, 0, 1], "texture": "#0"}
			}
		},
		{
			"name": "hexadecagon",
			"from": [12, 11.2, 3.76131],
			"to": [12.8, 13.6, 4.23869],
			"rotation": {"angle": -22.5, "axis": "x", "origin": [12.5, 12.4, 4]},
			"faces": {
				"west": {"uv": [1, 0, 0, 1], "texture": "#0"},
				"up": {"uv": [15, 1, 0, 15], "texture": "#0"},
				"down": {"uv": [15, 1, 0, 15], "texture": "#0"}
			}
		},
		{
			"name": "hexadecagon",
			"from": [12, 11.2, 3.76131],
			"to": [12.8, 13.6, 4.23869],
			"rotation": {"angle": 0, "axis": "x", "origin": [12.5, 12.4, 4]},
			"faces": {
				"up": {"uv": [15, 1, 0, 15], "texture": "#0"},
				"down": {"uv": [15, 1, 0, 15], "texture": "#0"}
			}
		},
		{
			"name": "hexadecagon",
			"from": [12, 11.2, 3.76131],
			"to": [12.8, 13.6, 4.23869],
			"rotation": {"angle": 22.5, "axis": "x", "origin": [12.5, 12.4, 4]},
			"faces": {
				"west": {"uv": [1, 0, 0, 1], "texture": "#0"},
				"up": {"uv": [15, 1, 0, 15], "texture": "#0"},
				"down": {"uv": [15, 1, 0, 15], "texture": "#0"}
			}
		},
		{
			"from": [12.8, 11.2, 2.8],
			"to": [12.8, 13.6, 5.2],
			"rotation": {"angle": 0, "axis": "y", "origin": [16, 0, -4]},
			"faces": {
				"east": {"uv": [0, 0, 16, 16], "texture": "#2"},
				"west": {"uv": [16, 0, 0, 16], "texture": "#2"}
			}
		},
		{
			"name": "hexadecagon",
			"from": [9.76131, 14.4, 10.8],
			"to": [10.23869, 15.2, 13.2],
			"rotation": {"angle": -45, "axis": "y", "origin": [10, 14.9, 12]},
			"faces": {
				"north": {"uv": [16, 1, 1, 15], "rotation": 90, "texture": "#0"},
				"south": {"uv": [15, 1, 0, 15], "rotation": 270, "texture": "#0"},
				"down": {"uv": [1, 0, 0, 1], "rotation": 270, "texture": "#0"}
			}
		},
		{
			"name": "hexadecagon",
			"from": [9.76131, 14.4, 10.8],
			"to": [10.23869, 15.2, 13.2],
			"rotation": {"angle": -22.5, "axis": "y", "origin": [10, 14.9, 12]},
			"faces": {
				"north": {"uv": [16, 1, 1, 15], "rotation": 90, "texture": "#0"},
				"south": {"uv": [15, 1, 0, 15], "rotation": 270, "texture": "#0"},
				"down": {"uv": [1, 0, 0, 1], "rotation": 270, "texture": "#0"}
			}
		},
		{
			"name": "hexadecagon",
			"from": [9.76131, 14.4, 10.8],
			"to": [10.23869, 15.2, 13.2],
			"rotation": {"angle": 0, "axis": "x", "origin": [10, 14.9, 12]},
			"faces": {
				"north": {"uv": [16, 1, 1, 15], "rotation": 90, "texture": "#0"},
				"south": {"uv": [15, 1, 0, 15], "rotation": 270, "texture": "#0"}
			}
		},
		{
			"name": "hexadecagon",
			"from": [9.76131, 14.4, 10.8],
			"to": [10.23869, 15.2, 13.2],
			"rotation": {"angle": 22.5, "axis": "y", "origin": [10, 14.9, 12]},
			"faces": {
				"north": {"uv": [16, 1, 1, 15], "rotation": 90, "texture": "#0"},
				"south": {"uv": [15, 1, 0, 15], "rotation": 270, "texture": "#0"},
				"down": {"uv": [1, 0, 0, 1], "rotation": 270, "texture": "#0"}
			}
		},
		{
			"name": "hexadecagon",
			"from": [9.76131, 14.4, 10.8],
			"to": [10.23869, 15.2, 13.2],
			"rotation": {"angle": 45, "axis": "y", "origin": [10, 14.9, 12]},
			"faces": {
				"north": {"uv": [16, 1, 1, 15], "rotation": 90, "texture": "#0"},
				"south": {"uv": [15, 1, 0, 15], "rotation": 270, "texture": "#0"},
				"down": {"uv": [1, 0, 0, 1], "rotation": 270, "texture": "#0"}
			}
		},
		{
			"name": "hexadecagon",
			"from": [8.8, 14.4, 11.76131],
			"to": [11.2, 15.2, 12.23869],
			"rotation": {"angle": -22.5, "axis": "y", "origin": [10, 14.9, 12]},
			"faces": {
				"east": {"uv": [15, 1, 0, 15], "rotation": 270, "texture": "#0"},
				"west": {"uv": [15, 1, 0, 15], "rotation": 270, "texture": "#0"},
				"down": {"uv": [1, 0, 0, 1], "rotation": 270, "texture": "#0"}
			}
		},
		{
			"name": "hexadecagon",
			"from": [8.8, 14.4, 11.76131],
			"to": [11.2, 15.2, 12.23869],
			"rotation": {"angle": 0, "axis": "x", "origin": [10, 14.9, 12]},
			"faces": {
				"east": {"uv": [15, 1, 0, 15], "rotation": 270, "texture": "#0"},
				"west": {"uv": [15, 1, 0, 15], "rotation": 270, "texture": "#0"}
			}
		},
		{
			"name": "hexadecagon",
			"from": [8.8, 14.4, 11.76131],
			"to": [11.2, 15.2, 12.23869],
			"rotation": {"angle": 22.5, "axis": "y", "origin": [10, 14.9, 12]},
			"faces": {
				"east": {"uv": [15, 1, 0, 15], "rotation": 270, "texture": "#0"},
				"west": {"uv": [15, 1, 0, 15], "rotation": 270, "texture": "#0"},
				"down": {"uv": [1, 0, 0, 1], "rotation": 270, "texture": "#0"}
			}
		},
		{
			"from": [8.8, 15.2, 10.8],
			"to": [11.2, 15.2, 13.2],
			"rotation": {"angle": 0, "axis": "y", "origin": [22.4, 18.4, 4]},
			"faces": {
				"up": {"uv": [0, 0, 16, 16], "rotation": 270, "texture": "#2"},
				"down": {"uv": [16, 0, 0, 16], "rotation": 270, "texture": "#2"}
			}
		},
		{
			"name": "hexadecagon",
			"from": [9.76131, 14.4, 2.8],
			"to": [10.23869, 15.2, 5.2],
			"rotation": {"angle": -45, "axis": "y", "origin": [10, 14.9, 4]},
			"faces": {
				"north": {"uv": [16, 1, 1, 15], "rotation": 90, "texture": "#0"},
				"south": {"uv": [15, 1, 0, 15], "rotation": 270, "texture": "#0"},
				"down": {"uv": [1, 0, 0, 1], "rotation": 270, "texture": "#0"}
			}
		},
		{
			"name": "hexadecagon",
			"from": [9.76131, 14.4, 2.8],
			"to": [10.23869, 15.2, 5.2],
			"rotation": {"angle": -22.5, "axis": "y", "origin": [10, 14.9, 4]},
			"faces": {
				"north": {"uv": [16, 1, 1, 15], "rotation": 90, "texture": "#0"},
				"south": {"uv": [15, 1, 0, 15], "rotation": 270, "texture": "#0"},
				"down": {"uv": [1, 0, 0, 1], "rotation": 270, "texture": "#0"}
			}
		},
		{
			"name": "hexadecagon",
			"from": [9.76131, 14.4, 2.8],
			"to": [10.23869, 15.2, 5.2],
			"rotation": {"angle": 0, "axis": "x", "origin": [10, 14.9, 4]},
			"faces": {
				"north": {"uv": [16, 1, 1, 15], "rotation": 90, "texture": "#0"},
				"south": {"uv": [15, 1, 0, 15], "rotation": 270, "texture": "#0"}
			}
		},
		{
			"name": "hexadecagon",
			"from": [9.76131, 14.4, 2.8],
			"to": [10.23869, 15.2, 5.2],
			"rotation": {"angle": 22.5, "axis": "y", "origin": [10, 14.9, 4]},
			"faces": {
				"north": {"uv": [16, 1, 1, 15], "rotation": 90, "texture": "#0"},
				"south": {"uv": [15, 1, 0, 15], "rotation": 270, "texture": "#0"},
				"down": {"uv": [1, 0, 0, 1], "rotation": 270, "texture": "#0"}
			}
		},
		{
			"name": "hexadecagon",
			"from": [9.76131, 14.4, 2.8],
			"to": [10.23869, 15.2, 5.2],
			"rotation": {"angle": 45, "axis": "y", "origin": [10, 14.9, 4]},
			"faces": {
				"north": {"uv": [16, 1, 1, 15], "rotation": 90, "texture": "#0"},
				"south": {"uv": [15, 1, 0, 15], "rotation": 270, "texture": "#0"},
				"down": {"uv": [1, 0, 0, 1], "rotation": 270, "texture": "#0"}
			}
		},
		{
			"name": "hexadecagon",
			"from": [8.8, 14.4, 3.76131],
			"to": [11.2, 15.2, 4.23869],
			"rotation": {"angle": -22.5, "axis": "y", "origin": [10, 14.9, 4]},
			"faces": {
				"east": {"uv": [15, 1, 0, 15], "rotation": 270, "texture": "#0"},
				"west": {"uv": [15, 1, 0, 15], "rotation": 270, "texture": "#0"},
				"down": {"uv": [1, 0, 0, 1], "rotation": 270, "texture": "#0"}
			}
		},
		{
			"name": "hexadecagon",
			"from": [8.8, 14.4, 3.76131],
			"to": [11.2, 15.2, 4.23869],
			"rotation": {"angle": 0, "axis": "x", "origin": [10, 14.9, 4]},
			"faces": {
				"east": {"uv": [15, 1, 0, 15], "rotation": 270, "texture": "#0"},
				"west": {"uv": [15, 1, 0, 15], "rotation": 270, "texture": "#0"}
			}
		},
		{
			"name": "hexadecagon",
			"from": [8.8, 14.4, 3.76131],
			"to": [11.2, 15.2, 4.23869],
			"rotation": {"angle": 22.5, "axis": "y", "origin": [10, 14.9, 4]},
			"faces": {
				"east": {"uv": [15, 1, 0, 15], "rotation": 270, "texture": "#0"},
				"west": {"uv": [15, 1, 0, 15], "rotation": 270, "texture": "#0"},
				"down": {"uv": [1, 0, 0, 1], "rotation": 270, "texture": "#0"}
			}
		},
		{
			"from": [8.8, 15.2, 2.8],
			"to": [11.2, 15.2, 5.2],
			"rotation": {"angle": 0, "axis": "y", "origin": [22.4, 18.4, -4]},
			"faces": {
				"up": {"uv": [0, 0, 16, 16], "rotation": 270, "texture": "#2"},
				"down": {"uv": [16, 0, 0, 16], "rotation": 270, "texture": "#2"}
			}
		},
		{
			"name": "hexadecagon",
			"from": [5.76131, 14.4, 6.8],
			"to": [6.23869, 15.2, 9.2],
			"rotation": {"angle": -45, "axis": "y", "origin": [6, 14.9, 8]},
			"faces": {
				"north": {"uv": [16, 1, 1, 15], "rotation": 90, "texture": "#0"},
				"south": {"uv": [15, 1, 0, 15], "rotation": 270, "texture": "#0"},
				"down": {"uv": [1, 0, 0, 1], "rotation": 270, "texture": "#0"}
			}
		},
		{
			"name": "hexadecagon",
			"from": [5.76131, 14.4, 6.8],
			"to": [6.23869, 15.2, 9.2],
			"rotation": {"angle": -22.5, "axis": "y", "origin": [6, 14.9, 8]},
			"faces": {
				"north": {"uv": [16, 1, 1, 15], "rotation": 90, "texture": "#0"},
				"south": {"uv": [15, 1, 0, 15], "rotation": 270, "texture": "#0"},
				"down": {"uv": [1, 0, 0, 1], "rotation": 270, "texture": "#0"}
			}
		},
		{
			"name": "hexadecagon",
			"from": [5.76131, 14.4, 6.8],
			"to": [6.23869, 15.2, 9.2],
			"rotation": {"angle": 0, "axis": "x", "origin": [6, 14.9, 8]},
			"faces": {
				"north": {"uv": [16, 1, 1, 15], "rotation": 90, "texture": "#0"},
				"south": {"uv": [15, 1, 0, 15], "rotation": 270, "texture": "#0"}
			}
		},
		{
			"name": "hexadecagon",
			"from": [5.76131, 14.4, 6.8],
			"to": [6.23869, 15.2, 9.2],
			"rotation": {"angle": 22.5, "axis": "y", "origin": [6, 14.9, 8]},
			"faces": {
				"north": {"uv": [16, 1, 1, 15], "rotation": 90, "texture": "#0"},
				"south": {"uv": [15, 1, 0, 15], "rotation": 270, "texture": "#0"},
				"down": {"uv": [1, 0, 0, 1], "rotation": 270, "texture": "#0"}
			}
		},
		{
			"name": "hexadecagon",
			"from": [5.76131, 14.4, 6.8],
			"to": [6.23869, 15.2, 9.2],
			"rotation": {"angle": 45, "axis": "y", "origin": [6, 14.9, 8]},
			"faces": {
				"north": {"uv": [16, 1, 1, 15], "rotation": 90, "texture": "#0"},
				"south": {"uv": [15, 1, 0, 15], "rotation": 270, "texture": "#0"},
				"down": {"uv": [1, 0, 0, 1], "rotation": 270, "texture": "#0"}
			}
		},
		{
			"name": "hexadecagon",
			"from": [4.8, 14.4, 7.76131],
			"to": [7.2, 15.2, 8.23869],
			"rotation": {"angle": -22.5, "axis": "y", "origin": [6, 14.9, 8]},
			"faces": {
				"east": {"uv": [15, 1, 0, 15], "rotation": 270, "texture": "#0"},
				"west": {"uv": [15, 1, 0, 15], "rotation": 270, "texture": "#0"},
				"down": {"uv": [1, 0, 0, 1], "rotation": 270, "texture": "#0"}
			}
		},
		{
			"name": "hexadecagon",
			"from": [4.8, 14.4, 7.76131],
			"to": [7.2, 15.2, 8.23869],
			"rotation": {"angle": 0, "axis": "x", "origin": [6, 14.9, 8]},
			"faces": {
				"east": {"uv": [15, 1, 0, 15], "rotation": 270, "texture": "#0"},
				"west": {"uv": [15, 1, 0, 15], "rotation": 270, "texture": "#0"}
			}
		},
		{
			"name": "hexadecagon",
			"from": [4.8, 14.4, 7.76131],
			"to": [7.2, 15.2, 8.23869],
			"rotation": {"angle": 22.5, "axis": "y", "origin": [6, 14.9, 8]},
			"faces": {
				"east": {"uv": [15, 1, 0, 15], "rotation": 270, "texture": "#0"},
				"west": {"uv": [15, 1, 0, 15], "rotation": 270, "texture": "#0"},
				"down": {"uv": [1, 0, 0, 1], "rotation": 270, "texture": "#0"}
			}
		},
		{
			"from": [4.8, 15.2, 6.8],
			"to": [7.2, 15.2, 9.2],
			"rotation": {"angle": 0, "axis": "y", "origin": [18.4, 18.4, 0]},
			"faces": {
				"up": {"uv": [0, 0, 16, 16], "rotation": 270, "texture": "#2"},
				"down": {"uv": [16, 0, 0, 16], "rotation": 270, "texture": "#2"}
			}
		},
		{
			"name": "hexadecagon",
			"from": [4.8, 12.16131, 1.2],
			"to": [7.2, 12.63869, 2],
			"rotation": {"angle": 45, "axis": "z", "origin": [6, 12.4, 1.5]},
			"faces": {
				"east": {"uv": [15, 1, 0, 15], "texture": "#0"},
				"south": {"uv": [1, 0, 0, 1], "texture": "#0"},
				"west": {"uv": [16, 1, 1, 15], "texture": "#0"}
			}
		},
		{
			"name": "hexadecagon",
			"from": [4.8, 12.16131, 1.2],
			"to": [7.2, 12.63869, 2],
			"rotation": {"angle": 22.5, "axis": "z", "origin": [6, 12.4, 1.5]},
			"faces": {
				"east": {"uv": [15, 1, 0, 15], "texture": "#0"},
				"south": {"uv": [1, 0, 0, 1], "texture": "#0"},
				"west": {"uv": [16, 1, 1, 15], "texture": "#0"}
			}
		},
		{
			"name": "hexadecagon",
			"from": [4.8, 12.16131, 1.2],
			"to": [7.2, 12.63869, 2],
			"rotation": {"angle": 0, "axis": "x", "origin": [6, 12.4, 1.5]},
			"faces": {
				"east": {"uv": [15, 1, 0, 15], "texture": "#0"},
				"west": {"uv": [16, 1, 1, 15], "texture": "#0"}
			}
		},
		{
			"name": "hexadecagon",
			"from": [4.8, 12.16131, 1.2],
			"to": [7.2, 12.63869, 2],
			"rotation": {"angle": -22.5, "axis": "z", "origin": [6, 12.4, 1.5]},
			"faces": {
				"east": {"uv": [15, 1, 0, 15], "texture": "#0"},
				"south": {"uv": [1, 0, 0, 1], "texture": "#0"},
				"west": {"uv": [16, 1, 1, 15], "texture": "#0"}
			}
		},
		{
			"name": "hexadecagon",
			"from": [4.8, 12.16131, 1.2],
			"to": [7.2, 12.63869, 2],
			"rotation": {"angle": -45, "axis": "z", "origin": [6, 12.4, 1.5]},
			"faces": {
				"east": {"uv": [15, 1, 0, 15], "texture": "#0"},
				"south": {"uv": [1, 0, 0, 1], "texture": "#0"},
				"west": {"uv": [16, 1, 1, 15], "texture": "#0"}
			}
		},
		{
			"name": "hexadecagon",
			"from": [5.76131, 11.2, 1.2],
			"to": [6.23869, 13.6, 2],
			"rotation": {"angle": 22.5, "axis": "z", "origin": [6, 12.4, 1.5]},
			"faces": {
				"south": {"uv": [1, 0, 0, 1], "texture": "#0"},
				"up": {"uv": [15, 1, 0, 15], "rotation": 270, "texture": "#0"},
				"down": {"uv": [15, 1, 0, 15], "rotation": 90, "texture": "#0"}
			}
		},
		{
			"name": "hexadecagon",
			"from": [5.76131, 11.2, 1.2],
			"to": [6.23869, 13.6, 2],
			"rotation": {"angle": 0, "axis": "x", "origin": [6, 12.4, 1.5]},
			"faces": {
				"up": {"uv": [15, 1, 0, 15], "rotation": 270, "texture": "#0"},
				"down": {"uv": [15, 1, 0, 15], "rotation": 90, "texture": "#0"}
			}
		},
		{
			"name": "hexadecagon",
			"from": [5.76131, 11.2, 1.2],
			"to": [6.23869, 13.6, 2],
			"rotation": {"angle": -22.5, "axis": "z", "origin": [6, 12.4, 1.5]},
			"faces": {
				"south": {"uv": [1, 0, 0, 1], "texture": "#0"},
				"up": {"uv": [15, 1, 0, 15], "rotation": 270, "texture": "#0"},
				"down": {"uv": [15, 1, 0, 15], "rotation": 90, "texture": "#0"}
			}
		},
		{
			"from": [4.8, 11.2, 1.2],
			"to": [7.2, 13.6, 1.2],
			"rotation": {"angle": 0, "axis": "y", "origin": [-2, 0, -2]},
			"faces": {
				"north": {"uv": [0, 0, 16, 16], "texture": "#2"},
				"south": {"uv": [16, 0, 0, 16], "texture": "#2"}
			}
		},
		{
			"name": "hexadecagon",
			"from": [8.8, 12.16131, 14],
			"to": [11.2, 12.63869, 14.8],
			"rotation": {"angle": -45, "axis": "z", "origin": [10, 12.4, 14.5]},
			"faces": {
				"north": {"uv": [1, 0, 0, 1], "texture": "#0"},
				"east": {"uv": [16, 1, 1, 15], "texture": "#0"},
				"west": {"uv": [15, 1, 0, 15], "texture": "#0"}
			}
		},
		{
			"name": "hexadecagon",
			"from": [8.8, 12.16131, 14],
			"to": [11.2, 12.63869, 14.8],
			"rotation": {"angle": -22.5, "axis": "z", "origin": [10, 12.4, 14.5]},
			"faces": {
				"north": {"uv": [1, 0, 0, 1], "texture": "#0"},
				"east": {"uv": [16, 1, 1, 15], "texture": "#0"},
				"west": {"uv": [15, 1, 0, 15], "texture": "#0"}
			}
		},
		{
			"name": "hexadecagon",
			"from": [8.8, 12.16131, 14],
			"to": [11.2, 12.63869, 14.8],
			"rotation": {"angle": 0, "axis": "x", "origin": [10, 12.4, 14.5]},
			"faces": {
				"east": {"uv": [16, 1, 1, 15], "texture": "#0"},
				"west": {"uv": [15, 1, 0, 15], "texture": "#0"}
			}
		},
		{
			"name": "hexadecagon",
			"from": [8.8, 12.16131, 14],
			"to": [11.2, 12.63869, 14.8],
			"rotation": {"angle": 22.5, "axis": "z", "origin": [10, 12.4, 14.5]},
			"faces": {
				"north": {"uv": [1, 0, 0, 1], "texture": "#0"},
				"east": {"uv": [16, 1, 1, 15], "texture": "#0"},
				"west": {"uv": [15, 1, 0, 15], "texture": "#0"}
			}
		},
		{
			"name": "hexadecagon",
			"from": [8.8, 12.16131, 14],
			"to": [11.2, 12.63869, 14.8],
			"rotation": {"angle": 45, "axis": "z", "origin": [10, 12.4, 14.5]},
			"faces": {
				"north": {"uv": [1, 0, 0, 1], "texture": "#0"},
				"east": {"uv": [16, 1, 1, 15], "texture": "#0"},
				"west": {"uv": [15, 1, 0, 15], "texture": "#0"}
			}
		},
		{
			"name": "hexadecagon",
			"from": [9.76131, 11.2, 14],
			"to": [10.23869, 13.6, 14.8],
			"rotation": {"angle": -22.5, "axis": "z", "origin": [10, 12.4, 14.5]},
			"faces": {
				"north": {"uv": [1, 0, 0, 1], "texture": "#0"},
				"up": {"uv": [15, 1, 0, 15], "rotation": 90, "texture": "#0"},
				"down": {"uv": [15, 1, 0, 15], "rotation": 270, "texture": "#0"}
			}
		},
		{
			"name": "hexadecagon",
			"from": [9.76131, 11.2, 14],
			"to": [10.23869, 13.6, 14.8],
			"rotation": {"angle": 0, "axis": "x", "origin": [10, 12.4, 14.5]},
			"faces": {
				"up": {"uv": [15, 1, 0, 15], "rotation": 90, "texture": "#0"},
				"down": {"uv": [15, 1, 0, 15], "rotation": 270, "texture": "#0"}
			}
		},
		{
			"name": "hexadecagon",
			"from": [9.76131, 11.2, 14],
			"to": [10.23869, 13.6, 14.8],
			"rotation": {"angle": 22.5, "axis": "z", "origin": [10, 12.4, 14.5]},
			"faces": {
				"north": {"uv": [1, 0, 0, 1], "texture": "#0"},
				"up": {"uv": [15, 1, 0, 15], "rotation": 90, "texture": "#0"},
				"down": {"uv": [15, 1, 0, 15], "rotation": 270, "texture": "#0"}
			}
		},
		{
			"from": [8.8, 11.2, 14.8],
			"to": [11.2, 13.6, 14.8],
			"rotation": {"angle": 0, "axis": "y", "origin": [18, 0, 18]},
			"faces": {
				"north": {"uv": [16, 0, 0, 16], "texture": "#2"},
				"south": {"uv": [0, 0, 16, 16], "texture": "#2"}
			}
		}
	],
	"display": {
		"fixed": {
			"rotation": [0, 90, 0],
			"scale": [0.5, 0.5, 0.5]
		}
	},
	"groups": [0, 1, 2, 3, 4, 5, 6, 7, 8, 9, 10, 11, 12, 13, 14, 15, 16, 17, 18,
		{
			"name": "hexadecagon",
			"origin": [8, 8, 8],
			"color": 0,
			"children": [19, 20, 21, 22, 23, 24, 25, 26, 27]
		},
		{
			"name": "hexadecagon",
			"origin": [8, 8, 8],
			"color": 0,
			"children": [28, 29, 30, 31, 32, 33, 34, 35, 36]
		},
		{
			"name": "hexadecagon",
			"origin": [8, 8, 8],
			"color": 0,
			"children": [37, 38, 39, 40, 41, 42, 43, 44, 45]
		},
		{
			"name": "hexadecagon",
			"origin": [8, 8, 8],
			"color": 0,
			"children": [46, 47, 48, 49, 50, 51, 52, 53, 54]
		},
		{
			"name": "hexadecagon",
			"origin": [8, 8, 8],
			"color": 0,
			"children": [55, 56, 57, 58, 59, 60, 61, 62, 63]
		},
		{
			"name": "hexadecagon",
			"origin": [8, 8, 8],
			"color": 0,
			"children": [64, 65, 66, 67, 68, 69, 70, 71, 72]
		},
		{
			"name": "hexadecagon",
			"origin": [8, 8, 8],
			"color": 0,
			"children": [73, 74, 75, 76, 77, 78, 79, 80, 81]
		}
	]
}