{
	"credit": "Made with Blockbench",
	"ambientocclusion": false,
	"textures": {
		"0": "block/tools/wooden_square",
		"1": "block/tools/iron_square",
		"2": "block/items/rail_B",
		"3": "block/items/red",
		"5": "block/tools/stone_square",
		"particle": "block/tools/wooden_square"
	},
	"elements": [
		{
			"from": [8, 0, 0],
			"to": [16, 1.5, 4],
			"faces": {
				"north": {"uv": [0, 0, 16, 16], "texture": "#0"},
				"east": {"uv": [0, 0, 16, 16], "texture": "#0"},
				"south": {"uv": [0, 0, 16, 16], "texture": "#0"},
				"up": {"uv": [0, 0, 16, 16], "texture": "#0"},
				"down": {"uv": [0, 0, 16, 16], "texture": "#0"}
			}
		},
		{
			"from": [6, 1.5, 4],
			"to": [10, 3, 8],
			"faces": {
				"north": {"uv": [0, 0, 16, 16], "texture": "#3"},
				"south": {"uv": [0, 0, 16, 16], "texture": "#3"},
				"down": {"uv": [0, 0, 16, 16], "texture": "#3"}
			}
		},
		{
			"from": [6, 3, 4],
			"to": [10, 4.5, 8],
			"faces": {
				"north": {"uv": [0, 0, 16, 16], "texture": "#5"},
				"east": {"uv": [0, 0, 16, 16], "texture": "#5"},
				"south": {"uv": [0, 0, 16, 16], "texture": "#5"},
				"west": {"uv": [0, 0, 16, 16], "texture": "#5"},
				"up": {"uv": [0, 0, 16, 16], "texture": "#5"}
			}
		},
		{
			"from": [8, 0, 8],
			"to": [16, 1.5, 12],
			"faces": {
				"north": {"uv": [0, 0, 16, 16], "texture": "#0"},
				"east": {"uv": [0, 0, 16, 16], "texture": "#0"},
				"south": {"uv": [0, 0, 16, 16], "texture": "#0"},
				"up": {"uv": [0, 0, 16, 16], "texture": "#0"},
				"down": {"uv": [0, 0, 16, 16], "texture": "#0"}
			}
		},
		{
			"from": [0, 0, 8],
			"to": [8, 1.5, 12],
			"faces": {
				"north": {"uv": [0, 0, 16, 16], "texture": "#0"},
				"south": {"uv": [0, 0, 16, 16], "texture": "#0"},
				"west": {"uv": [0, 0, 16, 16], "texture": "#0"},
				"up": {"uv": [0, 0, 16, 16], "texture": "#0"},
				"down": {"uv": [0, 0, 16, 16], "texture": "#0"}
			}
		},
		{
			"from": [0, 0, 0],
			"to": [8, 1.5, 4],
			"faces": {
				"north": {"uv": [0, 0, 16, 16], "texture": "#0"},
				"south": {"uv": [0, 0, 16, 16], "texture": "#0"},
				"west": {"uv": [0, 0, 16, 16], "texture": "#0"},
				"up": {"uv": [0, 0, 16, 16], "texture": "#0"},
				"down": {"uv": [0, 0, 16, 16], "texture": "#0"}
			}
		},
		{
			"from": [2, 1.5, 0],
			"to": [6, 3, 8],
			"faces": {
				"north": {"uv": [0, 0, 16, 16], "texture": "#1"},
				"east": {"uv": [1, 0, 16, 16], "texture": "#1"},
				"west": {"uv": [0, 0, 15, 16], "texture": "#1"},
				"up": {"uv": [0, 0, 16, 15], "texture": "#1"},
				"down": {"uv": [0, 1, 16, 16], "texture": "#1"}
			}
		},
		{
			"from": [2, 3, 12],
			"to": [6, 3, 16],
			"faces": {
				"up": {"uv": [0, 1, 16, 16], "texture": "#2"}
			}
		},
		{
			"from": [10, 3, 0],
			"to": [14, 3, 4],
			"faces": {
				"up": {"uv": [0, 1, 16, 16], "rotation": 180, "texture": "#2"}
			}
		},
		{
			"from": [2, 3, 8],
			"to": [6, 3, 12],
			"faces": {
				"up": {"uv": [0, 1, 16, 15], "texture": "#1"}
			}
		},
		{
			"from": [10, 3, 4],
			"to": [14, 3, 8],
			"faces": {
				"up": {"uv": [0, 1, 16, 15], "rotation": 180, "texture": "#1"}
			}
		},
		{
			"from": [10, 1.5, 0],
			"to": [14, 3, 8],
			"faces": {
				"north": {"uv": [0, 0, 16, 16], "texture": "#1"},
				"east": {"uv": [1, 0, 16, 16], "texture": "#1"},
				"west": {"uv": [0, 0, 15, 16], "texture": "#1"},
				"down": {"uv": [0, 1, 16, 16], "texture": "#1"}
			}
		},
		{
			"from": [10, 1.5, 8],
			"to": [14, 3, 16],
			"faces": {
				"east": {"uv": [0, 0, 15, 16], "texture": "#1"},
				"south": {"uv": [0, 0, 16, 16], "texture": "#1"},
				"west": {"uv": [1, 0, 16, 16], "texture": "#1"},
				"up": {"uv": [0, 1, 16, 16], "texture": "#1"},
				"down": {"uv": [0, 0, 16, 15], "texture": "#1"}
			}
		},
		{
			"from": [2, 1.5, 8],
			"to": [6, 3, 16],
			"faces": {
				"east": {"uv": [0, 0, 15, 16], "texture": "#1"},
				"south": {"uv": [0, 0, 16, 16], "texture": "#1"},
				"west": {"uv": [1, 0, 16, 16], "texture": "#1"},
				"down": {"uv": [0, 0, 16, 15], "texture": "#1"}
			}
		}
	]
}