{
	"credit": "Made with Blockbench",
	"parent": "block/block",
	"ambientocclusion": false,
	"texture_size": [32, 32],
	"textures": {
		"2": "block/egg/dragon_egg",
		"particle": "block/egg/dragon_egg"
	},
	"elements": [
		{
			"from": [6, 15, 6],
			"to": [10, 16, 10],
			"faces": {
				"north": {"uv": [0, 2, 2, 2.5], "texture": "#2"},
				"east": {"uv": [0, 2, 2, 2.5], "texture": "#2"},
				"south": {"uv": [0, 2, 2, 2.5], "texture": "#2"},
				"west": {"uv": [0, 2, 2, 2.5], "texture": "#2"},
				"up": {"uv": [0, 0, 2, 2], "texture": "#2"},
				"down": {"uv": [0, 0, 2, 2], "texture": "#2"}
			}
		},
		{
			"from": [5, 13, 5],
			"to": [11, 15, 11],
			"faces": {
				"north": {"uv": [2, 0, 5, 1], "texture": "#2"},
				"east": {"uv": [2, 0, 5, 1], "texture": "#2"},
				"south": {"uv": [2, 0, 5, 1], "texture": "#2"},
				"west": {"uv": [2, 0, 5, 1], "texture": "#2"},
				"up": {"uv": [2, 1, 5, 4], "texture": "#2"},
				"down": {"uv": [2, 1, 5, 4], "texture": "#2"}
			}
		},
		{
			"from": [3, 11, 3],
			"to": [13, 13, 13],
			"faces": {
				"north": {"uv": [5, 0, 10, 1], "texture": "#2"},
				"east": {"uv": [5, 0, 10, 1], "texture": "#2"},
				"south": {"uv": [5, 0, 10, 1], "texture": "#2"},
				"west": {"uv": [5, 0, 10, 1], "texture": "#2"},
				"up": {"uv": [5, 1, 10, 6], "texture": "#2"},
				"down": {"uv": [5, 1, 10, 6], "texture": "#2"}
			}
		},
		{
			"from": [2, 8, 2],
			"to": [14, 11, 14],
			"faces": {
				"north": {"uv": [10, 0, 16, 1.5], "texture": "#2"},
				"east": {"uv": [10, 0, 16, 1.5], "texture": "#2"},
				"south": {"uv": [10, 0, 16, 1.5], "texture": "#2"},
				"west": {"uv": [10, 0, 16, 1.5], "texture": "#2"},
				"up": {"uv": [10, 1.5, 16, 7.5], "texture": "#2"},
				"down": {"uv": [10, 1.5, 16, 7.5], "texture": "#2"}
			}
		},
		{
			"from": [1, 3, 1],
			"to": [15, 8, 15],
			"faces": {
				"north": {"uv": [0, 6.5, 7, 9], "texture": "#2"},
				"east": {"uv": [0, 6.5, 7, 9], "texture": "#2"},
				"south": {"uv": [0, 6.5, 7, 9], "texture": "#2"},
				"west": {"uv": [0, 6.5, 7, 9], "texture": "#2"},
				"up": {"uv": [0, 9, 7, 16], "texture": "#2"},
				"down": {"uv": [0, 9, 7, 16], "texture": "#2"}
			}
		},
		{
			"from": [2, 1, 2],
			"to": [14, 3, 14],
			"faces": {
				"north": {"uv": [10, 7.5, 16, 8.5], "texture": "#2"},
				"east": {"uv": [10, 7.5, 16, 8.5], "texture": "#2"},
				"south": {"uv": [10, 7.5, 16, 8.5], "texture": "#2"},
				"west": {"uv": [10, 7.5, 16, 8.5], "texture": "#2"},
				"up": {"uv": [10, 1.5, 16, 7.5], "texture": "#2"},
				"down": {"uv": [10, 1.5, 16, 7.5], "texture": "#2"}
			}
		},
		{
			"from": [3, 0, 3],
			"to": [13, 1, 13],
			"faces": {
				"north": {"uv": [5, 6, 10, 6.5], "texture": "#2"},
				"east": {"uv": [5, 6, 10, 6.5], "texture": "#2"},
				"south": {"uv": [5, 6, 10, 6.5], "texture": "#2"},
				"west": {"uv": [5, 6, 10, 6.5], "texture": "#2"},
				"up": {"uv": [5, 1, 10, 6], "texture": "#2"},
				"down": {"uv": [5, 1, 10, 6], "texture": "#2"}
			}
		}
	],
	"display": {}
}