{
	"credit": "Made with Blockbench",
	"textures": {
		"1": "block/items/end_rod_B",
		"3": "block/items/end_rod",
		"particle": "block/items/end_rod_B"
	},
	"elements": [
		{
			"name": "hexadecagon",
			"from": [7.76131, 0, 6.8],
			"to": [8.23869, 0.9, 9.2],
			"rotation": {"angle": -45, "axis": "y", "origin": [8, 6, 8]},
			"faces": {
				"north": {"uv": [0, 0, 0.125, 0.125], "texture": "#3"},
				"east": {"uv": [0, 0, 0.125, 0.125], "texture": "#3"},
				"south": {"uv": [0, 0, 0.125, 0.125], "texture": "#3"},
				"west": {"uv": [0, 0, 0.125, 0.125], "texture": "#3"},
				"up": {"uv": [0, 0, 0.125, 0.125], "texture": "#3"},
				"down": {"uv": [0, 0, 0.125, 0.125], "texture": "#3"}
			}
		},
		{
			"name": "hexadecagon",
			"from": [7.76131, 0, 6.8],
			"to": [8.23869, 0.9, 9.2],
			"rotation": {"angle": -22.5, "axis": "y", "origin": [8, 6, 8]},
			"faces": {
				"north": {"uv": [0, 0, 0.125, 0.125], "texture": "#3"},
				"east": {"uv": [0, 0, 0.125, 0.125], "texture": "#3"},
				"south": {"uv": [0, 0, 0.125, 0.125], "texture": "#3"},
				"west": {"uv": [0, 0, 0.125, 0.125], "texture": "#3"},
				"up": {"uv": [0, 0, 0.125, 0.125], "texture": "#3"},
				"down": {"uv": [0, 0, 0.125, 0.125], "texture": "#3"}
			}
		},
		{
			"name": "hexadecagon",
			"from": [7.76131, 0, 6.8],
			"to": [8.23869, 0.9, 9.2],
			"rotation": {"angle": 0, "axis": "y", "origin": [8, 6, 8]},
			"faces": {
				"north": {"uv": [0, 0, 0.125, 0.125], "texture": "#3"},
				"east": {"uv": [0, 0, 0.125, 0.125], "texture": "#3"},
				"south": {"uv": [0, 0, 0.125, 0.125], "texture": "#3"},
				"west": {"uv": [0, 0, 0.125, 0.125], "texture": "#3"},
				"up": {"uv": [0, 0, 0.125, 0.125], "texture": "#3"},
				"down": {"uv": [0, 0, 0.125, 0.125], "texture": "#3"}
			}
		},
		{
			"name": "hexadecagon",
			"from": [7.76131, 0, 6.8],
			"to": [8.23869, 0.9, 9.2],
			"rotation": {"angle": 22.5, "axis": "y", "origin": [8, 6, 8]},
			"faces": {
				"north": {"uv": [0, 0, 0.125, 0.125], "texture": "#3"},
				"east": {"uv": [0, 0, 0.125, 0.125], "texture": "#3"},
				"south": {"uv": [0, 0, 0.125, 0.125], "texture": "#3"},
				"west": {"uv": [0, 0, 0.125, 0.125], "texture": "#3"},
				"up": {"uv": [0, 0, 0.125, 0.125], "texture": "#3"},
				"down": {"uv": [0, 0, 0.125, 0.125], "texture": "#3"}
			}
		},
		{
			"name": "hexadecagon",
			"from": [7.76131, 0, 6.8],
			"to": [8.23869, 0.9, 9.2],
			"rotation": {"angle": 45, "axis": "y", "origin": [8, 6, 8]},
			"faces": {
				"north": {"uv": [0, 0, 0.125, 0.125], "texture": "#3"},
				"east": {"uv": [0, 0, 0.125, 0.125], "texture": "#3"},
				"south": {"uv": [0, 0, 0.125, 0.125], "texture": "#3"},
				"west": {"uv": [0, 0, 0.125, 0.125], "texture": "#3"},
				"up": {"uv": [0, 0, 0.125, 0.125], "texture": "#3"},
				"down": {"uv": [0, 0, 0.125, 0.125], "texture": "#3"}
			}
		},
		{
			"name": "hexadecagon",
			"from": [6.8, 0, 7.76131],
			"to": [9.2, 0.9, 8.23869],
			"rotation": {"angle": -22.5, "axis": "y", "origin": [8, 6, 8]},
			"faces": {
				"north": {"uv": [0, 0, 0.125, 0.125], "texture": "#3"},
				"east": {"uv": [0, 0, 0.125, 0.125], "texture": "#3"},
				"south": {"uv": [0, 0, 0.125, 0.125], "texture": "#3"},
				"west": {"uv": [0, 0, 0.125, 0.125], "texture": "#3"},
				"up": {"uv": [0, 0, 0.125, 0.125], "texture": "#3"},
				"down": {"uv": [0, 0, 0.125, 0.125], "texture": "#3"}
			}
		},
		{
			"name": "hexadecagon",
			"from": [6.8, 0, 7.76131],
			"to": [9.2, 0.9, 8.23869],
			"rotation": {"angle": 0, "axis": "y", "origin": [8, 6, 8]},
			"faces": {
				"north": {"uv": [0, 0, 0.125, 0.125], "texture": "#3"},
				"east": {"uv": [0, 0, 0.125, 0.125], "texture": "#3"},
				"south": {"uv": [0, 0, 0.125, 0.125], "texture": "#3"},
				"west": {"uv": [0, 0, 0.125, 0.125], "texture": "#3"},
				"up": {"uv": [0, 0, 0.125, 0.125], "texture": "#3"},
				"down": {"uv": [0, 0, 0.125, 0.125], "texture": "#3"}
			}
		},
		{
			"name": "hexadecagon",
			"from": [6.8, 0, 7.76131],
			"to": [9.2, 0.9, 8.23869],
			"rotation": {"angle": 22.5, "axis": "y", "origin": [8, 6, 8]},
			"faces": {
				"north": {"uv": [0, 0, 0.125, 0.125], "texture": "#3"},
				"east": {"uv": [0, 0, 0.125, 0.125], "texture": "#3"},
				"south": {"uv": [0, 0, 0.125, 0.125], "texture": "#3"},
				"west": {"uv": [0, 0, 0.125, 0.125], "texture": "#3"},
				"up": {"uv": [0, 0, 0.125, 0.125], "texture": "#3"},
				"down": {"uv": [0, 0, 0.125, 0.125], "texture": "#3"}
			}
		},
		{
			"name": "hexadecagon",
			"from": [7.84087, 0.9, 7.2],
			"to": [8.15913, 15.9, 8.8],
			"rotation": {"angle": -45, "axis": "y", "origin": [8, 6, 8]},
			"faces": {
				"north": {"uv": [0, 0, 0.125, 0.125], "texture": "#3"},
				"east": {"uv": [0, 0, 0, 0], "texture": "#3"},
				"south": {"uv": [0, 0, 0.125, 0.125], "texture": "#3"},
				"west": {"uv": [0, 0, 0, 0], "texture": "#3"},
				"up": {"uv": [0, 0, 0, 0], "texture": "#3"},
				"down": {"uv": [0, 0, 0, 0], "texture": "#3"}
			}
		},
		{
			"name": "hexadecagon",
			"from": [7.84087, 0.9, 7.2],
			"to": [8.15913, 15.9, 8.8],
			"rotation": {"angle": -22.5, "axis": "y", "origin": [8, 6, 8]},
			"faces": {
				"north": {"uv": [0, 0, 0.125, 0.125], "texture": "#3"},
				"east": {"uv": [0, 0, 0, 0], "texture": "#3"},
				"south": {"uv": [0, 0, 0.125, 0.125], "texture": "#3"},
				"west": {"uv": [0, 0, 0, 0], "texture": "#3"},
				"up": {"uv": [0, 0, 0, 0], "texture": "#3"},
				"down": {"uv": [0, 0, 0, 0], "texture": "#3"}
			}
		},
		{
			"name": "hexadecagon",
			"from": [7.84087, 0.9, 7.2],
			"to": [8.15913, 15.9, 8.8],
			"rotation": {"angle": 0, "axis": "y", "origin": [8, 6, 8]},
			"faces": {
				"north": {"uv": [0, 0, 0.125, 0.125], "texture": "#3"},
				"east": {"uv": [0, 0, 0, 0], "texture": "#3"},
				"south": {"uv": [0, 0, 0.125, 0.125], "texture": "#3"},
				"west": {"uv": [0, 0, 0, 0], "texture": "#3"},
				"up": {"uv": [0, 0, 0, 0], "texture": "#3"},
				"down": {"uv": [0, 0, 0, 0], "texture": "#3"}
			}
		},
		{
			"name": "hexadecagon",
			"from": [7.84087, 0.9, 7.2],
			"to": [8.15913, 15.9, 8.8],
			"rotation": {"angle": 22.5, "axis": "y", "origin": [8, 6, 8]},
			"faces": {
				"north": {"uv": [0, 0, 0.125, 0.125], "texture": "#3"},
				"east": {"uv": [0, 0, 0, 0], "texture": "#3"},
				"south": {"uv": [0, 0, 0.125, 0.125], "texture": "#3"},
				"west": {"uv": [0, 0, 0, 0], "texture": "#3"},
				"up": {"uv": [0, 0, 0, 0], "texture": "#3"},
				"down": {"uv": [0, 0, 0, 0], "texture": "#3"}
			}
		},
		{
			"name": "hexadecagon",
			"from": [7.84087, 0.9, 7.2],
			"to": [8.15913, 15.9, 8.8],
			"rotation": {"angle": 45, "axis": "y", "origin": [8, 6, 8]},
			"faces": {
				"north": {"uv": [0, 0, 0.125, 0.125], "texture": "#3"},
				"east": {"uv": [0, 0, 0, 0], "texture": "#3"},
				"south": {"uv": [0, 0, 0.125, 0.125], "texture": "#3"},
				"west": {"uv": [0, 0, 0, 0], "texture": "#3"},
				"up": {"uv": [0, 0, 0, 0], "texture": "#3"},
				"down": {"uv": [0, 0, 0, 0], "texture": "#3"}
			}
		},
		{
			"name": "hexadecagon",
			"from": [7.2, 0.9, 7.84087],
			"to": [8.8, 15.9, 8.15913],
			"rotation": {"angle": -22.5, "axis": "y", "origin": [8, 6, 8]},
			"faces": {
				"north": {"uv": [0, 0, 0, 0], "texture": "#3"},
				"east": {"uv": [0, 0, 0.125, 0.125], "texture": "#3"},
				"south": {"uv": [0, 0, 0, 0], "texture": "#3"},
				"west": {"uv": [0, 0, 0.125, 0.125], "texture": "#3"},
				"up": {"uv": [0, 0, 0, 0], "texture": "#3"},
				"down": {"uv": [0, 0, 0, 0], "texture": "#3"}
			}
		},
		{
			"name": "hexadecagon",
			"from": [7.2, 0.9, 7.84087],
			"to": [8.8, 15.9, 8.15913],
			"rotation": {"angle": 0, "axis": "y", "origin": [8, 6, 8]},
			"faces": {
				"north": {"uv": [0, 0, 0, 0], "texture": "#3"},
				"east": {"uv": [0, 0, 0.125, 0.125], "texture": "#3"},
				"south": {"uv": [0, 0, 0, 0], "texture": "#3"},
				"west": {"uv": [0, 0, 0.125, 0.125], "texture": "#3"},
				"up": {"uv": [0, 0, 0, 0], "texture": "#3"},
				"down": {"uv": [0, 0, 0, 0], "texture": "#3"}
			}
		},
		{
			"name": "hexadecagon",
			"from": [7.2, 0.9, 7.84087],
			"to": [8.8, 15.9, 8.15913],
			"rotation": {"angle": 22.5, "axis": "y", "origin": [8, 6, 8]},
			"faces": {
				"north": {"uv": [0, 0, 0, 0], "texture": "#3"},
				"east": {"uv": [0, 0, 0.125, 0.125], "texture": "#3"},
				"south": {"uv": [0, 0, 0, 0], "texture": "#3"},
				"west": {"uv": [0, 0, 0.125, 0.125], "texture": "#3"},
				"up": {"uv": [0, 0, 0, 0], "texture": "#3"},
				"down": {"uv": [0, 0, 0, 0], "texture": "#3"}
			}
		},
		{
			"name": "B",
			"from": [6.7, 15.95, 6.7],
			"to": [9.3, 15.95, 9.3],
			"rotation": {"angle": 0, "axis": "y", "origin": [8, 2.5995, 8]},
			"faces": {
				"north": {"uv": [0, 0, 0, 0], "texture": "#1"},
				"east": {"uv": [0, 0, 0, 0], "texture": "#1"},
				"south": {"uv": [0, 0, 0, 0], "texture": "#1"},
				"west": {"uv": [0, 0, 0, 0], "texture": "#1"},
				"up": {"uv": [0, 0, 16, 16], "texture": "#1", "tintindex": 0},
				"down": {"uv": [0, 0, 4, 4], "texture": "#1", "tintindex": 0}
			}
		}
	],
	"display": {
		"thirdperson_righthand": {
			"rotation": [0, 90, 0],
			"translation": [0, 2, 0]
		},
		"thirdperson_lefthand": {
			"rotation": [0, -90, 0],
			"translation": [0, 1.75, 0]
		},
		"firstperson_righthand": {
			"rotation": [-25, 98, 0],
			"translation": [4, 4.25, -2.5],
			"scale": [0.5, 0.7, 0.8]
		},
		"firstperson_lefthand": {
			"rotation": [-25, -82, 0],
			"translation": [2, 5.25, 0],
			"scale": [0.4, 0.6, 0.7]
		},
		"ground": {
			"rotation": [35, 0, 0],
			"translation": [0, 5.5, 0]
		},
		"gui": {
			"rotation": [-45, -40, -45],
			"translation": [0.5, 0.25, 0],
			"scale": [0.8, 0.8, 0.8]
		},
		"head": {
			"translation": [0, 14.25, 0]
		},
		"fixed": {
			"rotation": [0, 0, 45],
			"translation": [0, 0.75, -1.25],
			"scale": [0.7, 0.7, 0.7]
		}
	},
	"groups": [
		{
			"name": "hexadecagon",
			"origin": [8, 8, 8],
			"color": 0,
			"children": [0, 1, 2, 3, 4, 5, 6, 7]
		},
		{
			"name": "hexadecagon",
			"origin": [8, 8, 8],
			"color": 0,
			"children": [8, 9, 10, 11, 12, 13, 14, 15]
		},
		16
	]
}