{
	"credit": "Made with Blockbench",
	"textures": {
		"0": "block/grass_base",
		"2": "block/grass_base_B",
		"3": "block/fern",
		"particle": "block/grass_base"
	},
	"elements": [
		{
			"from": [7, -1, 10],
			"to": [10, 7, 14],
			"faces": {
				"north": {"uv": [0, 0, 2, 8], "texture": "#0", "tintindex": 0},
				"south": {"uv": [0, 0, 2, 8], "texture": "#0", "tintindex": 0},
				"up": {"uv": [0, 0, 2, 4], "texture": "#0", "tintindex": 0},
				"down": {"uv": [0, 0, 2, 4], "texture": "#0", "tintindex": 0}
			}
		},
		{
			"from": [7, -1, 10],
			"to": [7, 7, 14],
			"faces": {
				"east": {"uv": [0, 0, 16, 16], "texture": "#2", "tintindex": 0},
				"west": {"uv": [0, 0, 16, 16], "texture": "#2", "tintindex": 0}
			}
		},
		{
			"from": [10, -1, 10],
			"to": [10, 7, 14],
			"faces": {
				"east": {"uv": [0, 0, 16, 16], "texture": "#2", "tintindex": 0},
				"west": {"uv": [0, 0, 16, 16], "texture": "#2", "tintindex": 0}
			}
		},
		{
			"from": [8, 0, 0],
			"to": [8, 16, 16],
			"faces": {
				"east": {"uv": [16, 0, 0, 16], "texture": "#3", "tintindex": 0},
				"west": {"uv": [0, 0, 16, 16], "texture": "#3", "tintindex": 0}
			}
		},
		{
			"from": [9, 0, 0],
			"to": [9, 16, 16],
			"faces": {
				"east": {"uv": [16, 0, 0, 16], "texture": "#3", "tintindex": 0},
				"west": {"uv": [0, 0, 16, 16], "texture": "#3", "tintindex": 0}
			}
		},
		{
			"from": [8, 5, 12],
			"to": [9, 11, 13],
			"faces": {
				"north": {"uv": [0, 0, 1, 6], "texture": "#0", "tintindex": 0},
				"south": {"uv": [0, 0, 1, 6], "texture": "#0", "tintindex": 0},
				"up": {"uv": [0, 0, 1, 1], "texture": "#0", "tintindex": 0}
			}
		},
		{
			"from": [8, 7, 10],
			"to": [9, 13, 11],
			"faces": {
				"north": {"uv": [0, 0, 1, 6], "texture": "#0", "tintindex": 0},
				"south": {"uv": [0, 0, 1, 6], "texture": "#0", "tintindex": 0},
				"up": {"uv": [0, 0, 1, 1], "texture": "#0", "tintindex": 0}
			}
		},
		{
			"from": [8, 9, 8],
			"to": [9, 14, 9],
			"faces": {
				"north": {"uv": [0, 0, 1, 5], "texture": "#0", "tintindex": 0},
				"south": {"uv": [0, 0, 1, 5], "texture": "#0", "tintindex": 0},
				"up": {"uv": [0, 0, 1, 1], "texture": "#0", "tintindex": 0}
			}
		},
		{
			"from": [8, 11, 6],
			"to": [9, 15, 7],
			"faces": {
				"north": {"uv": [0, 0, 1, 4], "texture": "#0", "tintindex": 0},
				"south": {"uv": [0, 0, 1, 4], "texture": "#0", "tintindex": 0},
				"up": {"uv": [0, 0, 1, 1], "texture": "#0", "tintindex": 0}
			}
		},
		{
			"from": [8, 13, 4],
			"to": [9, 16, 5],
			"faces": {
				"north": {"uv": [0, 0, 1, 3], "texture": "#0", "tintindex": 0},
				"south": {"uv": [0, 0, 1, 3], "texture": "#0", "tintindex": 0},
				"up": {"uv": [0, 0, 1, 1], "texture": "#0", "tintindex": 0}
			}
		},
		{
			"from": [8, 15, 2],
			"to": [9, 16, 3],
			"faces": {
				"north": {"uv": [0, 0, 1, 1], "texture": "#0", "tintindex": 0},
				"south": {"uv": [0, 0, 1, 1], "texture": "#0", "tintindex": 0},
				"up": {"uv": [0, 0, 1, 1], "texture": "#0", "tintindex": 0}
			}
		},
		{
			"from": [8, 15, 0],
			"to": [9, 16, 1],
			"faces": {
				"north": {"uv": [0, 0, 1, 1], "texture": "#0", "tintindex": 0},
				"south": {"uv": [0, 0, 1, 1], "texture": "#0", "tintindex": 0},
				"up": {"uv": [0, 0, 1, 1], "texture": "#0", "tintindex": 0},
				"down": {"uv": [0, 0, 1, 1], "texture": "#0", "tintindex": 0}
			}
		},
		{
			"from": [8, 13, 0],
			"to": [9, 14, 3],
			"faces": {
				"north": {"uv": [0, 0, 1, 1], "texture": "#0", "tintindex": 0},
				"south": {"uv": [0, 0, 1, 1], "texture": "#0", "tintindex": 0},
				"up": {"uv": [0, 0, 1, 3], "texture": "#0", "tintindex": 0},
				"down": {"uv": [0, 0, 1, 3], "texture": "#0", "tintindex": 0}
			}
		},
		{
			"from": [8, 14, 1],
			"to": [9, 15, 3],
			"faces": {
				"north": {"uv": [0, 0, 1, 1], "texture": "#0", "tintindex": 0},
				"south": {"uv": [0, 0, 1, 1], "texture": "#0", "tintindex": 0},
				"up": {"uv": [0, 0, 1, 3], "texture": "#0", "tintindex": 0}
			}
		},
		{
			"from": [8, 12, 2],
			"to": [9, 13, 5],
			"faces": {
				"north": {"uv": [0, 0, 1, 1], "texture": "#0", "tintindex": 0},
				"south": {"uv": [0, 0, 1, 1], "texture": "#0", "tintindex": 0},
				"up": {"uv": [0, 0, 1, 3], "texture": "#0", "tintindex": 0}
			}
		},
		{
			"from": [8, 10, 4],
			"to": [9, 11, 7],
			"faces": {
				"north": {"uv": [0, 0, 1, 1], "texture": "#0", "tintindex": 0},
				"south": {"uv": [0, 0, 1, 1], "texture": "#0", "tintindex": 0},
				"up": {"uv": [0, 0, 1, 3], "texture": "#0", "tintindex": 0}
			}
		},
		{
			"from": [8, 8, 6],
			"to": [9, 9, 9],
			"faces": {
				"north": {"uv": [0, 0, 1, 1], "texture": "#0", "tintindex": 0},
				"south": {"uv": [0, 0, 1, 1], "texture": "#0", "tintindex": 0},
				"up": {"uv": [0, 0, 1, 3], "texture": "#0", "tintindex": 0}
			}
		},
		{
			"from": [8, 6, 8],
			"to": [9, 7, 11],
			"faces": {
				"north": {"uv": [0, 0, 1, 1], "texture": "#0", "tintindex": 0},
				"south": {"uv": [0, 0, 1, 1], "texture": "#0", "tintindex": 0},
				"up": {"uv": [0, 0, 1, 3], "texture": "#0", "tintindex": 0}
			}
		},
		{
			"from": [8, 4, 10],
			"to": [9, 5, 13],
			"faces": {
				"north": {"uv": [0, 0, 1, 1], "texture": "#0", "tintindex": 0},
				"south": {"uv": [0, 0, 1, 1], "texture": "#0", "tintindex": 0},
				"up": {"uv": [0, 0, 1, 3], "texture": "#0", "tintindex": 0}
			}
		},
		{
			"from": [8, 11, 0],
			"to": [9, 12, 5],
			"faces": {
				"north": {"uv": [0, 0, 1, 1], "texture": "#0", "tintindex": 0},
				"south": {"uv": [0, 0, 1, 1], "texture": "#0", "tintindex": 0},
				"up": {"uv": [0, 0, 1, 5], "texture": "#0", "tintindex": 0},
				"down": {"uv": [0, 0, 1, 5], "texture": "#0", "tintindex": 0}
			}
		},
		{
			"from": [8, 9, 0],
			"to": [9, 10, 7],
			"faces": {
				"north": {"uv": [0, 0, 1, 1], "texture": "#0", "tintindex": 0},
				"south": {"uv": [0, 0, 1, 1], "texture": "#0", "tintindex": 0},
				"up": {"uv": [0, 0, 1, 5], "texture": "#0", "tintindex": 0},
				"down": {"uv": [0, 0, 1, 5], "texture": "#0", "tintindex": 0}
			}
		},
		{
			"from": [8, 7, 1],
			"to": [9, 8, 9],
			"faces": {
				"north": {"uv": [0, 0, 1, 1], "texture": "#0", "tintindex": 0},
				"south": {"uv": [0, 0, 1, 1], "texture": "#0", "tintindex": 0},
				"up": {"uv": [0, 0, 1, 5], "texture": "#0", "tintindex": 0},
				"down": {"uv": [0, 0, 1, 5], "texture": "#0", "tintindex": 0}
			}
		},
		{
			"from": [8, 5, 2],
			"to": [9, 6, 11],
			"faces": {
				"north": {"uv": [0, 0, 1, 1], "texture": "#0", "tintindex": 0},
				"south": {"uv": [0, 0, 1, 1], "texture": "#0", "tintindex": 0},
				"up": {"uv": [0, 0, 1, 5], "texture": "#0", "tintindex": 0},
				"down": {"uv": [0, 0, 1, 5], "texture": "#0", "tintindex": 0}
			}
		},
		{
			"from": [8, 3, 4],
			"to": [9, 4, 12],
			"faces": {
				"north": {"uv": [0, 0, 1, 1], "texture": "#0", "tintindex": 0},
				"up": {"uv": [0, 0, 1, 5], "texture": "#0", "tintindex": 0},
				"down": {"uv": [0, 0, 1, 5], "texture": "#0", "tintindex": 0}
			}
		}
	],
	"display": {
		"thirdperson_righthand": {
			"rotation": [4, 0, 0],
			"scale": [0.6, 0.6, 0.6]
		},
		"thirdperson_lefthand": {
			"rotation": [4, 0, 0],
			"scale": [0.6, 0.6, 0.6]
		},
		"firstperson_righthand": {
			"translation": [-0.25, 5, 0],
			"scale": [0.7, 0.7, 0.55]
		},
		"firstperson_lefthand": {
			"translation": [0.5, 5, 0],
			"scale": [0.7, 0.7, 0.55]
		},
		"ground": {
			"translation": [0, 5.25, 0]
		},
		"gui": {
			"rotation": [45, 59, 0],
			"translation": [-0.5, -0.5, 0],
			"scale": [0.7, 0.7, 0.7]
		},
		"fixed": {
			"rotation": [0, 90, 0],
			"translation": [0, -0.5, 0],
			"scale": [0.8, 0.8, 0.8]
		}
	}
}