{
	"credit": "Made with Blockbench",
	"textures": {
		"0": "block/items/frame_glow",
		"1": "block/tools/wooden_square",
		"2": "block/tools/wooden_circle",
		"particle": "block/items/frame_glow"
	},
	"elements": [
		{
			"from": [12, 12, 14.5],
			"to": [16, 16, 16],
			"rotation": {"angle": 0, "axis": "y", "origin": [8, 8, 14.39796]},
			"faces": {
				"north": {"uv": [0, 0, 16, 16], "texture": "#1"},
				"east": {"uv": [0, 0, 16, 16], "rotation": 90, "texture": "#1"},
				"south": {"uv": [0, 0, 16, 16], "rotation": 180, "texture": "#1"},
				"up": {"uv": [0, 0, 16, 16], "texture": "#1"}
			}
		},
		{
			"from": [8, 12, 14.5],
			"to": [12, 16, 16],
			"rotation": {"angle": 0, "axis": "y", "origin": [8, 8, 14.39796]},
			"faces": {
				"north": {"uv": [0, 0, 16, 16], "texture": "#1"},
				"south": {"uv": [0, 0, 16, 16], "rotation": 180, "texture": "#1"},
				"up": {"uv": [0, 0, 16, 16], "texture": "#1"},
				"down": {"uv": [0, 0, 16, 16], "rotation": 180, "texture": "#1"}
			}
		},
		{
			"from": [4, 12, 14.5],
			"to": [8, 16, 16],
			"rotation": {"angle": 0, "axis": "y", "origin": [8, 8, 14.39796]},
			"faces": {
				"north": {"uv": [0, 0, 16, 16], "texture": "#1"},
				"south": {"uv": [0, 0, 16, 16], "rotation": 180, "texture": "#1"},
				"up": {"uv": [0, 0, 16, 16], "texture": "#1"},
				"down": {"uv": [0, 0, 16, 16], "rotation": 180, "texture": "#1"}
			}
		},
		{
			"from": [0, 12, 14.5],
			"to": [4, 16, 16],
			"rotation": {"angle": 0, "axis": "y", "origin": [8, 8, 14.39796]},
			"faces": {
				"north": {"uv": [0, 0, 16, 16], "texture": "#1"},
				"south": {"uv": [0, 0, 16, 16], "rotation": 180, "texture": "#1"},
				"west": {"uv": [0, 0, 16, 16], "rotation": 270, "texture": "#1"},
				"up": {"uv": [0, 0, 16, 16], "texture": "#1"}
			}
		},
		{
			"from": [0, 8, 14.5],
			"to": [4, 12, 16],
			"rotation": {"angle": 0, "axis": "y", "origin": [8, 8, 14.39796]},
			"faces": {
				"north": {"uv": [0, 0, 16, 16], "texture": "#1"},
				"east": {"uv": [0, 0, 16, 16], "rotation": 90, "texture": "#1"},
				"south": {"uv": [0, 0, 16, 16], "rotation": 180, "texture": "#1"},
				"west": {"uv": [0, 0, 16, 16], "rotation": 270, "texture": "#1"}
			}
		},
		{
			"from": [0, 4, 14.5],
			"to": [4, 8, 16],
			"rotation": {"angle": 0, "axis": "y", "origin": [8, 8, 14.39796]},
			"faces": {
				"north": {"uv": [0, 0, 16, 16], "texture": "#1"},
				"east": {"uv": [0, 0, 16, 16], "rotation": 90, "texture": "#1"},
				"south": {"uv": [0, 0, 16, 16], "rotation": 180, "texture": "#1"},
				"west": {"uv": [0, 0, 16, 16], "rotation": 270, "texture": "#1"}
			}
		},
		{
			"from": [0, 0, 14.5],
			"to": [4, 4, 16],
			"rotation": {"angle": 0, "axis": "y", "origin": [8, 8, 14.39796]},
			"faces": {
				"north": {"uv": [0, 0, 16, 16], "texture": "#1"},
				"south": {"uv": [0, 0, 16, 16], "rotation": 180, "texture": "#1"},
				"west": {"uv": [0, 0, 16, 16], "rotation": 270, "texture": "#1"},
				"down": {"uv": [0, 0, 16, 16], "rotation": 180, "texture": "#1"}
			}
		},
		{
			"from": [4, 0, 14.5],
			"to": [8, 4, 16],
			"rotation": {"angle": 0, "axis": "y", "origin": [8, 8, 14.39796]},
			"faces": {
				"north": {"uv": [0, 0, 16, 16], "texture": "#1"},
				"south": {"uv": [0, 0, 16, 16], "rotation": 180, "texture": "#1"},
				"up": {"uv": [0, 0, 16, 16], "texture": "#1"},
				"down": {"uv": [0, 0, 16, 16], "rotation": 180, "texture": "#1"}
			}
		},
		{
			"from": [8, 0, 14.5],
			"to": [12, 4, 16],
			"rotation": {"angle": 0, "axis": "y", "origin": [8, 8, 14.39796]},
			"faces": {
				"north": {"uv": [0, 0, 16, 16], "texture": "#1"},
				"south": {"uv": [0, 0, 16, 16], "rotation": 180, "texture": "#1"},
				"up": {"uv": [0, 0, 16, 16], "texture": "#1"},
				"down": {"uv": [0, 0, 16, 16], "rotation": 180, "texture": "#1"}
			}
		},
		{
			"from": [12, 0, 14.5],
			"to": [16, 4, 16],
			"rotation": {"angle": 0, "axis": "y", "origin": [8, 8, 14.39796]},
			"faces": {
				"north": {"uv": [0, 0, 16, 16], "texture": "#1"},
				"east": {"uv": [0, 0, 16, 16], "rotation": 90, "texture": "#1"},
				"south": {"uv": [0, 0, 16, 16], "rotation": 180, "texture": "#1"},
				"down": {"uv": [0, 0, 16, 16], "rotation": 180, "texture": "#1"}
			}
		},
		{
			"from": [12, 4, 14.5],
			"to": [16, 8, 16],
			"rotation": {"angle": 0, "axis": "y", "origin": [8, 8, 14.39796]},
			"faces": {
				"north": {"uv": [0, 0, 16, 16], "texture": "#1"},
				"east": {"uv": [0, 0, 16, 16], "rotation": 90, "texture": "#1"},
				"south": {"uv": [0, 0, 16, 16], "rotation": 180, "texture": "#1"},
				"west": {"uv": [0, 0, 16, 16], "rotation": 270, "texture": "#1"}
			}
		},
		{
			"from": [12, 8, 14.5],
			"to": [16, 12, 16],
			"rotation": {"angle": 0, "axis": "y", "origin": [8, 8, 14.39796]},
			"faces": {
				"north": {"uv": [0, 0, 16, 16], "texture": "#1"},
				"east": {"uv": [0, 0, 16, 16], "rotation": 90, "texture": "#1"},
				"south": {"uv": [0, 0, 16, 16], "rotation": 180, "texture": "#1"},
				"west": {"uv": [0, 0, 16, 16], "rotation": 270, "texture": "#1"}
			}
		},
		{
			"from": [4, 4, 15.9],
			"to": [12, 12, 16],
			"rotation": {"angle": 0, "axis": "y", "origin": [8, 8, 14.39796]},
			"faces": {
				"north": {"uv": [0, 0, 16, 16], "texture": "#0"},
				"south": {"uv": [0, 0, 16, 16], "rotation": 180, "texture": "#0"}
			}
		},
		{
			"from": [0.8, 12.8, 13.8],
			"to": [3.2, 15.2, 13.8],
			"rotation": {"angle": 0, "axis": "y", "origin": [8, 8, 14.39796]},
			"faces": {
				"north": {"uv": [0, 0, 16, 16], "texture": "#2"},
				"south": {"uv": [0, 0, 16, 16], "rotation": 180, "texture": "#2"}
			}
		},
		{
			"from": [0.8, 0.8, 13.8],
			"to": [3.2, 3.2, 13.8],
			"rotation": {"angle": 0, "axis": "y", "origin": [8, 8, 14.39796]},
			"faces": {
				"north": {"uv": [0, 0, 16, 16], "texture": "#2"},
				"south": {"uv": [0, 0, 16, 16], "rotation": 180, "texture": "#2"}
			}
		},
		{
			"from": [12.8, 0.8, 13.8],
			"to": [15.2, 3.2, 13.8],
			"rotation": {"angle": 0, "axis": "y", "origin": [8, 8, 14.39796]},
			"faces": {
				"north": {"uv": [0, 0, 16, 16], "texture": "#2"},
				"south": {"uv": [0, 0, 16, 16], "rotation": 180, "texture": "#2"}
			}
		},
		{
			"from": [12.8, 12.8, 13.8],
			"to": [15.2, 15.2, 13.8],
			"rotation": {"angle": 0, "axis": "y", "origin": [8, 8, 14.39796]},
			"faces": {
				"north": {"uv": [0, 0, 16, 16], "texture": "#2"},
				"south": {"uv": [0, 0, 16, 16], "rotation": 180, "texture": "#2"}
			}
		},
		{
			"name": "hexadecagon",
			"from": [-0.72397, 6.8, 13.8],
			"to": [-0.24659, 9.2, 14.5],
			"rotation": {"angle": 45, "axis": "z", "origin": [8, 8, 14.39796]},
			"faces": {
				"south": {"uv": [0, 0, 1, 1], "rotation": 180, "texture": "#1"},
				"up": {"uv": [1, 0, 15, 8], "texture": "#1"},
				"down": {"uv": [1, 0, 15, 8], "rotation": 180, "texture": "#1"}
			}
		},
		{
			"name": "hexadecagon",
			"from": [-0.07807, 3.55282, 13.8],
			"to": [0.39931, 5.95282, 14.5],
			"rotation": {"angle": 22.5, "axis": "z", "origin": [8, 8, 14.39796]},
			"faces": {
				"south": {"uv": [0, 0, 1, 1], "rotation": 180, "texture": "#1"},
				"up": {"uv": [1, 0, 15, 8], "texture": "#1"},
				"down": {"uv": [1, 0, 15, 8], "rotation": 180, "texture": "#1"}
			}
		},
		{
			"name": "hexadecagon",
			"from": [1.76131, 0.8, 13.8],
			"to": [2.23869, 3.2, 14.5],
			"rotation": {"angle": 0, "axis": "y", "origin": [8, 8, 14.39796]},
			"faces": {
				"up": {"uv": [1, 0, 15, 8], "texture": "#1"},
				"down": {"uv": [1, 0, 15, 8], "rotation": 180, "texture": "#1"}
			}
		},
		{
			"name": "hexadecagon",
			"from": [4.51413, -1.03938, 13.8],
			"to": [4.99151, 1.36062, 14.5],
			"rotation": {"angle": -22.5, "axis": "z", "origin": [8, 8, 14.39796]},
			"faces": {
				"south": {"uv": [0, 0, 1, 1], "rotation": 180, "texture": "#1"},
				"up": {"uv": [1, 0, 15, 8], "texture": "#1"},
				"down": {"uv": [1, 0, 15, 8], "rotation": 180, "texture": "#1"}
			}
		},
		{
			"name": "hexadecagon",
			"from": [7.76131, -1.68528, 13.8],
			"to": [8.23869, 0.71472, 14.5],
			"rotation": {"angle": -45, "axis": "z", "origin": [8, 8, 14.39796]},
			"faces": {
				"south": {"uv": [0, 0, 1, 1], "rotation": 180, "texture": "#1"},
				"up": {"uv": [1, 0, 15, 8], "texture": "#1"},
				"down": {"uv": [1, 0, 15, 8], "rotation": 180, "texture": "#1"}
			}
		},
		{
			"name": "hexadecagon",
			"from": [-1.03938, 4.51413, 13.8],
			"to": [1.36062, 4.99151, 14.5],
			"rotation": {"angle": 22.5, "axis": "z", "origin": [8, 8, 14.39796]},
			"faces": {
				"east": {"uv": [1, 0, 15, 8], "rotation": 90, "texture": "#1"},
				"south": {"uv": [0, 0, 1, 1], "rotation": 180, "texture": "#1"},
				"west": {"uv": [1, 0, 15, 8], "rotation": 270, "texture": "#1"}
			}
		},
		{
			"name": "hexadecagon",
			"from": [0.8, 1.76131, 13.8],
			"to": [3.2, 2.23869, 14.5],
			"rotation": {"angle": 0, "axis": "y", "origin": [8, 8, 14.39796]},
			"faces": {
				"east": {"uv": [1, 0, 15, 8], "rotation": 90, "texture": "#1"},
				"west": {"uv": [1, 0, 15, 8], "rotation": 270, "texture": "#1"}
			}
		},
		{
			"name": "hexadecagon",
			"from": [3.55282, -0.07807, 13.8],
			"to": [5.95282, 0.39931, 14.5],
			"rotation": {"angle": -22.5, "axis": "z", "origin": [8, 8, 14.39796]},
			"faces": {
				"east": {"uv": [1, 0, 15, 8], "rotation": 90, "texture": "#1"},
				"south": {"uv": [0, 0, 1, 1], "rotation": 180, "texture": "#1"},
				"west": {"uv": [1, 0, 15, 8], "rotation": 270, "texture": "#1"}
			}
		},
		{
			"name": "hexadecagon",
			"from": [11.27603, 6.8, 13.8],
			"to": [11.75341, 9.2, 14.5],
			"rotation": {"angle": 45, "axis": "z", "origin": [20, 8, 14.39796]},
			"faces": {
				"south": {"uv": [0, 0, 1, 1], "rotation": 180, "texture": "#1"},
				"up": {"uv": [1, 0, 15, 8], "texture": "#1"},
				"down": {"uv": [1, 0, 15, 8], "rotation": 180, "texture": "#1"}
			}
		},
		{
			"name": "hexadecagon",
			"from": [11.92193, 3.55282, 13.8],
			"to": [12.39931, 5.95282, 14.5],
			"rotation": {"angle": 22.5, "axis": "z", "origin": [20, 8, 14.39796]},
			"faces": {
				"south": {"uv": [0, 0, 1, 1], "rotation": 180, "texture": "#1"},
				"up": {"uv": [1, 0, 15, 8], "texture": "#1"},
				"down": {"uv": [1, 0, 15, 8], "rotation": 180, "texture": "#1"}
			}
		},
		{
			"name": "hexadecagon",
			"from": [13.76131, 0.8, 13.8],
			"to": [14.23869, 3.2, 14.5],
			"rotation": {"angle": 0, "axis": "y", "origin": [20, 8, 14.39796]},
			"faces": {
				"up": {"uv": [1, 0, 15, 8], "texture": "#1"},
				"down": {"uv": [1, 0, 15, 8], "rotation": 180, "texture": "#1"}
			}
		},
		{
			"name": "hexadecagon",
			"from": [16.51413, -1.03938, 13.8],
			"to": [16.99151, 1.36062, 14.5],
			"rotation": {"angle": -22.5, "axis": "z", "origin": [20, 8, 14.39796]},
			"faces": {
				"south": {"uv": [0, 0, 1, 1], "rotation": 180, "texture": "#1"},
				"up": {"uv": [1, 0, 15, 8], "texture": "#1"},
				"down": {"uv": [1, 0, 15, 8], "rotation": 180, "texture": "#1"}
			}
		},
		{
			"name": "hexadecagon",
			"from": [19.76131, -1.68528, 13.8],
			"to": [20.23869, 0.71472, 14.5],
			"rotation": {"angle": -45, "axis": "z", "origin": [20, 8, 14.39796]},
			"faces": {
				"south": {"uv": [0, 0, 1, 1], "rotation": 180, "texture": "#1"},
				"up": {"uv": [1, 0, 15, 8], "texture": "#1"},
				"down": {"uv": [1, 0, 15, 8], "rotation": 180, "texture": "#1"}
			}
		},
		{
			"name": "hexadecagon",
			"from": [10.96062, 4.51413, 13.8],
			"to": [13.36062, 4.99151, 14.5],
			"rotation": {"angle": 22.5, "axis": "z", "origin": [20, 8, 14.39796]},
			"faces": {
				"east": {"uv": [1, 0, 15, 8], "rotation": 90, "texture": "#1"},
				"south": {"uv": [0, 0, 1, 1], "rotation": 180, "texture": "#1"},
				"west": {"uv": [1, 0, 15, 8], "rotation": 270, "texture": "#1"}
			}
		},
		{
			"name": "hexadecagon",
			"from": [12.8, 1.76131, 13.8],
			"to": [15.2, 2.23869, 14.5],
			"rotation": {"angle": 0, "axis": "y", "origin": [20, 8, 14.39796]},
			"faces": {
				"east": {"uv": [1, 0, 15, 8], "rotation": 90, "texture": "#1"},
				"west": {"uv": [1, 0, 15, 8], "rotation": 270, "texture": "#1"}
			}
		},
		{
			"name": "hexadecagon",
			"from": [15.55282, -0.07807, 13.8],
			"to": [17.95282, 0.39931, 14.5],
			"rotation": {"angle": -22.5, "axis": "z", "origin": [20, 8, 14.39796]},
			"faces": {
				"east": {"uv": [1, 0, 15, 8], "rotation": 90, "texture": "#1"},
				"south": {"uv": [0, 0, 1, 1], "rotation": 180, "texture": "#1"},
				"west": {"uv": [1, 0, 15, 8], "rotation": 270, "texture": "#1"}
			}
		},
		{
			"name": "hexadecagon",
			"from": [11.27603, 18.8, 13.8],
			"to": [11.75341, 21.2, 14.5],
			"rotation": {"angle": 45, "axis": "z", "origin": [20, 20, 14.39796]},
			"faces": {
				"south": {"uv": [0, 0, 1, 1], "rotation": 180, "texture": "#1"},
				"up": {"uv": [1, 0, 15, 8], "texture": "#1"},
				"down": {"uv": [1, 0, 15, 8], "rotation": 180, "texture": "#1"}
			}
		},
		{
			"name": "hexadecagon",
			"from": [11.92193, 15.55282, 13.8],
			"to": [12.39931, 17.95282, 14.5],
			"rotation": {"angle": 22.5, "axis": "z", "origin": [20, 20, 14.39796]},
			"faces": {
				"south": {"uv": [0, 0, 1, 1], "rotation": 180, "texture": "#1"},
				"up": {"uv": [1, 0, 15, 8], "texture": "#1"},
				"down": {"uv": [1, 0, 15, 8], "rotation": 180, "texture": "#1"}
			}
		},
		{
			"name": "hexadecagon",
			"from": [13.76131, 12.8, 13.8],
			"to": [14.23869, 15.2, 14.5],
			"rotation": {"angle": 0, "axis": "y", "origin": [20, 20, 14.39796]},
			"faces": {
				"up": {"uv": [1, 0, 15, 8], "texture": "#1"},
				"down": {"uv": [1, 0, 15, 8], "rotation": 180, "texture": "#1"}
			}
		},
		{
			"name": "hexadecagon",
			"from": [16.51413, 10.96062, 13.8],
			"to": [16.99151, 13.36062, 14.5],
			"rotation": {"angle": -22.5, "axis": "z", "origin": [20, 20, 14.39796]},
			"faces": {
				"south": {"uv": [0, 0, 1, 1], "rotation": 180, "texture": "#1"},
				"up": {"uv": [1, 0, 15, 8], "texture": "#1"},
				"down": {"uv": [1, 0, 15, 8], "rotation": 180, "texture": "#1"}
			}
		},
		{
			"name": "hexadecagon",
			"from": [19.76131, 10.31472, 13.8],
			"to": [20.23869, 12.71472, 14.5],
			"rotation": {"angle": -45, "axis": "z", "origin": [20, 20, 14.39796]},
			"faces": {
				"south": {"uv": [0, 0, 1, 1], "rotation": 180, "texture": "#1"},
				"up": {"uv": [1, 0, 15, 8], "texture": "#1"},
				"down": {"uv": [1, 0, 15, 8], "rotation": 180, "texture": "#1"}
			}
		},
		{
			"name": "hexadecagon",
			"from": [10.96062, 16.51413, 13.8],
			"to": [13.36062, 16.99151, 14.5],
			"rotation": {"angle": 22.5, "axis": "z", "origin": [20, 20, 14.39796]},
			"faces": {
				"east": {"uv": [1, 0, 15, 8], "rotation": 90, "texture": "#1"},
				"south": {"uv": [0, 0, 1, 1], "rotation": 180, "texture": "#1"},
				"west": {"uv": [1, 0, 15, 8], "rotation": 270, "texture": "#1"}
			}
		},
		{
			"name": "hexadecagon",
			"from": [12.8, 13.76131, 13.8],
			"to": [15.2, 14.23869, 14.5],
			"rotation": {"angle": 0, "axis": "y", "origin": [20, 20, 14.39796]},
			"faces": {
				"east": {"uv": [1, 0, 15, 8], "rotation": 90, "texture": "#1"},
				"west": {"uv": [1, 0, 15, 8], "rotation": 270, "texture": "#1"}
			}
		},
		{
			"name": "hexadecagon",
			"from": [15.55282, 11.92193, 13.8],
			"to": [17.95282, 12.39931, 14.5],
			"rotation": {"angle": -22.5, "axis": "z", "origin": [20, 20, 14.39796]},
			"faces": {
				"east": {"uv": [1, 0, 15, 8], "rotation": 90, "texture": "#1"},
				"south": {"uv": [0, 0, 1, 1], "rotation": 180, "texture": "#1"},
				"west": {"uv": [1, 0, 15, 8], "rotation": 270, "texture": "#1"}
			}
		},
		{
			"name": "hexadecagon",
			"from": [-0.72397, 18.8, 13.8],
			"to": [-0.24659, 21.2, 14.5],
			"rotation": {"angle": 45, "axis": "z", "origin": [8, 20, 14.39796]},
			"faces": {
				"south": {"uv": [0, 0, 1, 1], "rotation": 180, "texture": "#1"},
				"up": {"uv": [1, 0, 15, 8], "texture": "#1"},
				"down": {"uv": [1, 0, 15, 8], "rotation": 180, "texture": "#1"}
			}
		},
		{
			"name": "hexadecagon",
			"from": [-0.07807, 15.55282, 13.8],
			"to": [0.39931, 17.95282, 14.5],
			"rotation": {"angle": 22.5, "axis": "z", "origin": [8, 20, 14.39796]},
			"faces": {
				"south": {"uv": [0, 0, 1, 1], "rotation": 180, "texture": "#1"},
				"up": {"uv": [1, 0, 15, 8], "texture": "#1"},
				"down": {"uv": [1, 0, 15, 8], "rotation": 180, "texture": "#1"}
			}
		},
		{
			"name": "hexadecagon",
			"from": [1.76131, 12.8, 13.8],
			"to": [2.23869, 15.2, 14.5],
			"rotation": {"angle": 0, "axis": "y", "origin": [8, 20, 14.39796]},
			"faces": {
				"up": {"uv": [1, 0, 15, 8], "texture": "#1"},
				"down": {"uv": [1, 0, 15, 8], "rotation": 180, "texture": "#1"}
			}
		},
		{
			"name": "hexadecagon",
			"from": [4.51413, 10.96062, 13.8],
			"to": [4.99151, 13.36062, 14.5],
			"rotation": {"angle": -22.5, "axis": "z", "origin": [8, 20, 14.39796]},
			"faces": {
				"south": {"uv": [0, 0, 1, 1], "rotation": 180, "texture": "#1"},
				"up": {"uv": [1, 0, 15, 8], "texture": "#1"},
				"down": {"uv": [1, 0, 15, 8], "rotation": 180, "texture": "#1"}
			}
		},
		{
			"name": "hexadecagon",
			"from": [7.76131, 10.31472, 13.8],
			"to": [8.23869, 12.71472, 14.5],
			"rotation": {"angle": -45, "axis": "z", "origin": [8, 20, 14.39796]},
			"faces": {
				"south": {"uv": [0, 0, 1, 1], "rotation": 180, "texture": "#1"},
				"up": {"uv": [1, 0, 15, 8], "texture": "#1"},
				"down": {"uv": [1, 0, 15, 8], "rotation": 180, "texture": "#1"}
			}
		},
		{
			"name": "hexadecagon",
			"from": [-1.03938, 16.51413, 13.8],
			"to": [1.36062, 16.99151, 14.5],
			"rotation": {"angle": 22.5, "axis": "z", "origin": [8, 20, 14.39796]},
			"faces": {
				"east": {"uv": [1, 0, 15, 8], "rotation": 90, "texture": "#1"},
				"south": {"uv": [0, 0, 1, 1], "rotation": 180, "texture": "#1"},
				"west": {"uv": [1, 0, 15, 8], "rotation": 270, "texture": "#1"}
			}
		},
		{
			"name": "hexadecagon",
			"from": [0.8, 13.76131, 13.8],
			"to": [3.2, 14.23869, 14.5],
			"rotation": {"angle": 0, "axis": "y", "origin": [8, 20, 14.39796]},
			"faces": {
				"east": {"uv": [1, 0, 15, 8], "rotation": 90, "texture": "#1"},
				"west": {"uv": [1, 0, 15, 8], "rotation": 270, "texture": "#1"}
			}
		},
		{
			"name": "hexadecagon",
			"from": [3.55282, 11.92193, 13.8],
			"to": [5.95282, 12.39931, 14.5],
			"rotation": {"angle": -22.5, "axis": "z", "origin": [8, 20, 14.39796]},
			"faces": {
				"east": {"uv": [1, 0, 15, 8], "rotation": 90, "texture": "#1"},
				"south": {"uv": [0, 0, 1, 1], "rotation": 180, "texture": "#1"},
				"west": {"uv": [1, 0, 15, 8], "rotation": 270, "texture": "#1"}
			}
		}
	],
	"groups": [
		0,
		1,
		2,
		3,
		4,
		5,
		6,
		7,
		8,
		9,
		10,
		11,
		12,
		13,
		14,
		15,
		16,
		{
			"name": "group",
			"origin": [14, 2, 2],
			"color": 0,
			"children": [17, 18, 19, 20, 21, 22, 23, 24]
		},
		{
			"name": "group",
			"origin": [14, 2, 2],
			"color": 0,
			"children": [25, 26, 27, 28, 29, 30, 31, 32]
		},
		{
			"name": "group",
			"origin": [14, 2, 2],
			"color": 0,
			"children": [33, 34, 35, 36, 37, 38, 39, 40]
		},
		{
			"name": "group",
			"origin": [14, 2, 2],
			"color": 0,
			"children": [41, 42, 43, 44, 45, 46, 47, 48]
		}
	]
}