{
	"credit": "Made with Blockbench",
	"textures": {
		"0": "block/grass_base",
		"2": "block/grass_base_B",
		"3": "block/grass",
		"particle": "block/grass_base"
	},
	"elements": [
		{
			"from": [7, -1, 6],
			"to": [10, 7, 10],
			"faces": {
				"north": {"uv": [0, 0, 2, 8], "texture": "#0", "tintindex": 0},
				"south": {"uv": [0, 0, 2, 8], "texture": "#0", "tintindex": 0},
				"up": {"uv": [0, 0, 2, 4], "texture": "#0", "tintindex": 0},
				"down": {"uv": [0, 0, 2, 4], "texture": "#0", "tintindex": 0}
			}
		},
		{
			"from": [7, -1, 6],
			"to": [7, 7, 10],
			"faces": {
				"east": {"uv": [0, 0, 16, 16], "texture": "#2", "tintindex": 0},
				"west": {"uv": [0, 0, 16, 16], "texture": "#2", "tintindex": 0}
			}
		},
		{
			"from": [10, -1, 6],
			"to": [10, 7, 10],
			"faces": {
				"east": {"uv": [0, 0, 16, 16], "texture": "#2", "tintindex": 0},
				"west": {"uv": [0, 0, 16, 16], "texture": "#2", "tintindex": 0}
			}
		},
		{
			"from": [8, 11, 6],
			"to": [9, 16, 7],
			"faces": {
				"north": {"uv": [0, 0, 1, 5], "texture": "#0", "tintindex": 0},
				"south": {"uv": [0, 0, 1, 5], "texture": "#0", "tintindex": 0},
				"up": {"uv": [0, 0, 1, 1], "texture": "#0", "tintindex": 0}
			}
		},
		{
			"from": [8, 10, 7],
			"to": [9, 13, 8],
			"faces": {
				"north": {"uv": [0, 0, 1, 3], "texture": "#0", "tintindex": 0},
				"south": {"uv": [0, 0, 1, 3], "texture": "#0", "tintindex": 0},
				"up": {"uv": [0, 0, 1, 1], "texture": "#0", "tintindex": 0}
			}
		},
		{
			"from": [8, 10, 8],
			"to": [9, 10, 9],
			"faces": {
				"up": {"uv": [0, 0, 1, 1], "texture": "#0", "tintindex": 0},
				"down": {"uv": [0, 0, 1, 1], "texture": "#0", "tintindex": 0}
			}
		},
		{
			"from": [8, 10, 9],
			"to": [9, 14, 10],
			"faces": {
				"north": {"uv": [0, 0, 1, 4], "texture": "#0", "tintindex": 0},
				"south": {"uv": [0, 0, 1, 4], "texture": "#0", "tintindex": 0},
				"up": {"uv": [0, 0, 1, 1], "texture": "#0", "tintindex": 0}
			}
		},
		{
			"from": [8, 8, 10],
			"to": [9, 12, 11],
			"faces": {
				"north": {"uv": [0, 0, 1, 4], "texture": "#0", "tintindex": 0},
				"south": {"uv": [0, 0, 1, 4], "texture": "#0", "tintindex": 0},
				"up": {"uv": [0, 0, 1, 1], "texture": "#0", "tintindex": 0}
			}
		},
		{
			"from": [8, 8, 11],
			"to": [9, 8, 12],
			"faces": {
				"up": {"uv": [0, 0, 1, 1], "texture": "#0", "tintindex": 0},
				"down": {"uv": [0, 0, 1, 1], "texture": "#0", "tintindex": 0}
			}
		},
		{
			"from": [8, 6, 12],
			"to": [9, 10, 13],
			"faces": {
				"north": {"uv": [0, 0, 1, 4], "texture": "#0", "tintindex": 0},
				"south": {"uv": [0, 0, 1, 4], "texture": "#0", "tintindex": 0},
				"up": {"uv": [0, 0, 1, 1], "texture": "#0", "tintindex": 0}
			}
		},
		{
			"from": [8, 6, 13],
			"to": [9, 6, 14],
			"faces": {
				"up": {"uv": [0, 0, 1, 1], "texture": "#0", "tintindex": 0},
				"down": {"uv": [0, 0, 1, 1], "texture": "#0", "tintindex": 0}
			}
		},
		{
			"from": [8, 2, 14],
			"to": [9, 7, 15],
			"faces": {
				"north": {"uv": [0, 0, 1, 5], "texture": "#0", "tintindex": 0},
				"south": {"uv": [0, 0, 1, 5], "texture": "#0", "tintindex": 0},
				"up": {"uv": [0, 0, 1, 1], "texture": "#0", "tintindex": 0}
			}
		},
		{
			"from": [8, 8, 4],
			"to": [9, 13, 5],
			"faces": {
				"north": {"uv": [0, 0, 1, 5], "texture": "#0", "tintindex": 0},
				"south": {"uv": [0, 0, 1, 5], "texture": "#0", "tintindex": 0},
				"up": {"uv": [0, 0, 1, 1], "texture": "#0", "tintindex": 0}
			}
		},
		{
			"from": [8, 8, 3],
			"to": [9, 8, 4],
			"faces": {
				"up": {"uv": [0, 0, 1, 1], "texture": "#0", "tintindex": 0},
				"down": {"uv": [0, 0, 1, 1], "texture": "#0", "tintindex": 0}
			}
		},
		{
			"from": [8, 2, 2],
			"to": [9, 9, 3],
			"faces": {
				"north": {"uv": [0, 0, 1, 7], "texture": "#0", "tintindex": 0},
				"south": {"uv": [0, 0, 1, 7], "texture": "#0", "tintindex": 0},
				"up": {"uv": [0, 0, 1, 1], "texture": "#0", "tintindex": 0}
			}
		},
		{
			"from": [8, 2, 1],
			"to": [9, 5, 2],
			"faces": {
				"north": {"uv": [0, 0, 1, 3], "texture": "#0", "tintindex": 0},
				"south": {"uv": [0, 0, 1, 3], "texture": "#0", "tintindex": 0},
				"up": {"uv": [0, 0, 1, 1], "texture": "#0", "tintindex": 0}
			}
		},
		{
			"from": [8, 11, 5],
			"to": [9, 11, 6],
			"faces": {
				"up": {"uv": [0, 0, 1, 1], "texture": "#0", "tintindex": 0},
				"down": {"uv": [0, 0, 1, 1], "texture": "#0", "tintindex": 0}
			}
		},
		{
			"from": [8, 0, 0],
			"to": [8, 16, 16],
			"faces": {
				"north": {"uv": [0, 0, 0, 16], "texture": "#missing", "tintindex": 0},
				"east": {"uv": [16, 0, 0, 16], "texture": "#3", "tintindex": 0},
				"south": {"uv": [0, 0, 0, 16], "texture": "#missing", "tintindex": 0},
				"west": {"uv": [0, 0, 16, 16], "texture": "#3", "tintindex": 0},
				"up": {"uv": [0, 0, 0, 16], "texture": "#missing", "tintindex": 0},
				"down": {"uv": [0, 0, 0, 16], "texture": "#missing", "tintindex": 0}
			}
		},
		{
			"from": [9, 0, 0],
			"to": [9, 16, 16],
			"faces": {
				"north": {"uv": [0, 0, 0, 16], "texture": "#missing", "tintindex": 0},
				"east": {"uv": [16, 0, 0, 16], "texture": "#3", "tintindex": 0},
				"south": {"uv": [0, 0, 0, 16], "texture": "#missing", "tintindex": 0},
				"west": {"uv": [0, 0, 16, 16], "texture": "#3", "tintindex": 0},
				"up": {"uv": [0, 0, 0, 16], "texture": "#missing", "tintindex": 0},
				"down": {"uv": [0, 0, 0, 16], "texture": "#missing", "tintindex": 0}
			}
		},
		{
			"from": [8, 2, 1],
			"to": [9, 2, 15],
			"faces": {
				"up": {"uv": [0, 0, 1, 14], "texture": "#0", "tintindex": 0},
				"down": {"uv": [0, 0, 1, 14], "texture": "#0", "tintindex": 0}
			}
		}
	],
	"display": {
		"firstperson_righthand": {
			"translation": [0.25, 4, 0],
			"scale": [0.8, 0.8, 0.6]
		},
		"firstperson_lefthand": {
			"translation": [1, 4, 0],
			"scale": [0.8, 0.8, 0.6]
		},
		"ground": {
			"translation": [0, 6, 0]
		},
		"gui": {
			"rotation": [45, 53, 0],
			"translation": [-0.25, 0, 0]
		},
		"fixed": {
			"rotation": [0, 90, 0]
		}
	}
}