{
	"credit": "Made with Blockbench",
	"ambientocclusion": false,
	"texture_size": [32, 32],
	"textures": {
		"0": "block/items/hopper",
		"particle": "block/items/hopper"
	},
	"elements": [
		{
			"from": [0, 10, 12],
			"to": [16, 16, 16],
			"faces": {
				"north": {"uv": [0, 0, 8, 3], "texture": "#0", "cullface": "north"},
				"east": {"uv": [0, 3, 2, 6], "texture": "#0", "cullface": "east"},
				"south": {"uv": [0, 0, 8, 3], "texture": "#0", "cullface": "south"},
				"west": {"uv": [0, 3, 2, 6], "texture": "#0", "cullface": "west"},
				"up": {"uv": [16, 2, 8, 0], "texture": "#0", "cullface": "up"},
				"down": {"uv": [16, 0, 8, 2], "texture": "#0"}
			}
		},
		{
			"from": [1, 10, 0],
			"to": [15, 16, 4],
			"shade": false,
			"faces": {
				"north": {"uv": [8, 0, 0, 3], "texture": "#0", "cullface": "north"},
				"east": {"uv": [2, 3, 0, 6], "texture": "#0", "cullface": "east"},
				"south": {"uv": [8, 0, 0, 3], "texture": "#0", "cullface": "south"},
				"west": {"uv": [2, 3, 0, 6], "texture": "#0", "cullface": "west"},
				"up": {"uv": [8, 2, 16, 0], "texture": "#0", "cullface": "up"},
				"down": {"uv": [8, 0, 16, 2], "texture": "#0"}
			}
		},
		{
			"from": [0, 10, 4],
			"to": [4, 16, 12],
			"rotation": {"angle": 0, "axis": "y", "origin": [2, 13, 8]},
			"faces": {
				"north": {"uv": [6.5, 3, 8.5, 6], "texture": "#0", "cullface": "north"},
				"east": {"uv": [2, 3, 6.5, 6], "texture": "#0", "cullface": "up"},
				"south": {"uv": [6.5, 3, 8.5, 6], "texture": "#0", "cullface": "south"},
				"west": {"uv": [2, 3, 6.5, 6], "texture": "#0", "cullface": "west"},
				"up": {"uv": [10.5, 6.5, 8.5, 2], "texture": "#0", "cullface": "up"},
				"down": {"uv": [10.5, 2, 8.5, 6.5], "texture": "#0"}
			}
		},
		{
			"from": [11, 6, 0],
			"to": [14, 10, 13],
			"shade": false,
			"faces": {
				"north": {"uv": [8, 6, 6.5, 8], "texture": "#0"},
				"east": {"uv": [6.5, 6, 0, 8], "texture": "#0"},
				"south": {"uv": [8, 6, 6.5, 8], "texture": "#0"},
				"west": {"uv": [6.5, 6, 0, 8], "texture": "#0"},
				"up": {"uv": [14.5, 8.5, 16, 2], "texture": "#0"},
				"down": {"uv": [14.5, 2, 16, 8.5], "texture": "#0"}
			}
		},
		{
			"from": [10, 0, 0],
			"to": [13, 6, 10],
			"shade": false,
			"faces": {
				"north": {"uv": [13, 5, 11.5, 8], "texture": "#0"},
				"east": {"uv": [14.5, 2, 10.5, 5], "texture": "#0"},
				"south": {"uv": [13, 5, 11.5, 8], "texture": "#0"},
				"west": {"uv": [14.5, 2, 10.5, 5], "texture": "#0"},
				"up": {"uv": [13, 9, 14.5, 5], "texture": "#0"},
				"down": {"uv": [13, 5, 14.5, 9], "texture": "#0"}
			}
		},
		{
			"from": [3, 0, 0],
			"to": [6, 6, 10],
			"shade": false,
			"faces": {
				"north": {"uv": [13, 5, 11.5, 8], "texture": "#0"},
				"east": {"uv": [14.5, 2, 10.5, 5], "texture": "#0"},
				"south": {"uv": [13, 5, 11.5, 8], "texture": "#0"},
				"west": {"uv": [14.5, 2, 10.5, 5], "texture": "#0"},
				"up": {"uv": [13, 9, 14.5, 5], "texture": "#0"},
				"down": {"uv": [13, 5, 14.5, 9], "texture": "#0"}
			}
		},
		{
			"from": [2, 6, 0],
			"to": [5, 10, 13],
			"shade": false,
			"faces": {
				"north": {"uv": [8, 6, 6.5, 8], "texture": "#0"},
				"east": {"uv": [6.5, 6, 0, 8], "texture": "#0"},
				"south": {"uv": [8, 6, 6.5, 8], "texture": "#0"},
				"west": {"uv": [6.5, 6, 0, 8], "texture": "#0"},
				"up": {"uv": [14.5, 8.5, 16, 2], "texture": "#0"},
				"down": {"uv": [14.5, 2, 16, 8.5], "texture": "#0"}
			}
		},
		{
			"from": [5, 6, 9],
			"to": [11, 10, 12],
			"shade": false,
			"faces": {
				"north": {"uv": [6, 8, 3, 10], "texture": "#0"},
				"east": {"uv": [1.5, 9.5, 0, 11.5], "texture": "#0"},
				"south": {"uv": [6, 8, 3, 10], "texture": "#0"},
				"west": {"uv": [1.5, 9.5, 0, 11.5], "texture": "#0"},
				"up": {"uv": [0, 9.5, 3, 8], "texture": "#0"},
				"down": {"uv": [0, 8, 3, 9.5], "texture": "#0"}
			}
		},
		{
			"from": [5, 6, 0],
			"to": [11, 10, 3],
			"shade": false,
			"faces": {
				"north": {"uv": [6, 8, 3, 10], "texture": "#0"},
				"east": {"uv": [1.5, 9.5, 0, 11.5], "texture": "#0"},
				"south": {"uv": [6, 8, 3, 10], "texture": "#0"},
				"west": {"uv": [1.5, 9.5, 0, 11.5], "texture": "#0"},
				"up": {"uv": [0, 9.5, 3, 8], "texture": "#0"},
				"down": {"uv": [0, 8, 3, 9.5], "texture": "#0"}
			}
		},
		{
			"from": [6, 2, 8.5],
			"to": [10, 8, 11.5],
			"shade": false,
			"faces": {
				"north": {"uv": [2, 11.5, 0, 14.5], "texture": "#0"},
				"east": {"uv": [3.5, 11.5, 2, 14.5], "texture": "#0"},
				"south": {"uv": [2, 11.5, 0, 14.5], "texture": "#0"},
				"west": {"uv": [3.5, 11.5, 2, 14.5], "texture": "#0"},
				"up": {"uv": [4, 11.5, 6, 10], "texture": "#0"},
				"down": {"uv": [4, 10, 6, 11.5], "texture": "#0"}
			}
		},
		{
			"from": [6, 0, 0],
			"to": [10, 2, 10],
			"shade": false,
			"faces": {
				"north": {"uv": [2, 3.5, 0, 5.5], "texture": "#0"},
				"east": {"uv": [3.5, 11.5, 2, 14.5], "texture": "#0"},
				"south": {"uv": [2, 3.5, 0, 5.5], "texture": "#0"},
				"west": {"uv": [3.5, 11.5, 2, 14.5], "texture": "#0"},
				"up": {"uv": [4, 11.5, 6, 10], "texture": "#0"},
				"down": {"uv": [0, 0.5, 6, 2.5], "texture": "#0"}
			}
		},
		{
			"from": [12, 10, 4],
			"to": [16, 16, 12],
			"faces": {
				"north": {"uv": [6.5, 3, 8.5, 6], "texture": "#0"},
				"east": {"uv": [2.5, 3, 6.5, 6], "texture": "#0"},
				"south": {"uv": [6.5, 3, 8.5, 6], "texture": "#0"},
				"west": {"uv": [2.5, 3, 6.5, 6], "texture": "#0"},
				"up": {"uv": [8.5, 2.5, 10.5, 6.5], "texture": "#0"},
				"down": {"uv": [8.5, 2.5, 10.5, 6.5], "texture": "#0"}
			}
		}
	],
	"display": {
		"thirdperson_righthand": {
			"translation": [0, 1, -2],
			"scale": [0.5, 0.5, 0.5]
		},
		"thirdperson_lefthand": {
			"translation": [0, 1, -1.75],
			"scale": [0.5, 0.5, 0.5]
		},
		"firstperson_righthand": {
			"rotation": [40, 0, -14],
			"scale": [0.5, 0.5, 0.5]
		},
		"firstperson_lefthand": {
			"rotation": [40, 0, -13],
			"scale": [0.5, 0.5, 0.5]
		},
		"ground": {
			"translation": [0, 6.5, 0]
		},
		"gui": {
			"rotation": [20, 40, 0],
			"translation": [0.25, -0.75, 0],
			"scale": [0.59, 0.58, 0.58]
		},
		"head": {
			"translation": [0, 14.5, 0]
		},
		"fixed": {
			"translation": [0, 0, -2.75],
			"scale": [0.8, 0.8, 0.5]
		}
	},
	"groups": [
		0,
		1,
		2,
		3,
		4,
		5,
		6,
		{
			"name": "group",
			"origin": [0, 0, 0],
			"color": 0,
			"children": [7, 8, 9, 10]
		},
		11
	]
}