{
	"credit": "Made with Blockbench",
	"parent": "block/block",
	"textures": {
		"0": "block/jungle_gate",
		"1": "block/jungle_gate_top",
		"particle": "block/jungle_gate"
	},
	"elements": [
		{
			"from": [0, 4, 7],
			"to": [16, 16, 9],
			"faces": {
				"north": {"uv": [0, 2, 16, 14], "texture": "#0"},
				"east": {"uv": [0, 2, 2, 14], "texture": "#0"},
				"south": {"uv": [0, 2, 16, 14], "texture": "#0"},
				"west": {"uv": [0, 2, 2, 14], "texture": "#0"}
			}
		},
		{
			"from": [0, 4, 7],
			"to": [8, 4, 9],
			"faces": {
				"north": {"uv": [0, 0, 8, 0], "texture": "#missing"},
				"east": {"uv": [0, 0, 2, 0], "texture": "#missing"},
				"south": {"uv": [0, 0, 8, 0], "texture": "#missing"},
				"west": {"uv": [0, 0, 2, 0], "texture": "#missing"},
				"up": {"uv": [0, 0, 8, 2], "texture": "#missing"},
				"down": {"uv": [4, 7, 12, 9], "texture": "#1"}
			}
		},
		{
			"from": [8, 4, 7],
			"to": [16, 4, 9],
			"faces": {
				"north": {"uv": [0, 0, 8, 0], "texture": "#missing"},
				"east": {"uv": [0, 0, 2, 0], "texture": "#missing"},
				"south": {"uv": [0, 0, 8, 0], "texture": "#missing"},
				"west": {"uv": [0, 0, 2, 0], "texture": "#missing"},
				"up": {"uv": [0, 0, 8, 2], "texture": "#missing"},
				"down": {"uv": [4, 7, 12, 9], "texture": "#1"}
			}
		},
		{
			"from": [8, 16, 7],
			"to": [16, 16, 9],
			"faces": {
				"north": {"uv": [0, 0, 8, 0], "texture": "#missing"},
				"east": {"uv": [0, 0, 2, 0], "texture": "#missing"},
				"south": {"uv": [0, 0, 8, 0], "texture": "#missing"},
				"west": {"uv": [0, 0, 2, 0], "texture": "#missing"},
				"up": {"uv": [4, 7, 12, 9], "texture": "#1"},
				"down": {"uv": [4, 7, 12, 9], "texture": "#1"}
			}
		},
		{
			"from": [0, 16, 7],
			"to": [8, 16, 9],
			"faces": {
				"north": {"uv": [0, 0, 8, 0], "texture": "#missing"},
				"east": {"uv": [0, 0, 2, 0], "texture": "#missing"},
				"south": {"uv": [0, 0, 8, 0], "texture": "#missing"},
				"west": {"uv": [0, 0, 2, 0], "texture": "#missing"},
				"up": {"uv": [4, 7, 12, 9], "texture": "#1"},
				"down": {"uv": [4, 7, 12, 9], "texture": "#1"}
			}
		}
	],
	"display": {
		"gui": {
			"rotation": [30, 45, 0],
			"translation": [0, -1, 0],
			"scale": [0.8, 0.8, 0.8]
		},
		"head": {
			"translation": [0, -3, -6]
		}
	}
}