{
	"credit": "Made with Blockbench",
	"texture_size": [256, 256],
	"textures": {
		"0": "block/saplings/sapling_base",
		"1": "block/saplings/green_circle_hollow",
		"3": "block/saplings/jungle_wood",
		"4": "block/saplings/oak_leaf",
		"5": "block/saplings/oak_leaf_B",
		"particle": "block/saplings/oak_leaf"
	},
	"elements": [
		{
			"from": [4, 0, 4],
			"to": [12, 1.6, 12],
			"rotation": {"angle": 0, "axis": "y", "origin": [0, 1.5, 0]},
			"faces": {
				"north": {"uv": [0, 0, 16, 16], "texture": "#0", "tintindex": 0},
				"east": {"uv": [0, 0, 16, 16], "texture": "#0", "tintindex": 0},
				"south": {"uv": [0, 0, 16, 16], "texture": "#0", "tintindex": 0},
				"west": {"uv": [0, 0, 16, 16], "texture": "#0", "tintindex": 0},
				"up": {"uv": [0, 0, 16, 16], "texture": "#0", "tintindex": 0},
				"down": {"uv": [0, 0, 16, 16], "texture": "#0", "tintindex": 0}
			}
		},
		{
			"name": "hexadecagon",
			"from": [7.76131, 1.6, 6.8],
			"to": [8.23869, 2.3, 7.2],
			"rotation": {"angle": -45, "axis": "y", "origin": [8, 2, 8]},
			"faces": {
				"north": {"uv": [2.0625, 0, 13.875, 3.9375], "texture": "#0"},
				"south": {"uv": [0, 0, 16, 8], "texture": "#0"},
				"down": {"uv": [0, 0, 0.125, 0.125], "texture": "#0"}
			}
		},
		{
			"name": "hexadecagon",
			"from": [7.76131, 1.6, 6.8],
			"to": [8.23869, 2.3, 7.2],
			"rotation": {"angle": -22.5, "axis": "y", "origin": [8, 2, 8]},
			"faces": {
				"north": {"uv": [2.0625, 0, 13.875, 3.9375], "texture": "#0"},
				"south": {"uv": [0, 0, 16, 8], "texture": "#0"},
				"down": {"uv": [0, 0, 0.125, 0.125], "texture": "#0"}
			}
		},
		{
			"name": "hexadecagon",
			"from": [7.76131, 1.6, 6.8],
			"to": [8.23869, 2.3, 7.2],
			"rotation": {"angle": 0, "axis": "y", "origin": [8, 2, 8]},
			"faces": {
				"north": {"uv": [2.0625, 0, 13.875, 3.9375], "texture": "#0"},
				"south": {"uv": [0, 0, 16, 8], "texture": "#0"}
			}
		},
		{
			"name": "hexadecagon",
			"from": [7.76131, 1.6, 6.8],
			"to": [8.23869, 2.3, 7.2],
			"rotation": {"angle": 22.5, "axis": "y", "origin": [8, 2, 8]},
			"faces": {
				"north": {"uv": [2.0625, 0, 13.875, 3.9375], "texture": "#0"},
				"south": {"uv": [0, 0, 16, 8], "texture": "#0"},
				"down": {"uv": [0, 0, 0.125, 0.125], "texture": "#0"}
			}
		},
		{
			"name": "hexadecagon",
			"from": [7.76131, 1.6, 6.8],
			"to": [8.23869, 2.3, 7.2],
			"rotation": {"angle": 45, "axis": "y", "origin": [8, 2, 8]},
			"faces": {
				"north": {"uv": [2.0625, 0, 13.875, 3.9375], "texture": "#0"},
				"south": {"uv": [0, 0, 16, 8], "texture": "#0"},
				"down": {"uv": [0, 0, 0.125, 0.125], "texture": "#0"}
			}
		},
		{
			"name": "hexadecagon",
			"from": [7.76131, 1.6, 8.8],
			"to": [8.23869, 2.3, 9.2],
			"rotation": {"angle": -45, "axis": "y", "origin": [8, 2, 8]},
			"faces": {
				"north": {"uv": [0, 0, 16, 8], "texture": "#0"},
				"south": {"uv": [2.0625, 0, 13.875, 3.9375], "texture": "#0"},
				"down": {"uv": [0, 0, 0.125, 0.125], "texture": "#0"}
			}
		},
		{
			"name": "hexadecagon",
			"from": [7.76131, 1.6, 8.8],
			"to": [8.23869, 2.3, 9.2],
			"rotation": {"angle": -22.5, "axis": "y", "origin": [8, 2, 8]},
			"faces": {
				"north": {"uv": [0, 0, 16, 8], "texture": "#0"},
				"south": {"uv": [2.0625, 0, 13.875, 3.9375], "texture": "#0"},
				"down": {"uv": [0, 0, 0.125, 0.125], "texture": "#0"}
			}
		},
		{
			"name": "hexadecagon",
			"from": [7.76131, 1.6, 8.8],
			"to": [8.23869, 2.3, 9.2],
			"rotation": {"angle": 0, "axis": "y", "origin": [8, 2, 8]},
			"faces": {
				"north": {"uv": [0, 0, 16, 8], "texture": "#0"},
				"south": {"uv": [2.0625, 0, 13.875, 3.9375], "texture": "#0"}
			}
		},
		{
			"name": "hexadecagon",
			"from": [7.76131, 1.6, 8.8],
			"to": [8.23869, 2.3, 9.2],
			"rotation": {"angle": 22.5, "axis": "y", "origin": [8, 2, 8]},
			"faces": {
				"north": {"uv": [0, 0, 16, 8], "texture": "#0"},
				"south": {"uv": [2.0625, 0, 13.875, 3.9375], "texture": "#0"},
				"down": {"uv": [0, 0, 0.125, 0.125], "texture": "#0"}
			}
		},
		{
			"name": "hexadecagon",
			"from": [7.76131, 1.6, 8.8],
			"to": [8.23869, 2.3, 9.2],
			"rotation": {"angle": 45, "axis": "y", "origin": [8, 2, 8]},
			"faces": {
				"north": {"uv": [0, 0, 16, 8], "texture": "#0"},
				"south": {"uv": [2.0625, 0, 13.875, 3.9375], "texture": "#0"},
				"down": {"uv": [0, 0, 0.125, 0.125], "texture": "#0"}
			}
		},
		{
			"name": "hexadecagon",
			"from": [6.8, 1.6, 7.76131],
			"to": [7.2, 2.3, 8.23869],
			"rotation": {"angle": -22.5, "axis": "y", "origin": [8, 2, 8]},
			"faces": {
				"east": {"uv": [0, 0, 16, 8], "texture": "#0"},
				"west": {"uv": [2.0625, 0, 13.875, 3.9375], "texture": "#0"},
				"down": {"uv": [0, 0, 0.125, 0.125], "texture": "#0"}
			}
		},
		{
			"name": "hexadecagon",
			"from": [6.8, 1.6, 7.76131],
			"to": [7.2, 2.3, 8.23869],
			"rotation": {"angle": 0, "axis": "y", "origin": [8, 2, 8]},
			"faces": {
				"east": {"uv": [0, 0, 16, 8], "texture": "#0"},
				"west": {"uv": [2.0625, 0, 13.875, 3.9375], "texture": "#0"}
			}
		},
		{
			"name": "hexadecagon",
			"from": [6.8, 1.6, 7.76131],
			"to": [7.2, 2.3, 8.23869],
			"rotation": {"angle": 22.5, "axis": "y", "origin": [8, 2, 8]},
			"faces": {
				"east": {"uv": [0, 0, 16, 8], "texture": "#0"},
				"west": {"uv": [2.0625, 0, 13.875, 3.9375], "texture": "#0"},
				"down": {"uv": [0, 0, 0.125, 0.125], "texture": "#0"}
			}
		},
		{
			"name": "hexadecagon",
			"from": [8.8, 1.6, 7.76131],
			"to": [9.2, 2.3, 8.23869],
			"rotation": {"angle": -22.5, "axis": "y", "origin": [8, 2, 8]},
			"faces": {
				"east": {"uv": [2.0625, 0, 13.875, 3.9375], "texture": "#0"},
				"west": {"uv": [0, 0, 16, 8], "texture": "#0"},
				"down": {"uv": [0, 0, 0.125, 0.125], "texture": "#0"}
			}
		},
		{
			"name": "hexadecagon",
			"from": [8.8, 1.6, 7.76131],
			"to": [9.2, 2.3, 8.23869],
			"rotation": {"angle": 0, "axis": "y", "origin": [8, 2, 8]},
			"faces": {
				"east": {"uv": [2.0625, 0, 13.875, 3.9375], "texture": "#0"},
				"west": {"uv": [0, 0, 16, 8], "texture": "#0"}
			}
		},
		{
			"name": "hexadecagon",
			"from": [8.8, 1.6, 7.76131],
			"to": [9.2, 2.3, 8.23869],
			"rotation": {"angle": 22.5, "axis": "y", "origin": [8, 2, 8]},
			"faces": {
				"east": {"uv": [2.0625, 0, 13.875, 3.9375], "texture": "#0"},
				"west": {"uv": [0, 0, 16, 8], "texture": "#0"},
				"down": {"uv": [0, 0, 0.125, 0.125], "texture": "#0"}
			}
		},
		{
			"from": [6.8, 2.3, 6.8],
			"to": [9.2, 2.3, 9.2],
			"rotation": {"angle": 0, "axis": "y", "origin": [0, -8.5, 4]},
			"faces": {
				"up": {"uv": [0, 0, 16, 16], "texture": "#1"},
				"down": {"uv": [0, 0, 16, 16], "texture": "#1"}
			}
		},
		{
			"name": "hexadecagon",
			"from": [7.84087, 2.2, 7.2],
			"to": [8.15913, 13, 8.8],
			"rotation": {"angle": -45, "axis": "y", "origin": [8, 2.5, 8]},
			"faces": {
				"north": {"uv": [1, 1, 2, 2], "texture": "#3"},
				"south": {"uv": [1, 1, 2, 2], "texture": "#3"},
				"up": {"uv": [0, 0, 0.0625, 0.0625], "texture": "#3"},
				"down": {"uv": [0, 0, 0.0625, 0.0625], "texture": "#3"}
			}
		},
		{
			"name": "hexadecagon",
			"from": [7.84087, 2.2, 7.2],
			"to": [8.15913, 13, 8.8],
			"rotation": {"angle": -22.5, "axis": "y", "origin": [8, 2.5, 8]},
			"faces": {
				"north": {"uv": [0, 0, 0.0625, 0.0625], "texture": "#3"},
				"south": {"uv": [1, 1, 2, 2], "texture": "#3"},
				"up": {"uv": [0, 0, 0.0625, 0.0625], "texture": "#3"},
				"down": {"uv": [0, 0, 0.0625, 0.0625], "texture": "#3"}
			}
		},
		{
			"name": "hexadecagon",
			"from": [7.84087, 2.2, 7.2],
			"to": [8.15913, 13, 8.8],
			"rotation": {"angle": 0, "axis": "y", "origin": [8, 2.5, 8]},
			"faces": {
				"north": {"uv": [1, 1, 2, 2], "texture": "#3"},
				"south": {"uv": [1, 1, 2, 2], "texture": "#3"},
				"down": {"uv": [0, 0, 0.0625, 0.0625], "texture": "#3"}
			}
		},
		{
			"name": "hexadecagon",
			"from": [7.84087, 2.2, 7.2],
			"to": [8.15913, 13, 8.8],
			"rotation": {"angle": 22.5, "axis": "y", "origin": [8, 2.5, 8]},
			"faces": {
				"north": {"uv": [1, 1, 2, 2], "texture": "#3"},
				"south": {"uv": [1, 1, 2, 2], "texture": "#3"},
				"up": {"uv": [0, 0, 0.0625, 0.0625], "texture": "#3"},
				"down": {"uv": [0, 0, 0.0625, 0.0625], "texture": "#3"}
			}
		},
		{
			"name": "hexadecagon",
			"from": [7.84087, 2.2, 7.2],
			"to": [8.15913, 13, 8.8],
			"rotation": {"angle": 45, "axis": "y", "origin": [8, 2.5, 8]},
			"faces": {
				"north": {"uv": [1, 1, 2, 2], "texture": "#3"},
				"south": {"uv": [1, 1, 2, 2], "texture": "#3"},
				"up": {"uv": [0, 0, 0.0625, 0.0625], "texture": "#3"},
				"down": {"uv": [0, 0, 0.0625, 0.0625], "texture": "#3"}
			}
		},
		{
			"name": "hexadecagon",
			"from": [7.2, 2.2, 7.84087],
			"to": [8.8, 13, 8.15913],
			"rotation": {"angle": -22.5, "axis": "y", "origin": [8, 2.5, 8]},
			"faces": {
				"east": {"uv": [1, 1, 2, 2], "texture": "#3"},
				"west": {"uv": [1, 1, 2, 2], "texture": "#3"},
				"up": {"uv": [0, 0, 0.0625, 0.0625], "texture": "#3"},
				"down": {"uv": [0, 0, 0.0625, 0.0625], "texture": "#3"}
			}
		},
		{
			"name": "hexadecagon",
			"from": [7.2, 2.2, 7.84087],
			"to": [8.8, 13, 8.15913],
			"rotation": {"angle": 0, "axis": "y", "origin": [8, 2.5, 8]},
			"faces": {
				"east": {"uv": [1, 1, 2, 2], "texture": "#3"},
				"west": {"uv": [1, 1, 2, 2], "texture": "#3"},
				"down": {"uv": [0, 0, 0.0625, 0.0625], "texture": "#3"}
			}
		},
		{
			"name": "hexadecagon",
			"from": [7.2, 2.2, 7.84087],
			"to": [8.8, 13, 8.15913],
			"rotation": {"angle": 22.5, "axis": "y", "origin": [8, 2.5, 8]},
			"faces": {
				"east": {"uv": [1, 1, 2, 2], "texture": "#3"},
				"west": {"uv": [1, 1, 2, 2], "texture": "#3"},
				"up": {"uv": [0, 0, 0.0625, 0.0625], "texture": "#3"},
				"down": {"uv": [0, 0, 0.0625, 0.0625], "texture": "#3"}
			}
		},
		{
			"from": [9.7, 5, 4.6],
			"to": [13.7, 6.5, 8.6],
			"rotation": {"angle": 0, "axis": "y", "origin": [3.7, 2.5, -1.4]},
			"faces": {
				"north": {"uv": [0, 0, 16, 16], "texture": "#4"},
				"east": {"uv": [0, 0, 16, 16], "texture": "#4"},
				"south": {"uv": [0, 0, 16, 16], "texture": "#4"},
				"west": {"uv": [0, 0, 16, 16], "texture": "#4"},
				"up": {"uv": [0, 0, 16, 16], "texture": "#4"},
				"down": {"uv": [0, 0, 16, 16], "texture": "#4"}
			}
		},
		{
			"from": [9.7, 7.3, 4.6],
			"to": [13.7, 7.3, 8.6],
			"rotation": {"angle": 0, "axis": "y", "origin": [3.7, 2.5, -1.4]},
			"faces": {
				"up": {"uv": [0, 0, 16, 16], "texture": "#5"},
				"down": {"uv": [0, 0, 16, 16], "texture": "#5"}
			}
		},
		{
			"name": "hexadecagon",
			"from": [11.46131, 6.5, 5.4],
			"to": [11.93869, 7.3, 7.8],
			"rotation": {"angle": -45, "axis": "y", "origin": [11.7, 7, 6.6]},
			"faces": {
				"north": {"uv": [1, 0, 15, 8], "texture": "#4"},
				"south": {"uv": [1, 0, 15, 8], "texture": "#4"},
				"down": {"uv": [0, 0, 0, 0], "texture": "#4"}
			}
		},
		{
			"name": "hexadecagon",
			"from": [11.46131, 6.5, 5.4],
			"to": [11.93869, 7.3, 7.8],
			"rotation": {"angle": -22.5, "axis": "y", "origin": [11.7, 7, 6.6]},
			"faces": {
				"north": {"uv": [1, 0, 15, 8], "texture": "#4"},
				"south": {"uv": [1, 0, 15, 8], "texture": "#4"},
				"down": {"uv": [0, 0, 0, 0], "texture": "#4"}
			}
		},
		{
			"name": "hexadecagon",
			"from": [11.46131, 6.5, 5.4],
			"to": [11.93869, 7.3, 7.8],
			"rotation": {"angle": 0, "axis": "y", "origin": [11.7, 7, 6.6]},
			"faces": {
				"north": {"uv": [1, 0, 15, 8], "texture": "#4"},
				"south": {"uv": [1, 0, 15, 8], "texture": "#4"}
			}
		},
		{
			"name": "hexadecagon",
			"from": [11.46131, 6.5, 5.4],
			"to": [11.93869, 7.3, 7.8],
			"rotation": {"angle": 22.5, "axis": "y", "origin": [11.7, 7, 6.6]},
			"faces": {
				"north": {"uv": [1, 0, 15, 8], "texture": "#4"},
				"south": {"uv": [1, 0, 15, 8], "texture": "#4"},
				"down": {"uv": [0, 0, 0, 0], "texture": "#4"}
			}
		},
		{
			"name": "hexadecagon",
			"from": [11.46131, 6.5, 5.4],
			"to": [11.93869, 7.3, 7.8],
			"rotation": {"angle": 45, "axis": "y", "origin": [11.7, 7, 6.6]},
			"faces": {
				"north": {"uv": [1, 0, 15, 8], "texture": "#4"},
				"south": {"uv": [1, 0, 15, 8], "texture": "#4"},
				"down": {"uv": [0, 0, 0, 0], "texture": "#4"}
			}
		},
		{
			"name": "hexadecagon",
			"from": [10.5, 6.5, 6.36131],
			"to": [12.9, 7.3, 6.83869],
			"rotation": {"angle": -22.5, "axis": "y", "origin": [11.7, 7, 6.6]},
			"faces": {
				"east": {"uv": [1, 0, 15, 8], "texture": "#4"},
				"west": {"uv": [1, 0, 15, 8], "texture": "#4"},
				"down": {"uv": [0, 0, 0, 0], "texture": "#4"}
			}
		},
		{
			"name": "hexadecagon",
			"from": [10.5, 6.5, 6.36131],
			"to": [12.9, 7.3, 6.83869],
			"rotation": {"angle": 0, "axis": "y", "origin": [11.7, 7, 6.6]},
			"faces": {
				"east": {"uv": [1, 0, 15, 8], "texture": "#4"},
				"west": {"uv": [1, 0, 15, 8], "texture": "#4"}
			}
		},
		{
			"name": "hexadecagon",
			"from": [10.5, 6.5, 6.36131],
			"to": [12.9, 7.3, 6.83869],
			"rotation": {"angle": 22.5, "axis": "y", "origin": [11.7, 7, 6.6]},
			"faces": {
				"east": {"uv": [1, 0, 15, 8], "texture": "#4"},
				"west": {"uv": [1, 0, 15, 8], "texture": "#4"},
				"down": {"uv": [0, 0, 0, 0], "texture": "#4"}
			}
		},
		{
			"from": [7.8, 4, 6.2],
			"to": [10.8, 5, 7.2],
			"rotation": {"angle": 0, "axis": "y", "origin": [0, 1.5, 0]},
			"faces": {
				"north": {"uv": [0, 0, 16, 16], "texture": "#3"},
				"east": {"uv": [0, 0, 16, 16], "texture": "#3"},
				"south": {"uv": [0, 0, 16, 16], "texture": "#3"},
				"west": {"uv": [0, 0, 16, 16], "texture": "#3"},
				"up": {"uv": [0, 0, 16, 16], "texture": "#3"},
				"down": {"uv": [0, 0, 16, 16], "texture": "#3"}
			}
		},
		{
			"from": [5.2, 6, 8.8],
			"to": [8.2, 7, 9.8],
			"rotation": {"angle": 0, "axis": "y", "origin": [0, 1.5, 0]},
			"faces": {
				"north": {"uv": [0, 0, 16, 16], "texture": "#3"},
				"east": {"uv": [0, 0, 16, 16], "texture": "#3"},
				"south": {"uv": [0, 0, 16, 16], "texture": "#3"},
				"west": {"uv": [0, 0, 16, 16], "texture": "#3"},
				"up": {"uv": [0, 0, 16, 16], "texture": "#3"},
				"down": {"uv": [0, 0, 16, 16], "texture": "#3"}
			}
		},
		{
			"from": [8.8, 9, 5.2],
			"to": [9.8, 10, 8.2],
			"rotation": {"angle": 0, "axis": "y", "origin": [0, 1.5, 0]},
			"faces": {
				"north": {"uv": [0, 0, 16, 16], "texture": "#3"},
				"east": {"uv": [0, 0, 16, 16], "texture": "#3"},
				"south": {"uv": [0, 0, 16, 16], "texture": "#3"},
				"west": {"uv": [0, 0, 16, 16], "texture": "#3"},
				"up": {"uv": [0, 0, 16, 16], "texture": "#3"},
				"down": {"uv": [0, 0, 16, 16], "texture": "#3"}
			}
		},
		{
			"from": [7.2, 10, 2],
			"to": [11.2, 11.5, 6],
			"rotation": {"angle": 0, "axis": "y", "origin": [1.2, 7.5, -4]},
			"faces": {
				"north": {"uv": [0, 0, 16, 16], "texture": "#4"},
				"east": {"uv": [0, 0, 16, 16], "texture": "#4"},
				"south": {"uv": [0, 0, 16, 16], "texture": "#4"},
				"west": {"uv": [0, 0, 16, 16], "texture": "#4"},
				"up": {"uv": [0, 0, 16, 16], "texture": "#4"},
				"down": {"uv": [0, 0, 16, 16], "texture": "#4"}
			}
		},
		{
			"from": [7.2, 12.3, 2],
			"to": [11.2, 12.3, 6],
			"rotation": {"angle": 0, "axis": "y", "origin": [1.2, 7.5, -4]},
			"faces": {
				"up": {"uv": [0, 0, 16, 16], "texture": "#5"},
				"down": {"uv": [0, 0, 16, 16], "texture": "#5"}
			}
		},
		{
			"name": "hexadecagon",
			"from": [8.96131, 11.5, 2.8],
			"to": [9.43869, 12.3, 5.2],
			"rotation": {"angle": -45, "axis": "y", "origin": [9.2, 12, 4]},
			"faces": {
				"north": {"uv": [1, 0, 15, 8], "texture": "#4"},
				"south": {"uv": [1, 0, 15, 8], "texture": "#4"},
				"down": {"uv": [0, 0, 0, 0], "texture": "#4"}
			}
		},
		{
			"name": "hexadecagon",
			"from": [8.96131, 11.5, 2.8],
			"to": [9.43869, 12.3, 5.2],
			"rotation": {"angle": -22.5, "axis": "y", "origin": [9.2, 12, 4]},
			"faces": {
				"north": {"uv": [1, 0, 15, 8], "texture": "#4"},
				"south": {"uv": [1, 0, 15, 8], "texture": "#4"},
				"down": {"uv": [0, 0, 0, 0], "texture": "#4"}
			}
		},
		{
			"name": "hexadecagon",
			"from": [8.96131, 11.5, 2.8],
			"to": [9.43869, 12.3, 5.2],
			"rotation": {"angle": 0, "axis": "y", "origin": [9.2, 12, 4]},
			"faces": {
				"north": {"uv": [1, 0, 15, 8], "texture": "#4"},
				"south": {"uv": [1, 0, 15, 8], "texture": "#4"}
			}
		},
		{
			"name": "hexadecagon",
			"from": [8.96131, 11.5, 2.8],
			"to": [9.43869, 12.3, 5.2],
			"rotation": {"angle": 22.5, "axis": "y", "origin": [9.2, 12, 4]},
			"faces": {
				"north": {"uv": [1, 0, 15, 8], "texture": "#4"},
				"south": {"uv": [1, 0, 15, 8], "texture": "#4"},
				"down": {"uv": [0, 0, 0, 0], "texture": "#4"}
			}
		},
		{
			"name": "hexadecagon",
			"from": [8.96131, 11.5, 2.8],
			"to": [9.43869, 12.3, 5.2],
			"rotation": {"angle": 45, "axis": "y", "origin": [9.2, 12, 4]},
			"faces": {
				"north": {"uv": [1, 0, 15, 8], "texture": "#4"},
				"south": {"uv": [1, 0, 15, 8], "texture": "#4"},
				"down": {"uv": [0, 0, 0, 0], "texture": "#4"}
			}
		},
		{
			"name": "hexadecagon",
			"from": [8, 11.5, 3.76131],
			"to": [10.4, 12.3, 4.23869],
			"rotation": {"angle": -22.5, "axis": "y", "origin": [9.2, 12, 4]},
			"faces": {
				"east": {"uv": [1, 0, 15, 8], "texture": "#4"},
				"west": {"uv": [1, 0, 15, 8], "texture": "#4"},
				"down": {"uv": [0, 0, 0, 0], "texture": "#4"}
			}
		},
		{
			"name": "hexadecagon",
			"from": [8, 11.5, 3.76131],
			"to": [10.4, 12.3, 4.23869],
			"rotation": {"angle": 0, "axis": "y", "origin": [9.2, 12, 4]},
			"faces": {
				"east": {"uv": [1, 0, 15, 8], "texture": "#4"},
				"west": {"uv": [1, 0, 15, 8], "texture": "#4"}
			}
		},
		{
			"name": "hexadecagon",
			"from": [8, 11.5, 3.76131],
			"to": [10.4, 12.3, 4.23869],
			"rotation": {"angle": 22.5, "axis": "y", "origin": [9.2, 12, 4]},
			"faces": {
				"east": {"uv": [1, 0, 15, 8], "texture": "#4"},
				"west": {"uv": [1, 0, 15, 8], "texture": "#4"},
				"down": {"uv": [0, 0, 0, 0], "texture": "#4"}
			}
		},
		{
			"from": [7, 13, 7],
			"to": [11, 14.5, 11],
			"rotation": {"angle": 0, "axis": "y", "origin": [1, 10.5, 1]},
			"faces": {
				"north": {"uv": [0, 0, 16, 16], "texture": "#4"},
				"east": {"uv": [0, 0, 16, 16], "texture": "#4"},
				"south": {"uv": [0, 0, 16, 16], "texture": "#4"},
				"west": {"uv": [0, 0, 16, 16], "texture": "#4"},
				"up": {"uv": [0, 0, 16, 16], "texture": "#4"},
				"down": {"uv": [0, 0, 16, 16], "texture": "#4"}
			}
		},
		{
			"from": [7, 15.3, 7],
			"to": [11, 15.3, 11],
			"rotation": {"angle": 0, "axis": "y", "origin": [1, 10.5, 1]},
			"faces": {
				"up": {"uv": [0, 0, 16, 16], "texture": "#5"},
				"down": {"uv": [0, 0, 16, 16], "texture": "#5"}
			}
		},
		{
			"name": "hexadecagon",
			"from": [8.76131, 14.5, 7.8],
			"to": [9.23869, 15.3, 10.2],
			"rotation": {"angle": -45, "axis": "y", "origin": [9, 15, 9]},
			"faces": {
				"north": {"uv": [1, 0, 15, 8], "texture": "#4"},
				"south": {"uv": [1, 0, 15, 8], "texture": "#4"},
				"down": {"uv": [0, 0, 0, 0], "texture": "#4"}
			}
		},
		{
			"name": "hexadecagon",
			"from": [8.76131, 14.5, 7.8],
			"to": [9.23869, 15.3, 10.2],
			"rotation": {"angle": -22.5, "axis": "y", "origin": [9, 15, 9]},
			"faces": {
				"north": {"uv": [1, 0, 15, 8], "texture": "#4"},
				"south": {"uv": [1, 0, 15, 8], "texture": "#4"},
				"down": {"uv": [0, 0, 0, 0], "texture": "#4"}
			}
		},
		{
			"name": "hexadecagon",
			"from": [8.76131, 14.5, 7.8],
			"to": [9.23869, 15.3, 10.2],
			"rotation": {"angle": 0, "axis": "y", "origin": [9, 15, 9]},
			"faces": {
				"north": {"uv": [1, 0, 15, 8], "texture": "#4"},
				"south": {"uv": [1, 0, 15, 8], "texture": "#4"}
			}
		},
		{
			"name": "hexadecagon",
			"from": [8.76131, 14.5, 7.8],
			"to": [9.23869, 15.3, 10.2],
			"rotation": {"angle": 22.5, "axis": "y", "origin": [9, 15, 9]},
			"faces": {
				"north": {"uv": [1, 0, 15, 8], "texture": "#4"},
				"south": {"uv": [1, 0, 15, 8], "texture": "#4"},
				"down": {"uv": [0, 0, 0, 0], "texture": "#4"}
			}
		},
		{
			"name": "hexadecagon",
			"from": [8.76131, 14.5, 7.8],
			"to": [9.23869, 15.3, 10.2],
			"rotation": {"angle": 45, "axis": "y", "origin": [9, 15, 9]},
			"faces": {
				"north": {"uv": [1, 0, 15, 8], "texture": "#4"},
				"south": {"uv": [1, 0, 15, 8], "texture": "#4"},
				"down": {"uv": [0, 0, 0, 0], "texture": "#4"}
			}
		},
		{
			"name": "hexadecagon",
			"from": [7.8, 14.5, 8.76131],
			"to": [10.2, 15.3, 9.23869],
			"rotation": {"angle": -22.5, "axis": "y", "origin": [9, 15, 9]},
			"faces": {
				"east": {"uv": [1, 0, 15, 8], "texture": "#4"},
				"west": {"uv": [1, 0, 15, 8], "texture": "#4"},
				"down": {"uv": [0, 0, 0, 0], "texture": "#4"}
			}
		},
		{
			"name": "hexadecagon",
			"from": [7.8, 14.5, 8.76131],
			"to": [10.2, 15.3, 9.23869],
			"rotation": {"angle": 0, "axis": "y", "origin": [9, 15, 9]},
			"faces": {
				"east": {"uv": [1, 0, 15, 8], "texture": "#4"},
				"west": {"uv": [1, 0, 15, 8], "texture": "#4"}
			}
		},
		{
			"name": "hexadecagon",
			"from": [7.8, 14.5, 8.76131],
			"to": [10.2, 15.3, 9.23869],
			"rotation": {"angle": 22.5, "axis": "y", "origin": [9, 15, 9]},
			"faces": {
				"east": {"uv": [1, 0, 15, 8], "texture": "#4"},
				"west": {"uv": [1, 0, 15, 8], "texture": "#4"},
				"down": {"uv": [0, 0, 0, 0], "texture": "#4"}
			}
		},
		{
			"from": [2.3, 7, 7.4],
			"to": [6.3, 8.5, 11.4],
			"rotation": {"angle": 0, "axis": "y", "origin": [-3.7, 4.5, 1.4]},
			"faces": {
				"north": {"uv": [0, 0, 16, 16], "texture": "#4"},
				"east": {"uv": [0, 0, 16, 16], "texture": "#4"},
				"south": {"uv": [0, 0, 16, 16], "texture": "#4"},
				"west": {"uv": [0, 0, 16, 16], "texture": "#4"},
				"up": {"uv": [0, 0, 16, 16], "texture": "#4"},
				"down": {"uv": [0, 0, 16, 16], "texture": "#4"}
			}
		},
		{
			"from": [2.3, 9.3, 7.4],
			"to": [6.3, 9.3, 11.4],
			"rotation": {"angle": 0, "axis": "y", "origin": [-3.7, 4.5, 1.4]},
			"faces": {
				"up": {"uv": [0, 0, 16, 16], "texture": "#5"},
				"down": {"uv": [0, 0, 16, 16], "texture": "#5"}
			}
		},
		{
			"name": "hexadecagon",
			"from": [4.06131, 8.5, 8.2],
			"to": [4.53869, 9.3, 10.6],
			"rotation": {"angle": -45, "axis": "y", "origin": [4.3, 9, 9.4]},
			"faces": {
				"north": {"uv": [1, 0, 15, 8], "texture": "#4"},
				"south": {"uv": [1, 0, 15, 8], "texture": "#4"},
				"down": {"uv": [0, 0, 0, 0], "texture": "#4"}
			}
		},
		{
			"name": "hexadecagon",
			"from": [4.06131, 8.5, 8.2],
			"to": [4.53869, 9.3, 10.6],
			"rotation": {"angle": -22.5, "axis": "y", "origin": [4.3, 9, 9.4]},
			"faces": {
				"north": {"uv": [1, 0, 15, 8], "texture": "#4"},
				"south": {"uv": [1, 0, 15, 8], "texture": "#4"},
				"down": {"uv": [0, 0, 0, 0], "texture": "#4"}
			}
		},
		{
			"name": "hexadecagon",
			"from": [4.06131, 8.5, 8.2],
			"to": [4.53869, 9.3, 10.6],
			"rotation": {"angle": 0, "axis": "y", "origin": [4.3, 9, 9.4]},
			"faces": {
				"north": {"uv": [1, 0, 15, 8], "texture": "#4"},
				"south": {"uv": [1, 0, 15, 8], "texture": "#4"}
			}
		},
		{
			"name": "hexadecagon",
			"from": [4.06131, 8.5, 8.2],
			"to": [4.53869, 9.3, 10.6],
			"rotation": {"angle": 22.5, "axis": "y", "origin": [4.3, 9, 9.4]},
			"faces": {
				"north": {"uv": [1, 0, 15, 8], "texture": "#4"},
				"south": {"uv": [1, 0, 15, 8], "texture": "#4"},
				"down": {"uv": [0, 0, 0, 0], "texture": "#4"}
			}
		},
		{
			"name": "hexadecagon",
			"from": [4.06131, 8.5, 8.2],
			"to": [4.53869, 9.3, 10.6],
			"rotation": {"angle": 45, "axis": "y", "origin": [4.3, 9, 9.4]},
			"faces": {
				"north": {"uv": [1, 0, 15, 8], "texture": "#4"},
				"south": {"uv": [1, 0, 15, 8], "texture": "#4"},
				"down": {"uv": [0, 0, 0, 0], "texture": "#4"}
			}
		},
		{
			"name": "hexadecagon",
			"from": [3.1, 8.5, 9.16131],
			"to": [5.5, 9.3, 9.63869],
			"rotation": {"angle": -22.5, "axis": "y", "origin": [4.3, 9, 9.4]},
			"faces": {
				"east": {"uv": [1, 0, 15, 8], "texture": "#4"},
				"west": {"uv": [1, 0, 15, 8], "texture": "#4"},
				"down": {"uv": [0, 0, 0, 0], "texture": "#4"}
			}
		},
		{
			"name": "hexadecagon",
			"from": [3.1, 8.5, 9.16131],
			"to": [5.5, 9.3, 9.63869],
			"rotation": {"angle": 0, "axis": "y", "origin": [4.3, 9, 9.4]},
			"faces": {
				"east": {"uv": [1, 0, 15, 8], "texture": "#4"},
				"west": {"uv": [1, 0, 15, 8], "texture": "#4"}
			}
		},
		{
			"name": "hexadecagon",
			"from": [3.1, 8.5, 9.16131],
			"to": [5.5, 9.3, 9.63869],
			"rotation": {"angle": 22.5, "axis": "y", "origin": [4.3, 9, 9.4]},
			"faces": {
				"east": {"uv": [1, 0, 15, 8], "texture": "#4"},
				"west": {"uv": [1, 0, 15, 8], "texture": "#4"},
				"down": {"uv": [0, 0, 0, 0], "texture": "#4"}
			}
		}
	],
	"display": {
		"thirdperson_righthand": {
			"translation": [0, 2, 0]
		},
		"thirdperson_lefthand": {
			"translation": [0, 1.75, 0]
		},
		"firstperson_righthand": {
			"rotation": [-2, 0, -8],
			"translation": [0, 2.25, 0],
			"scale": [0.65, 0.65, 0.5]
		},
		"firstperson_lefthand": {
			"rotation": [-2, 0, -8],
			"translation": [1, 2.25, 0],
			"scale": [0.65, 0.65, 0.35]
		},
		"ground": {
			"translation": [0, 7.75, 0]
		},
		"gui": {
			"rotation": [0, 45, -45],
			"translation": [-1.25, -2.5, 0],
			"scale": [0.65, 0.65, 0.65]
		},
		"fixed": {
			"rotation": [-90, -135, -90],
			"translation": [1.5, -2, -1.25],
			"scale": [0.61, 0.61, 0.61]
		}
	},
	"groups": [0,
		{
			"name": "hexadecagon",
			"origin": [8, 8, 8],
			"children": [1, 2, 3, 4, 5, 6, 7, 8, 9, 10, 11, 12, 13, 14, 15, 16, 17]
		},
		{
			"name": "hexadecagon",
			"origin": [8, 8, 8],
			"children": [18, 19, 20, 21, 22, 23, 24, 25]
		},
		{
			"name": "flower_base",
			"origin": [8, 8, 8],
			"children": [
				{
					"name": "group",
					"origin": [0, 0, 0],
					"children": []
				},
				{
					"name": "group",
					"origin": [0, 0, 0],
					"children": []
				}
			]
		},
		{
			"name": "group",
			"origin": [8, 8, 8],
			"children": [
				{
					"name": "group",
					"origin": [0, 0, 0],
					"children": [26]
				},
				{
					"name": "group",
					"origin": [0, 0, 0],
					"children": [27]
				},
				{
					"name": "hexadecagon",
					"origin": [8, 8, 8],
					"children": [28, 29, 30, 31, 32, 33, 34, 35]
				}
			]
		}, 36, 37, 38,
		{
			"name": "group",
			"origin": [8, 8, 8],
			"children": [
				{
					"name": "group",
					"origin": [0, 0, 0],
					"children": [39]
				},
				{
					"name": "group",
					"origin": [0, 0, 0],
					"children": [40]
				},
				{
					"name": "hexadecagon",
					"origin": [8, 8, 8],
					"children": [41, 42, 43, 44, 45, 46, 47, 48]
				}
			]
		},
		{
			"name": "group",
			"origin": [8, 8, 8],
			"children": [
				{
					"name": "group",
					"origin": [0, 0, 0],
					"children": [49]
				},
				{
					"name": "group",
					"origin": [0, 0, 0],
					"children": [50]
				},
				{
					"name": "hexadecagon",
					"origin": [8, 8, 8],
					"children": [51, 52, 53, 54, 55, 56, 57, 58]
				}
			]
		},
		{
			"name": "group",
			"origin": [8, 8, 8],
			"children": [
				{
					"name": "group",
					"origin": [0, 0, 0],
					"children": [59]
				},
				{
					"name": "group",
					"origin": [0, 0, 0],
					"children": [60]
				},
				{
					"name": "hexadecagon",
					"origin": [8, 8, 8],
					"children": [61, 62, 63, 64, 65, 66, 67, 68]
				}
			]
		}
	]
}