{
	"credit": "Made with Blockbench",
	"ambientocclusion": false,
	"textures": {
		"0": "block/items/brown",
		"particle": "block/items/brown"
	},
	"elements": [
		{
			"from": [0.025, 12, 14.5],
			"to": [4, 15.975, 16],
			"faces": {
				"north": {"uv": [0, 0, 16, 16], "texture": "#0"},
				"east": {"uv": [0, 0, 16, 16], "texture": "#0"},
				"south": {"uv": [0, 0, 16, 16], "texture": "#0"},
				"west": {"uv": [0, 0, 16, 16], "texture": "#0"},
				"up": {"uv": [0, 0, 16, 16], "texture": "#0"},
				"down": {"uv": [0, 0, 16, 16], "texture": "#0"}
			}
		},
		{
			"from": [12, 12, 14.5],
			"to": [15.975, 15.975, 16],
			"faces": {
				"north": {"uv": [0, 0, 16, 16], "texture": "#0"},
				"east": {"uv": [0, 0, 16, 16], "texture": "#0"},
				"south": {"uv": [0, 0, 16, 16], "texture": "#0"},
				"west": {"uv": [0, 0, 16, 16], "texture": "#0"},
				"up": {"uv": [0, 0, 16, 16], "texture": "#0"},
				"down": {"uv": [0, 0, 16, 16], "texture": "#0"}
			}
		},
		{
			"from": [12, 0.025, 14.5],
			"to": [15.975, 4, 16],
			"faces": {
				"north": {"uv": [0, 0, 16, 16], "texture": "#0"},
				"east": {"uv": [0, 0, 16, 16], "texture": "#0"},
				"south": {"uv": [0, 0, 16, 16], "texture": "#0"},
				"west": {"uv": [0, 0, 16, 16], "texture": "#0"},
				"up": {"uv": [0, 0, 16, 16], "texture": "#0"},
				"down": {"uv": [0, 0, 16, 16], "texture": "#0"}
			}
		},
		{
			"from": [0.025, 0.025, 14.5],
			"to": [4, 4, 16],
			"faces": {
				"north": {"uv": [0, 0, 16, 16], "texture": "#0"},
				"east": {"uv": [0, 0, 16, 16], "texture": "#0"},
				"south": {"uv": [0, 0, 16, 16], "texture": "#0"},
				"west": {"uv": [0, 0, 16, 16], "texture": "#0"},
				"up": {"uv": [0, 0, 16, 16], "texture": "#0"},
				"down": {"uv": [0, 0, 16, 16], "texture": "#0"}
			}
		},
		{
			"from": [12, 0.025, 16.025],
			"to": [15.975, 4, 17.525],
			"faces": {
				"north": {"uv": [0, 0, 16, 16], "texture": "#0"},
				"east": {"uv": [0, 0, 16, 16], "texture": "#0"},
				"south": {"uv": [0, 0, 16, 16], "texture": "#0"},
				"west": {"uv": [0, 0, 16, 16], "texture": "#0"},
				"up": {"uv": [0, 0, 16, 16], "texture": "#0"},
				"down": {"uv": [0, 0, 16, 16], "texture": "#0"}
			}
		},
		{
			"from": [12, 12, 16.025],
			"to": [15.975, 15.975, 17.525],
			"faces": {
				"north": {"uv": [0, 0, 16, 16], "texture": "#0"},
				"east": {"uv": [0, 0, 16, 16], "texture": "#0"},
				"south": {"uv": [0, 0, 16, 16], "texture": "#0"},
				"west": {"uv": [0, 0, 16, 16], "texture": "#0"},
				"up": {"uv": [0, 0, 16, 16], "texture": "#0"},
				"down": {"uv": [0, 0, 16, 16], "texture": "#0"}
			}
		},
		{
			"from": [0.025, 12, 16.025],
			"to": [4, 15.975, 17.525],
			"faces": {
				"north": {"uv": [0, 0, 16, 16], "texture": "#0"},
				"east": {"uv": [0, 0, 16, 16], "texture": "#0"},
				"south": {"uv": [0, 0, 16, 16], "texture": "#0"},
				"west": {"uv": [0, 0, 16, 16], "texture": "#0"},
				"up": {"uv": [0, 0, 16, 16], "texture": "#0"},
				"down": {"uv": [0, 0, 16, 16], "texture": "#0"}
			}
		},
		{
			"from": [0.025, 0.025, 16.025],
			"to": [4, 4, 17.525],
			"faces": {
				"north": {"uv": [0, 0, 16, 16], "texture": "#0"},
				"east": {"uv": [0, 0, 16, 16], "texture": "#0"},
				"south": {"uv": [0, 0, 16, 16], "texture": "#0"},
				"west": {"uv": [0, 0, 16, 16], "texture": "#0"},
				"up": {"uv": [0, 0, 16, 16], "texture": "#0"},
				"down": {"uv": [0, 0, 16, 16], "texture": "#0"}
			}
		},
		{
			"from": [8, 1.5, 12.5],
			"to": [14.5, 2.5, 13.5],
			"faces": {
				"north": {"uv": [0, 0, 15, 16], "texture": "#0"},
				"east": {"uv": [1, 0, 16, 16], "texture": "#0"},
				"south": {"uv": [1, 0, 16, 16], "texture": "#0"},
				"west": {"uv": [0, 0, 16, 16], "texture": "#0"},
				"up": {"uv": [1, 0, 16, 8], "texture": "#0"},
				"down": {"uv": [1, 8, 16, 16], "texture": "#0"}
			}
		},
		{
			"from": [1.5, 1.5, 12.5],
			"to": [8, 2.5, 13.5],
			"faces": {
				"north": {"uv": [1, 0, 16, 16], "texture": "#0"},
				"east": {"uv": [0, 0, 16, 16], "texture": "#0"},
				"south": {"uv": [0, 0, 15, 16], "texture": "#0"},
				"west": {"uv": [0, 0, 15, 16], "texture": "#0"},
				"up": {"uv": [0, 0, 15, 8], "texture": "#0"},
				"down": {"uv": [0, 8, 15, 16], "texture": "#0"}
			}
		},
		{
			"from": [8, 1.5, 13.5],
			"to": [13.5, 2.5, 14.5],
			"faces": {
				"north": {"uv": [0, 0, 15, 16], "texture": "#0"},
				"east": {"uv": [0, 0, 16, 16], "texture": "#0"},
				"south": {"uv": [1, 0, 15, 16], "texture": "#0"},
				"west": {"uv": [0, 0, 16, 16], "texture": "#0"},
				"up": {"uv": [1, 8, 15, 16], "texture": "#0"},
				"down": {"uv": [1, 0, 15, 15], "texture": "#0"}
			}
		},
		{
			"from": [2.5, 1.5, 13.5],
			"to": [8, 2.5, 14.5],
			"faces": {
				"north": {"uv": [1, 0, 16, 16], "texture": "#0"},
				"east": {"uv": [0, 0, 16, 16], "texture": "#0"},
				"south": {"uv": [1, 0, 15, 16], "texture": "#0"},
				"west": {"uv": [0, 0, 16, 16], "texture": "#0"},
				"up": {"uv": [1, 8, 15, 16], "texture": "#0"},
				"down": {"uv": [1, 0, 15, 15], "texture": "#0"}
			}
		},
		{
			"from": [8, 4.5, 13.5],
			"to": [13.5, 5.5, 14.5],
			"faces": {
				"north": {"uv": [0, 0, 15, 16], "texture": "#0"},
				"east": {"uv": [0, 0, 16, 16], "texture": "#0"},
				"south": {"uv": [1, 0, 15, 16], "texture": "#0"},
				"west": {"uv": [0, 0, 16, 16], "texture": "#0"},
				"up": {"uv": [1, 8, 15, 16], "texture": "#0"},
				"down": {"uv": [1, 0, 15, 15], "texture": "#0"}
			}
		},
		{
			"from": [8, 4.5, 12.5],
			"to": [14.5, 5.5, 13.5],
			"faces": {
				"north": {"uv": [0, 0, 15, 16], "texture": "#0"},
				"east": {"uv": [1, 0, 16, 16], "texture": "#0"},
				"south": {"uv": [1, 0, 16, 16], "texture": "#0"},
				"west": {"uv": [0, 0, 16, 16], "texture": "#0"},
				"up": {"uv": [1, 0, 16, 8], "texture": "#0"},
				"down": {"uv": [1, 8, 16, 16], "texture": "#0"}
			}
		},
		{
			"from": [2.5, 4.5, 13.5],
			"to": [8, 5.5, 14.5],
			"faces": {
				"north": {"uv": [1, 0, 16, 16], "texture": "#0"},
				"east": {"uv": [0, 0, 16, 16], "texture": "#0"},
				"south": {"uv": [1, 0, 15, 16], "texture": "#0"},
				"west": {"uv": [0, 0, 16, 16], "texture": "#0"},
				"up": {"uv": [1, 8, 15, 16], "texture": "#0"},
				"down": {"uv": [1, 0, 15, 15], "texture": "#0"}
			}
		},
		{
			"from": [1.5, 4.5, 12.5],
			"to": [8, 5.5, 13.5],
			"faces": {
				"north": {"uv": [1, 0, 16, 16], "texture": "#0"},
				"east": {"uv": [0, 0, 16, 16], "texture": "#0"},
				"south": {"uv": [0, 0, 15, 16], "texture": "#0"},
				"west": {"uv": [0, 0, 15, 16], "texture": "#0"},
				"up": {"uv": [0, 0, 15, 8], "texture": "#0"},
				"down": {"uv": [0, 8, 15, 16], "texture": "#0"}
			}
		},
		{
			"from": [8, 7.5, 13.5],
			"to": [13.5, 8.5, 14.5],
			"faces": {
				"north": {"uv": [0, 0, 15, 16], "texture": "#0"},
				"east": {"uv": [0, 0, 16, 16], "texture": "#0"},
				"south": {"uv": [1, 0, 15, 16], "texture": "#0"},
				"west": {"uv": [0, 0, 16, 16], "texture": "#0"},
				"up": {"uv": [1, 8, 15, 16], "texture": "#0"},
				"down": {"uv": [1, 0, 15, 15], "texture": "#0"}
			}
		},
		{
			"from": [8, 7.5, 12.5],
			"to": [14.5, 8.5, 13.5],
			"faces": {
				"north": {"uv": [0, 0, 15, 16], "texture": "#0"},
				"east": {"uv": [1, 0, 16, 16], "texture": "#0"},
				"south": {"uv": [1, 0, 16, 16], "texture": "#0"},
				"west": {"uv": [0, 0, 16, 16], "texture": "#0"},
				"up": {"uv": [1, 0, 16, 8], "texture": "#0"},
				"down": {"uv": [1, 8, 16, 16], "texture": "#0"}
			}
		},
		{
			"from": [2.5, 7.5, 13.5],
			"to": [8, 8.5, 14.5],
			"faces": {
				"north": {"uv": [1, 0, 16, 16], "texture": "#0"},
				"east": {"uv": [0, 0, 16, 16], "texture": "#0"},
				"south": {"uv": [1, 0, 15, 16], "texture": "#0"},
				"west": {"uv": [0, 0, 16, 16], "texture": "#0"},
				"up": {"uv": [1, 8, 15, 16], "texture": "#0"},
				"down": {"uv": [1, 0, 15, 15], "texture": "#0"}
			}
		},
		{
			"from": [1.5, 7.5, 12.5],
			"to": [8, 8.5, 13.5],
			"faces": {
				"north": {"uv": [1, 0, 16, 16], "texture": "#0"},
				"east": {"uv": [0, 0, 16, 16], "texture": "#0"},
				"south": {"uv": [0, 0, 15, 16], "texture": "#0"},
				"west": {"uv": [0, 0, 15, 16], "texture": "#0"},
				"up": {"uv": [0, 0, 15, 8], "texture": "#0"},
				"down": {"uv": [0, 8, 15, 16], "texture": "#0"}
			}
		},
		{
			"from": [8, 10.5, 13.5],
			"to": [13.5, 11.5, 14.5],
			"faces": {
				"north": {"uv": [0, 0, 15, 16], "texture": "#0"},
				"east": {"uv": [0, 0, 16, 16], "texture": "#0"},
				"south": {"uv": [1, 0, 15, 16], "texture": "#0"},
				"west": {"uv": [0, 0, 16, 16], "texture": "#0"},
				"up": {"uv": [1, 8, 15, 16], "texture": "#0"},
				"down": {"uv": [1, 0, 15, 15], "texture": "#0"}
			}
		},
		{
			"from": [8, 10.5, 12.5],
			"to": [14.5, 11.5, 13.5],
			"faces": {
				"north": {"uv": [0, 0, 15, 16], "texture": "#0"},
				"east": {"uv": [1, 0, 16, 16], "texture": "#0"},
				"south": {"uv": [1, 0, 16, 16], "texture": "#0"},
				"west": {"uv": [0, 0, 16, 16], "texture": "#0"},
				"up": {"uv": [1, 0, 16, 8], "texture": "#0"},
				"down": {"uv": [1, 8, 16, 16], "texture": "#0"}
			}
		},
		{
			"from": [2.5, 10.5, 13.5],
			"to": [8, 11.5, 14.5],
			"faces": {
				"north": {"uv": [1, 0, 16, 16], "texture": "#0"},
				"east": {"uv": [0, 0, 16, 16], "texture": "#0"},
				"south": {"uv": [1, 0, 15, 16], "texture": "#0"},
				"west": {"uv": [0, 0, 16, 16], "texture": "#0"},
				"up": {"uv": [1, 8, 15, 16], "texture": "#0"},
				"down": {"uv": [1, 0, 15, 15], "texture": "#0"}
			}
		},
		{
			"from": [1.5, 10.5, 12.5],
			"to": [8, 11.5, 13.5],
			"faces": {
				"north": {"uv": [1, 0, 16, 16], "texture": "#0"},
				"east": {"uv": [0, 0, 16, 16], "texture": "#0"},
				"south": {"uv": [0, 0, 15, 16], "texture": "#0"},
				"west": {"uv": [0, 0, 15, 16], "texture": "#0"},
				"up": {"uv": [0, 0, 15, 8], "texture": "#0"},
				"down": {"uv": [0, 8, 15, 16], "texture": "#0"}
			}
		},
		{
			"from": [8, 13.5, 13.5],
			"to": [13.5, 14.5, 14.5],
			"faces": {
				"north": {"uv": [0, 0, 15, 16], "texture": "#0"},
				"east": {"uv": [0, 0, 16, 16], "texture": "#0"},
				"south": {"uv": [1, 0, 15, 16], "texture": "#0"},
				"west": {"uv": [0, 0, 16, 16], "texture": "#0"},
				"up": {"uv": [1, 8, 15, 16], "texture": "#0"},
				"down": {"uv": [1, 0, 15, 15], "texture": "#0"}
			}
		},
		{
			"from": [8, 13.5, 12.5],
			"to": [14.5, 14.5, 13.5],
			"faces": {
				"north": {"uv": [0, 0, 15, 16], "texture": "#0"},
				"east": {"uv": [1, 0, 16, 16], "texture": "#0"},
				"south": {"uv": [1, 0, 16, 16], "texture": "#0"},
				"west": {"uv": [0, 0, 16, 16], "texture": "#0"},
				"up": {"uv": [1, 0, 16, 8], "texture": "#0"},
				"down": {"uv": [1, 8, 16, 16], "texture": "#0"}
			}
		},
		{
			"from": [2.5, 13.5, 13.5],
			"to": [8, 14.5, 14.5],
			"faces": {
				"north": {"uv": [1, 0, 16, 16], "texture": "#0"},
				"east": {"uv": [0, 0, 16, 16], "texture": "#0"},
				"south": {"uv": [1, 0, 15, 16], "texture": "#0"},
				"west": {"uv": [0, 0, 16, 16], "texture": "#0"},
				"up": {"uv": [1, 8, 15, 16], "texture": "#0"},
				"down": {"uv": [1, 0, 15, 15], "texture": "#0"}
			}
		},
		{
			"from": [1.5, 13.5, 12.5],
			"to": [8, 14.5, 13.5],
			"faces": {
				"north": {"uv": [1, 0, 16, 16], "texture": "#0"},
				"east": {"uv": [0, 0, 16, 16], "texture": "#0"},
				"south": {"uv": [0, 0, 15, 16], "texture": "#0"},
				"west": {"uv": [0, 0, 15, 16], "texture": "#0"},
				"up": {"uv": [0, 0, 15, 8], "texture": "#0"},
				"down": {"uv": [0, 8, 15, 16], "texture": "#0"}
			}
		},
		{
			"from": [1.5, 1.5, 13.5],
			"to": [2.5, 8, 14.5],
			"faces": {
				"north": {"uv": [0, 0, 16, 16], "texture": "#0"},
				"east": {"uv": [0, 0, 16, 16], "texture": "#0"},
				"south": {"uv": [0, 1, 15, 15], "texture": "#0"},
				"west": {"uv": [1, 1, 16, 15], "texture": "#0"},
				"up": {"uv": [0, 0, 16, 16], "texture": "#0"},
				"down": {"uv": [0, 0, 15, 15], "texture": "#0"}
			}
		},
		{
			"from": [1.5, 8, 13.5],
			"to": [2.5, 14.5, 14.5],
			"faces": {
				"north": {"uv": [0, 0, 16, 16], "texture": "#0"},
				"east": {"uv": [0, 0, 16, 16], "texture": "#0"},
				"south": {"uv": [0, 1, 15, 15], "texture": "#0"},
				"west": {"uv": [1, 1, 16, 15], "texture": "#0"},
				"up": {"uv": [0, 12, 4, 16], "texture": "#0"},
				"down": {"uv": [0, 0, 15, 15], "texture": "#0"}
			}
		},
		{
			"from": [13.5, 8, 13.5],
			"to": [14.5, 14.5, 14.5],
			"faces": {
				"north": {"uv": [0, 0, 16, 16], "texture": "#0"},
				"east": {"uv": [0, 1, 15, 15], "texture": "#0"},
				"south": {"uv": [1, 1, 16, 15], "texture": "#0"},
				"west": {"uv": [0, 1, 16, 15], "texture": "#0"},
				"up": {"uv": [0, 12, 4, 16], "texture": "#0"},
				"down": {"uv": [0, 0, 15, 15], "texture": "#0"}
			}
		},
		{
			"from": [13.5, 1.5, 13.5],
			"to": [14.5, 8, 14.5],
			"faces": {
				"north": {"uv": [0, 0, 16, 16], "texture": "#0"},
				"east": {"uv": [0, 1, 15, 15], "texture": "#0"},
				"south": {"uv": [1, 1, 16, 15], "texture": "#0"},
				"west": {"uv": [0, 1, 16, 15], "texture": "#0"},
				"up": {"uv": [0, 0, 16, 16], "texture": "#0"},
				"down": {"uv": [0, 0, 15, 15], "texture": "#0"}
			}
		}
	],
	"display": {
		"thirdperson_righthand": {
			"rotation": [0, -90, 0],
			"translation": [3.75, -2, 0],
			"scale": [0.7, 0.7, 0.7]
		},
		"thirdperson_lefthand": {
			"rotation": [0, -90, 0],
			"translation": [4.25, -1.5, 0],
			"scale": [0.7, 0.7, 0.7]
		},
		"firstperson_righthand": {
			"rotation": [0, 90, 0],
			"translation": [-0.5, 1, -6.5],
			"scale": [0.8, 1, 1]
		},
		"firstperson_lefthand": {
			"rotation": [0, 90, 0],
			"translation": [-0.5, 1, -6.5],
			"scale": [0.8, 1, 1]
		},
		"ground": {
			"translation": [0, 5.5, 0]
		},
		"gui": {
			"rotation": [-45, 145, 45],
			"translation": [-2.75, 2.75, 0],
			"scale": [0.7, 0.7, 0.7]
		},
		"fixed": {
			"translation": [0, 0, -6.5],
			"scale": [0.8, 0.8, 0.8]
		}
	},
	"groups": [0, 1, 2, 3, 4, 5, 6, 7,
		{
			"name": "group",
			"origin": [8, 8, 8],
			"color": 0,
			"children": [8, 9, 10, 11, 12, 13, 14, 15, 16, 17, 18, 19, 20, 21, 22, 23, 24, 25, 26, 27, 28, 29, 30, 31]
		}
	]
}