{
	"credit": "Made with Blockbench",
	"textures": {
		"0": "block/tools/iron_circle",
		"1": "block/tools/iron_square",
		"2": "block/items/yellow_dark",
		"3": "block/items/yellow",
		"particle": "block/tools/iron_circle"
	},
	"elements": [
		{
			"from": [6, 0, 6],
			"to": [10, 1.6, 10],
			"rotation": {"angle": 0, "axis": "y", "origin": [-1, 0, 0]},
			"faces": {
				"north": {"uv": [0, 0, 16, 16], "texture": "#1"},
				"east": {"uv": [0, 0, 16, 16], "texture": "#1"},
				"south": {"uv": [0, 0, 16, 16], "texture": "#1"},
				"west": {"uv": [0, 0, 16, 16], "texture": "#1"},
				"down": {"uv": [0, 0, 16, 16], "texture": "#1"}
			}
		},
		{
			"from": [6, 1.6, 6],
			"to": [10, 3.2, 10],
			"rotation": {"angle": 0, "axis": "y", "origin": [-1, 0, 0]},
			"faces": {
				"north": {"uv": [0, 0, 16, 16], "texture": "#2"},
				"east": {"uv": [0, 0, 16, 16], "texture": "#2"},
				"south": {"uv": [0, 0, 16, 16], "texture": "#2"},
				"west": {"uv": [0, 0, 16, 16], "texture": "#2"},
				"up": {"uv": [0, 0, 16, 16], "texture": "#2"},
				"down": {"uv": [0, 0, 16, 16], "texture": "#2"}
			}
		},
		{
			"from": [6, 3.2, 6],
			"to": [10, 4.8, 10],
			"rotation": {"angle": 0, "axis": "y", "origin": [-1, 0, 0]},
			"faces": {
				"north": {"uv": [0, 0, 16, 16], "texture": "#3"},
				"east": {"uv": [0, 0, 16, 16], "texture": "#3"},
				"south": {"uv": [0, 0, 16, 16], "texture": "#3"},
				"west": {"uv": [0, 0, 16, 16], "texture": "#3"},
				"up": {"uv": [0, 0, 16, 16], "texture": "#3"},
				"down": {"uv": [0, 0, 16, 16], "texture": "#3"}
			}
		},
		{
			"from": [6, 4.8, 6],
			"to": [10, 6.4, 10],
			"rotation": {"angle": 0, "axis": "y", "origin": [-1, 0, 0]},
			"faces": {
				"north": {"uv": [0, 0, 16, 16], "texture": "#1"},
				"east": {"uv": [0, 0, 16, 16], "texture": "#1"},
				"south": {"uv": [0, 0, 16, 16], "texture": "#1"},
				"west": {"uv": [0, 0, 16, 16], "texture": "#1"},
				"up": {"uv": [0, 0, 16, 16], "texture": "#1"}
			}
		},
		{
			"from": [6.1, 7.8, 6.1],
			"to": [9.9, 7.8, 9.9],
			"rotation": {"angle": 0, "axis": "y", "origin": [-1, 0, 0]},
			"faces": {
				"up": {"uv": [0, 0, 16, 16], "texture": "#0"},
				"down": {"uv": [0, 0, 16, 16], "texture": "#0"}
			}
		},
		{
			"name": "hexadecagon",
			"from": [7.62207, 6.4, 6.1],
			"to": [8.37793, 7.8, 9.9],
			"rotation": {"angle": -45, "axis": "y", "origin": [8, 6.9, 8]},
			"faces": {
				"north": {"uv": [1, 0, 15, 15], "texture": "#1"},
				"south": {"uv": [1, 0, 15, 15], "texture": "#1"},
				"down": {"uv": [0, 0, 1, 1], "texture": "#1"}
			}
		},
		{
			"name": "hexadecagon",
			"from": [7.62207, 6.4, 6.1],
			"to": [8.37793, 7.8, 9.9],
			"rotation": {"angle": -22.5, "axis": "y", "origin": [8, 6.9, 8]},
			"faces": {
				"north": {"uv": [1, 0, 15, 15], "texture": "#1"},
				"south": {"uv": [1, 0, 15, 15], "texture": "#1"},
				"down": {"uv": [0, 0, 1, 1], "texture": "#1"}
			}
		},
		{
			"name": "hexadecagon",
			"from": [7.62207, 6.4, 6.1],
			"to": [8.37793, 7.8, 9.9],
			"rotation": {"angle": 0, "axis": "y", "origin": [8, 6.9, 8]},
			"faces": {
				"north": {"uv": [1, 0, 15, 15], "texture": "#1"},
				"south": {"uv": [1, 0, 15, 15], "texture": "#1"}
			}
		},
		{
			"name": "hexadecagon",
			"from": [7.62207, 6.4, 6.1],
			"to": [8.37793, 7.8, 9.9],
			"rotation": {"angle": 22.5, "axis": "y", "origin": [8, 6.9, 8]},
			"faces": {
				"north": {"uv": [1, 0, 15, 15], "texture": "#1"},
				"south": {"uv": [1, 0, 15, 15], "texture": "#1"},
				"down": {"uv": [0, 0, 1, 1], "texture": "#1"}
			}
		},
		{
			"name": "hexadecagon",
			"from": [7.62207, 6.4, 6.1],
			"to": [8.37793, 7.8, 9.9],
			"rotation": {"angle": 45, "axis": "y", "origin": [8, 6.9, 8]},
			"faces": {
				"north": {"uv": [1, 0, 15, 15], "texture": "#1"},
				"south": {"uv": [1, 0, 15, 15], "texture": "#1"},
				"down": {"uv": [0, 0, 1, 1], "texture": "#1"}
			}
		},
		{
			"name": "hexadecagon",
			"from": [6.1, 6.4, 7.62207],
			"to": [9.9, 7.8, 8.37793],
			"rotation": {"angle": -22.5, "axis": "y", "origin": [8, 6.9, 8]},
			"faces": {
				"east": {"uv": [1, 0, 15, 15], "texture": "#1"},
				"west": {"uv": [1, 0, 15, 15], "texture": "#1"},
				"down": {"uv": [0, 0, 1, 1], "texture": "#1"}
			}
		},
		{
			"name": "hexadecagon",
			"from": [6.1, 6.4, 7.62207],
			"to": [9.9, 7.8, 8.37793],
			"rotation": {"angle": 0, "axis": "y", "origin": [8, 6.9, 8]},
			"faces": {
				"east": {"uv": [1, 0, 15, 15], "texture": "#1"},
				"west": {"uv": [1, 0, 15, 15], "texture": "#1"}
			}
		},
		{
			"name": "hexadecagon",
			"from": [6.1, 6.4, 7.62207],
			"to": [9.9, 7.8, 8.37793],
			"rotation": {"angle": 22.5, "axis": "y", "origin": [8, 6.9, 8]},
			"faces": {
				"east": {"uv": [1, 0, 15, 15], "texture": "#1"},
				"west": {"uv": [1, 0, 15, 15], "texture": "#1"},
				"down": {"uv": [0, 0, 1, 1], "texture": "#1"}
			}
		}
	],
	"display": {
		"thirdperson_righthand": {
			"translation": [0, 2.5, -2]
		},
		"thirdperson_lefthand": {
			"translation": [0, 2.5, -2]
		},
		"firstperson_righthand": {
			"translation": [-0.25, 6.25, -0.5],
			"scale": [0.8, 0.8, 0.7]
		},
		"firstperson_lefthand": {
			"translation": [1.5, 6.25, -0.5],
			"scale": [0.8, 0.8, 0.7]
		},
		"ground": {
			"translation": [0, 5, 0]
		},
		"gui": {
			"rotation": [46, 0, -35],
			"translation": [2.75, 2.5, 0]
		},
		"fixed": {
			"translation": [-0.25, 3.75, -2]
		}
	},
	"groups": [
		0,
		1,
		2,
		3,
		4,
		{
			"name": "hexadecagon",
			"origin": [8, 8, 8],
			"color": 0,
			"children": [5, 6, 7, 8, 9, 10, 11, 12]
		}
	]
}