{
	"credit": "Made with Blockbench",
	"textures": {
		"0": "block/grass_base",
		"2": "block/grass_base_B",
		"3": "block/large_fern_bottom",
		"particle": "block/grass_base"
	},
	"elements": [
		{
			"from": [7, -4, 12],
			"to": [10, 4, 16],
			"faces": {
				"north": {"uv": [0, 0, 2, 8], "texture": "#0", "tintindex": 0},
				"south": {"uv": [0, 0, 2, 8], "texture": "#0", "tintindex": 0},
				"up": {"uv": [0, 0, 2, 4], "texture": "#0", "tintindex": 0},
				"down": {"uv": [0, 0, 2, 4], "texture": "#0", "tintindex": 0}
			}
		},
		{
			"from": [7, -4, 12],
			"to": [7, 4, 16],
			"faces": {
				"west": {"uv": [0, 0, 16, 16], "texture": "#2", "tintindex": 0}
			}
		},
		{
			"from": [10, -4, 12],
			"to": [10, 4, 16],
			"faces": {
				"east": {"uv": [0, 0, 16, 16], "texture": "#2", "tintindex": 0}
			}
		},
		{
			"from": [8, 0, 0],
			"to": [8, 16, 16],
			"faces": {
				"east": {"uv": [16, 0, 0, 16], "texture": "#3", "tintindex": 0},
				"west": {"uv": [0, 0, 16, 16], "texture": "#3", "tintindex": 0}
			}
		},
		{
			"from": [9, 0, 0],
			"to": [9, 16, 16],
			"faces": {
				"east": {"uv": [16, 0, 0, 16], "texture": "#3", "tintindex": 0},
				"west": {"uv": [0, 0, 16, 16], "texture": "#3", "tintindex": 0}
			}
		},
		{
			"from": [8, 4, 12],
			"to": [9, 10, 15],
			"faces": {
				"north": {"uv": [0, 0, 1, 6], "texture": "#0", "tintindex": 0},
				"south": {"uv": [0, 0, 1, 6], "texture": "#0", "tintindex": 0},
				"up": {"uv": [0, 0, 1, 3], "texture": "#0", "tintindex": 0}
			}
		},
		{
			"from": [8, 10, 10],
			"to": [9, 15, 13],
			"faces": {
				"north": {"uv": [0, 0, 1, 5], "texture": "#0", "tintindex": 0},
				"south": {"uv": [0, 0, 1, 5], "texture": "#0", "tintindex": 0},
				"up": {"uv": [0, 0, 1, 3], "texture": "#0", "tintindex": 0}
			}
		},
		{
			"from": [8, 10, 14],
			"to": [9, 16, 15],
			"faces": {
				"north": {"uv": [0, 0, 1, 6], "texture": "#0", "tintindex": 0},
				"south": {"uv": [0, 0, 1, 6], "texture": "#0", "tintindex": 0},
				"up": {"uv": [0, 0, 1, 1], "texture": "#0", "tintindex": 0}
			}
		},
		{
			"from": [8, 15, 12],
			"to": [9, 16, 13],
			"faces": {
				"north": {"uv": [0, 0, 1, 1], "texture": "#0", "tintindex": 0},
				"south": {"uv": [0, 0, 1, 1], "texture": "#0", "tintindex": 0},
				"up": {"uv": [0, 0, 1, 1], "texture": "#0", "tintindex": 0}
			}
		},
		{
			"from": [8, 15, 5],
			"to": [9, 16, 11],
			"faces": {
				"north": {"uv": [0, 0, 1, 1], "texture": "#0", "tintindex": 0},
				"south": {"uv": [0, 0, 1, 1], "texture": "#0", "tintindex": 0},
				"up": {"uv": [0, 0, 1, 6], "texture": "#0", "tintindex": 0},
				"down": {"uv": [0, 0, 1, 6], "texture": "#0", "tintindex": 0}
			}
		},
		{
			"from": [8, 13, 6],
			"to": [9, 14, 10],
			"faces": {
				"north": {"uv": [0, 0, 1, 1], "texture": "#0", "tintindex": 0},
				"up": {"uv": [0, 0, 1, 4], "texture": "#0", "tintindex": 0},
				"down": {"uv": [0, 0, 1, 4], "texture": "#0", "tintindex": 0}
			}
		},
		{
			"from": [8, 11, 7],
			"to": [9, 12, 10],
			"faces": {
				"north": {"uv": [0, 0, 1, 1], "texture": "#0", "tintindex": 0},
				"up": {"uv": [0, 0, 1, 3], "texture": "#0", "tintindex": 0},
				"down": {"uv": [0, 0, 1, 3], "texture": "#0", "tintindex": 0}
			}
		},
		{
			"from": [8, 9, 8],
			"to": [9, 10, 12],
			"faces": {
				"north": {"uv": [0, 0, 1, 1], "texture": "#0", "tintindex": 0},
				"up": {"uv": [0, 0, 1, 4], "texture": "#0", "tintindex": 0},
				"down": {"uv": [0, 0, 1, 4], "texture": "#0", "tintindex": 0}
			}
		},
		{
			"from": [8, 7, 9],
			"to": [9, 8, 12],
			"faces": {
				"north": {"uv": [0, 0, 1, 1], "texture": "#0", "tintindex": 0},
				"up": {"uv": [0, 0, 1, 3], "texture": "#0", "tintindex": 0},
				"down": {"uv": [0, 0, 1, 3], "texture": "#0", "tintindex": 0}
			}
		},
		{
			"from": [8, 5, 10],
			"to": [9, 6, 12],
			"faces": {
				"north": {"uv": [0, 0, 1, 1], "texture": "#0", "tintindex": 0},
				"up": {"uv": [0, 0, 1, 2], "texture": "#0", "tintindex": 0},
				"down": {"uv": [0, 0, 1, 2], "texture": "#0", "tintindex": 0}
			}
		},
		{
			"from": [8, 0, 6],
			"to": [9, 1, 12],
			"faces": {
				"north": {"uv": [0, 0, 1, 1], "texture": "#0", "tintindex": 0},
				"up": {"uv": [0, 0, 1, 6], "texture": "#0", "tintindex": 0},
				"down": {"uv": [0, 0, 1, 6], "texture": "#0", "tintindex": 0}
			}
		},
		{
			"from": [8, 2, 3],
			"to": [9, 3, 9],
			"faces": {
				"north": {"uv": [0, 0, 1, 1], "texture": "#0", "tintindex": 0},
				"south": {"uv": [0, 0, 1, 1], "texture": "#0", "tintindex": 0},
				"up": {"uv": [0, 0, 1, 6], "texture": "#0", "tintindex": 0},
				"down": {"uv": [0, 0, 1, 6], "texture": "#0", "tintindex": 0}
			}
		},
		{
			"from": [8, 4, 1],
			"to": [9, 5, 7],
			"faces": {
				"north": {"uv": [0, 0, 1, 1], "texture": "#0", "tintindex": 0},
				"south": {"uv": [0, 0, 1, 1], "texture": "#0", "tintindex": 0},
				"up": {"uv": [0, 0, 1, 6], "texture": "#0", "tintindex": 0},
				"down": {"uv": [0, 0, 1, 6], "texture": "#0", "tintindex": 0}
			}
		},
		{
			"from": [8, 6, 0],
			"to": [9, 7, 5],
			"faces": {
				"north": {"uv": [0, 0, 1, 1], "texture": "#0", "tintindex": 0},
				"south": {"uv": [0, 0, 1, 1], "texture": "#0", "tintindex": 0},
				"up": {"uv": [0, 0, 1, 5], "texture": "#0", "tintindex": 0},
				"down": {"uv": [0, 0, 1, 5], "texture": "#0", "tintindex": 0}
			}
		},
		{
			"from": [8, 8, 0],
			"to": [9, 9, 3],
			"faces": {
				"north": {"uv": [0, 0, 1, 1], "texture": "#0", "tintindex": 0},
				"south": {"uv": [0, 0, 1, 1], "texture": "#0", "tintindex": 0},
				"up": {"uv": [0, 0, 1, 3], "texture": "#0", "tintindex": 0},
				"down": {"uv": [0, 0, 1, 3], "texture": "#0", "tintindex": 0}
			}
		},
		{
			"from": [8, 10, 0],
			"to": [9, 11, 1],
			"faces": {
				"north": {"uv": [0, 0, 1, 1], "texture": "#0", "tintindex": 0},
				"south": {"uv": [0, 0, 1, 1], "texture": "#0", "tintindex": 0},
				"up": {"uv": [0, 0, 1, 1], "texture": "#0", "tintindex": 0},
				"down": {"uv": [0, 0, 1, 1], "texture": "#0", "tintindex": 0}
			}
		},
		{
			"from": [8, 10, 2],
			"to": [9, 11, 3],
			"faces": {
				"north": {"uv": [0, 0, 1, 1], "texture": "#0", "tintindex": 0},
				"south": {"uv": [0, 0, 1, 1], "texture": "#0", "tintindex": 0},
				"up": {"uv": [0, 0, 1, 1], "texture": "#0", "tintindex": 0}
			}
		},
		{
			"from": [8, 8, 4],
			"to": [9, 10, 5],
			"faces": {
				"north": {"uv": [0, 0, 1, 2], "texture": "#0", "tintindex": 0},
				"south": {"uv": [0, 0, 1, 2], "texture": "#0", "tintindex": 0},
				"up": {"uv": [0, 0, 1, 1], "texture": "#0", "tintindex": 0}
			}
		},
		{
			"from": [8, 6, 6],
			"to": [9, 9, 7],
			"faces": {
				"north": {"uv": [0, 0, 1, 3], "texture": "#0", "tintindex": 0},
				"south": {"uv": [0, 0, 1, 3], "texture": "#0", "tintindex": 0},
				"up": {"uv": [0, 0, 1, 1], "texture": "#0", "tintindex": 0}
			}
		},
		{
			"from": [8, 4, 8],
			"to": [9, 7, 9],
			"faces": {
				"north": {"uv": [0, 0, 1, 3], "texture": "#0", "tintindex": 0},
				"south": {"uv": [0, 0, 1, 3], "texture": "#0", "tintindex": 0},
				"up": {"uv": [0, 0, 1, 1], "texture": "#0", "tintindex": 0}
			}
		},
		{
			"from": [8, 2, 10],
			"to": [9, 4, 11],
			"faces": {
				"north": {"uv": [0, 0, 1, 2], "texture": "#0", "tintindex": 0},
				"south": {"uv": [0, 0, 1, 2], "texture": "#0", "tintindex": 0},
				"up": {"uv": [0, 0, 1, 1], "texture": "#0", "tintindex": 0}
			}
		},
		{
			"from": [8, 9, 1],
			"to": [9, 10, 3],
			"faces": {
				"north": {"uv": [0, 0, 1, 1], "texture": "#0", "tintindex": 0},
				"south": {"uv": [0, 0, 1, 1], "texture": "#0", "tintindex": 0},
				"up": {"uv": [0, 0, 1, 2], "texture": "#0", "tintindex": 0}
			}
		},
		{
			"from": [8, 7, 2],
			"to": [9, 8, 5],
			"faces": {
				"north": {"uv": [0, 0, 1, 1], "texture": "#0", "tintindex": 0},
				"south": {"uv": [0, 0, 1, 1], "texture": "#0", "tintindex": 0},
				"up": {"uv": [0, 0, 1, 3], "texture": "#0", "tintindex": 0}
			}
		},
		{
			"from": [8, 5, 4],
			"to": [9, 6, 7],
			"faces": {
				"north": {"uv": [0, 0, 1, 1], "texture": "#0", "tintindex": 0},
				"south": {"uv": [0, 0, 1, 1], "texture": "#0", "tintindex": 0},
				"up": {"uv": [0, 0, 1, 3], "texture": "#0", "tintindex": 0}
			}
		},
		{
			"from": [8, 3, 6],
			"to": [9, 4, 9],
			"faces": {
				"north": {"uv": [0, 0, 1, 1], "texture": "#0", "tintindex": 0},
				"south": {"uv": [0, 0, 1, 1], "texture": "#0", "tintindex": 0},
				"up": {"uv": [0, 0, 1, 3], "texture": "#0", "tintindex": 0}
			}
		},
		{
			"from": [8, 1, 8],
			"to": [9, 2, 11],
			"faces": {
				"north": {"uv": [0, 0, 1, 1], "texture": "#0", "tintindex": 0},
				"south": {"uv": [0, 0, 1, 1], "texture": "#0", "tintindex": 0},
				"up": {"uv": [0, 0, 1, 3], "texture": "#0", "tintindex": 0}
			}
		}
	],
	"display": {
		"thirdperson_righthand": {
			"rotation": [4, 0, 0],
			"scale": [0.6, 0.6, 0.6]
		},
		"thirdperson_lefthand": {
			"rotation": [4, 0, 0],
			"scale": [0.6, 0.6, 0.6]
		},
		"firstperson_righthand": {
			"translation": [-0.25, 5, 0],
			"scale": [0.7, 0.7, 0.55]
		},
		"firstperson_lefthand": {
			"translation": [0.5, 5, 0],
			"scale": [0.7, 0.7, 0.55]
		},
		"ground": {
			"translation": [0, 5.25, 0]
		},
		"gui": {
			"rotation": [45, 59, 0],
			"translation": [-0.5, -0.5, 0],
			"scale": [0.7, 0.7, 0.7]
		},
		"fixed": {
			"rotation": [0, 90, 0],
			"translation": [0, -0.5, 0],
			"scale": [0.8, 0.8, 0.8]
		}
	}
}