{
	"credit": "Made with Blockbench",
	"textures": {
		"0": "block/grass_base",
		"4": "block/large_fern_top",
		"particle": "block/grass_base"
	},
	"elements": [
		{
			"from": [8, 0, 0],
			"to": [8, 16, 16],
			"faces": {
				"east": {"uv": [16, 0, 0, 16], "texture": "#4", "tintindex": 0},
				"west": {"uv": [0, 0, 16, 16], "texture": "#4", "tintindex": 0}
			}
		},
		{
			"from": [9, 0, 0],
			"to": [9, 16, 16],
			"faces": {
				"east": {"uv": [16, 0, 0, 16], "texture": "#4", "tintindex": 0},
				"west": {"uv": [0, 0, 16, 16], "texture": "#4", "tintindex": 0}
			}
		},
		{
			"from": [8, 0, 14],
			"to": [9, 1, 15],
			"rotation": {"angle": 0, "axis": "y", "origin": [0, 0, 16]},
			"faces": {
				"north": {"uv": [1, 0, 2, 1], "texture": "#0", "tintindex": 0},
				"south": {"uv": [1, 0, 2, 1], "texture": "#0", "tintindex": 0},
				"up": {"uv": [0, 1, 1, 2], "texture": "#0", "tintindex": 0},
				"down": {"uv": [0, 1, 1, 2], "texture": "#0", "tintindex": 0}
			}
		},
		{
			"from": [8, 0, 12],
			"to": [9, 5, 13],
			"rotation": {"angle": 0, "axis": "y", "origin": [0, 0, 16]},
			"faces": {
				"north": {"uv": [1, 0, 2, 5], "texture": "#0", "tintindex": 0},
				"south": {"uv": [1, 0, 2, 5], "texture": "#0", "tintindex": 0},
				"up": {"uv": [0, 1, 1, 2], "texture": "#0", "tintindex": 0},
				"down": {"uv": [0, 1, 1, 2], "texture": "#0", "tintindex": 0}
			}
		},
		{
			"from": [8, 4, 10],
			"to": [9, 9, 11],
			"rotation": {"angle": 0, "axis": "y", "origin": [0, 0, 16]},
			"faces": {
				"north": {"uv": [1, 0, 2, 5], "texture": "#0", "tintindex": 0},
				"south": {"uv": [1, 0, 2, 5], "texture": "#0", "tintindex": 0},
				"up": {"uv": [0, 1, 1, 2], "texture": "#0", "tintindex": 0}
			}
		},
		{
			"from": [8, 8, 8],
			"to": [9, 12, 9],
			"rotation": {"angle": 0, "axis": "y", "origin": [0, 0, 16]},
			"faces": {
				"north": {"uv": [1, 0, 2, 4], "texture": "#0", "tintindex": 0},
				"south": {"uv": [1, 0, 2, 4], "texture": "#0", "tintindex": 0},
				"up": {"uv": [0, 1, 1, 2], "texture": "#0", "tintindex": 0}
			}
		},
		{
			"from": [8, 11, 6],
			"to": [9, 14, 7],
			"rotation": {"angle": 0, "axis": "y", "origin": [0, 0, 16]},
			"faces": {
				"north": {"uv": [1, 0, 2, 3], "texture": "#0", "tintindex": 0},
				"south": {"uv": [1, 0, 2, 3], "texture": "#0", "tintindex": 0},
				"up": {"uv": [0, 1, 1, 2], "texture": "#0", "tintindex": 0}
			}
		},
		{
			"from": [8, 13, 4],
			"to": [9, 15, 5],
			"rotation": {"angle": 0, "axis": "y", "origin": [0, 0, 16]},
			"faces": {
				"north": {"uv": [1, 0, 2, 2], "texture": "#0", "tintindex": 0},
				"south": {"uv": [1, 0, 2, 2], "texture": "#0", "tintindex": 0},
				"up": {"uv": [0, 1, 1, 2], "texture": "#0", "tintindex": 0}
			}
		},
		{
			"from": [8, 15, 2],
			"to": [9, 16, 3],
			"rotation": {"angle": 0, "axis": "y", "origin": [0, 0, 16]},
			"faces": {
				"north": {"uv": [1, 0, 2, 1], "texture": "#0", "tintindex": 0},
				"south": {"uv": [1, 0, 2, 1], "texture": "#0", "tintindex": 0},
				"up": {"uv": [0, 1, 1, 2], "texture": "#0", "tintindex": 0}
			}
		},
		{
			"from": [8, 15, 0],
			"to": [9, 16, 1],
			"rotation": {"angle": 0, "axis": "y", "origin": [0, 0, 16]},
			"faces": {
				"north": {"uv": [1, 0, 2, 1], "texture": "#0", "tintindex": 0},
				"south": {"uv": [1, 0, 2, 1], "texture": "#0", "tintindex": 0},
				"up": {"uv": [0, 1, 1, 2], "texture": "#0", "tintindex": 0},
				"down": {"uv": [0, 1, 1, 2], "texture": "#0", "tintindex": 0}
			}
		},
		{
			"from": [8, 13, 0],
			"to": [9, 14, 1],
			"rotation": {"angle": 0, "axis": "y", "origin": [0, 0, 16]},
			"faces": {
				"north": {"uv": [1, 0, 2, 1], "texture": "#0", "tintindex": 0},
				"up": {"uv": [0, 1, 1, 2], "texture": "#0", "tintindex": 0},
				"down": {"uv": [0, 1, 1, 2], "texture": "#0", "tintindex": 0}
			}
		},
		{
			"from": [8, 11, 0],
			"to": [9, 12, 2],
			"rotation": {"angle": 0, "axis": "y", "origin": [0, 0, 16]},
			"faces": {
				"north": {"uv": [1, 0, 2, 1], "texture": "#0", "tintindex": 0},
				"up": {"uv": [0, 2, 1, 4], "texture": "#0", "tintindex": 0},
				"down": {"uv": [0, 2, 1, 4], "texture": "#0", "tintindex": 0}
			}
		},
		{
			"from": [8, 9, 0],
			"to": [9, 10, 4],
			"rotation": {"angle": 0, "axis": "y", "origin": [0, 0, 16]},
			"faces": {
				"north": {"uv": [1, 0, 2, 1], "texture": "#0", "tintindex": 0},
				"up": {"uv": [0, 4, 1, 8], "texture": "#0", "tintindex": 0},
				"down": {"uv": [0, 4, 1, 8], "texture": "#0", "tintindex": 0}
			}
		},
		{
			"from": [8, 7, 1],
			"to": [9, 8, 6],
			"rotation": {"angle": 0, "axis": "y", "origin": [0, 0, 16]},
			"faces": {
				"north": {"uv": [1, 0, 2, 1], "texture": "#0", "tintindex": 0},
				"up": {"uv": [0, 5, 1, 10], "texture": "#0", "tintindex": 0},
				"down": {"uv": [0, 5, 1, 10], "texture": "#0", "tintindex": 0}
			}
		},
		{
			"from": [8, 5, 2],
			"to": [9, 6, 6],
			"rotation": {"angle": 0, "axis": "y", "origin": [0, 0, 16]},
			"faces": {
				"north": {"uv": [1, 0, 2, 1], "texture": "#0", "tintindex": 0},
				"up": {"uv": [0, 4, 1, 8], "texture": "#0", "tintindex": 0},
				"down": {"uv": [0, 4, 1, 8], "texture": "#0", "tintindex": 0}
			}
		},
		{
			"from": [8, 3, 3],
			"to": [9, 4, 8],
			"rotation": {"angle": 0, "axis": "y", "origin": [0, 0, 16]},
			"faces": {
				"north": {"uv": [1, 0, 2, 1], "texture": "#0", "tintindex": 0},
				"up": {"uv": [0, 5, 1, 10], "texture": "#0", "tintindex": 0},
				"down": {"uv": [0, 5, 1, 10], "texture": "#0", "tintindex": 0}
			}
		},
		{
			"from": [8, 1, 4],
			"to": [9, 2, 8],
			"rotation": {"angle": 0, "axis": "y", "origin": [0, 0, 16]},
			"faces": {
				"north": {"uv": [1, 0, 2, 1], "texture": "#0", "tintindex": 0},
				"up": {"uv": [0, 4, 1, 8], "texture": "#0", "tintindex": 0},
				"down": {"uv": [0, 4, 1, 8], "texture": "#0", "tintindex": 0}
			}
		},
		{
			"from": [8, 0, 8],
			"to": [9, 4, 11],
			"rotation": {"angle": 0, "axis": "y", "origin": [0, 0, 16]},
			"faces": {
				"north": {"uv": [1, 0, 2, 4], "texture": "#0", "tintindex": 0},
				"south": {"uv": [1, 0, 2, 4], "texture": "#0", "tintindex": 0},
				"up": {"uv": [0, 3, 1, 6], "texture": "#0", "tintindex": 0},
				"down": {"uv": [0, 3, 1, 6], "texture": "#0", "tintindex": 0}
			}
		},
		{
			"from": [8, 4, 6],
			"to": [9, 8, 9],
			"rotation": {"angle": 0, "axis": "y", "origin": [0, 0, 16]},
			"faces": {
				"north": {"uv": [1, 0, 2, 4], "texture": "#0", "tintindex": 0},
				"south": {"uv": [1, 0, 2, 4], "texture": "#0", "tintindex": 0},
				"up": {"uv": [0, 3, 1, 6], "texture": "#0", "tintindex": 0}
			}
		},
		{
			"from": [8, 8, 4],
			"to": [9, 11, 7],
			"rotation": {"angle": 0, "axis": "y", "origin": [0, 0, 16]},
			"faces": {
				"north": {"uv": [1, 0, 2, 3], "texture": "#0", "tintindex": 0},
				"south": {"uv": [1, 0, 2, 3], "texture": "#0", "tintindex": 0},
				"up": {"uv": [0, 3, 1, 6], "texture": "#0", "tintindex": 0}
			}
		},
		{
			"from": [8, 11, 2],
			"to": [9, 13, 5],
			"rotation": {"angle": 0, "axis": "y", "origin": [0, 0, 16]},
			"faces": {
				"north": {"uv": [1, 0, 2, 2], "texture": "#0", "tintindex": 0},
				"south": {"uv": [1, 0, 2, 2], "texture": "#0", "tintindex": 0},
				"up": {"uv": [0, 3, 1, 6], "texture": "#0", "tintindex": 0},
				"down": {"uv": [0, 3, 1, 6], "texture": "#0", "tintindex": 0}
			}
		},
		{
			"from": [8, 13, 1],
			"to": [9, 15, 3],
			"rotation": {"angle": 0, "axis": "y", "origin": [0, 0, 16]},
			"faces": {
				"north": {"uv": [1, 0, 2, 2], "texture": "#0", "tintindex": 0},
				"south": {"uv": [1, 0, 2, 2], "texture": "#0", "tintindex": 0},
				"up": {"uv": [0, 2, 1, 4], "texture": "#0", "tintindex": 0},
				"down": {"uv": [0, 2, 1, 4], "texture": "#0", "tintindex": 0}
			}
		}
	],
	"display": {
		"thirdperson_righthand": {
			"rotation": [52, 0, 0],
			"translation": [0, 4.5, 5.25],
			"scale": [0.8, 0.8, 0.8]
		},
		"thirdperson_lefthand": {
			"rotation": [42, 0, 0],
			"translation": [0, 5, 3.25],
			"scale": [0.8, 0.8, 0.8]
		},
		"firstperson_righthand": {
			"translation": [1.25, 4.75, 0],
			"scale": [0.8, 0.8, 0.6]
		},
		"firstperson_lefthand": {
			"translation": [1.75, 4.75, 0],
			"scale": [0.8, 0.8, 0.6]
		},
		"ground": {
			"translation": [0, 5.75, 0]
		},
		"gui": {
			"rotation": [45, 62, 0],
			"translation": [0.5, 0, 0],
			"scale": [0.8, 0.8, 0.8]
		},
		"fixed": {
			"rotation": [0, 90, 0],
			"translation": [0.5, 0.25, 0]
		}
	}
}