{
	"credit": "Made with Blockbench",
	"textures": {
		"2": "block/flower/allium_top",
		"3": "block/flower/allium_B",
		"4": "block/crops/crops_leaves",
		"particle": "block/crops/crops_leaves"
	},
	"elements": [
		{
			"from": [8, -2, 12],
			"to": [9, 0, 13],
			"rotation": {"angle": 0, "axis": "y", "origin": [0, -18, 0]},
			"faces": {
				"north": {"uv": [0, 0, 16, 15], "texture": "#4"},
				"east": {"uv": [1, 0, 15, 15], "texture": "#4"},
				"south": {"uv": [0, 0, 16, 15], "texture": "#4"},
				"west": {"uv": [1, 0, 15, 15], "texture": "#4"},
				"up": {"uv": [0, 0, 16, 16], "texture": "#4"},
				"down": {"uv": [0, 0, 16, 16], "texture": "#4"}
			}
		},
		{
			"from": [8, -1, 11],
			"to": [9, 4, 12],
			"rotation": {"angle": 0, "axis": "y", "origin": [0, -18, 0]},
			"faces": {
				"north": {"uv": [0, 0, 16, 16], "texture": "#4"},
				"east": {"uv": [1, 0, 15, 16], "texture": "#4"},
				"south": {"uv": [0, 0, 16, 16], "texture": "#4"},
				"west": {"uv": [0, 0, 15, 16], "texture": "#4"},
				"up": {"uv": [0, 0, 16, 16], "texture": "#4"}
			}
		},
		{
			"from": [8, 3, 12],
			"to": [9, 7, 13],
			"rotation": {"angle": 0, "axis": "y", "origin": [0, -18, 0]},
			"faces": {
				"north": {"uv": [0, 0, 16, 16], "texture": "#4"},
				"east": {"uv": [1, 0, 15, 16], "texture": "#4"},
				"south": {"uv": [0, 0, 16, 16], "texture": "#4"},
				"west": {"uv": [1, 0, 15, 16], "texture": "#4"},
				"up": {"uv": [0, 0, 16, 16], "texture": "#4"},
				"down": {"uv": [0, 0, 16, 16], "texture": "#4"}
			}
		},
		{
			"from": [8, 6, 13],
			"to": [9, 10, 14],
			"rotation": {"angle": 0, "axis": "y", "origin": [0, -18, 0]},
			"faces": {
				"north": {"uv": [0, 0, 16, 16], "texture": "#4"},
				"east": {"uv": [1, 0, 15, 16], "texture": "#4"},
				"south": {"uv": [0, 0, 16, 16], "texture": "#4"},
				"west": {"uv": [1, 0, 16, 16], "texture": "#4"},
				"up": {"uv": [0, 0, 16, 16], "texture": "#4"},
				"down": {"uv": [0, 0, 16, 16], "texture": "#4"}
			}
		},
		{
			"from": [8, 9, 12],
			"to": [9, 13, 13],
			"rotation": {"angle": 0, "axis": "y", "origin": [0, -18, 0]},
			"faces": {
				"north": {"uv": [0, 0, 16, 16], "texture": "#4"},
				"east": {"uv": [1, 0, 15, 16], "texture": "#4"},
				"south": {"uv": [0, 0, 16, 16], "texture": "#4"},
				"west": {"uv": [0, 0, 15, 16], "texture": "#4"},
				"up": {"uv": [0, 0, 16, 15], "texture": "#4"},
				"down": {"uv": [0, 0, 16, 16], "texture": "#4"}
			}
		},
		{
			"from": [8, 12, 13],
			"to": [9, 13, 14],
			"rotation": {"angle": 0, "axis": "y", "origin": [0, -18, 0]},
			"faces": {
				"east": {"uv": [0, 0, 15, 16], "texture": "#4"},
				"south": {"uv": [0, 0, 16, 16], "texture": "#4"},
				"west": {"uv": [1, 0, 16, 16], "texture": "#4"},
				"up": {"uv": [0, 1, 16, 16], "texture": "#4"},
				"down": {"uv": [0, 0, 16, 16], "texture": "#4"}
			}
		},
		{
			"from": [8, -2, 7],
			"to": [9, 1, 8],
			"rotation": {"angle": 0, "axis": "y", "origin": [0, -18, 0]},
			"faces": {
				"north": {"uv": [0, 0, 16, 15], "texture": "#4"},
				"east": {"uv": [1, 0, 15, 15], "texture": "#4"},
				"south": {"uv": [0, 0, 16, 15], "texture": "#4"},
				"west": {"uv": [1, 0, 15, 15], "texture": "#4"},
				"up": {"uv": [0, 0, 16, 16], "texture": "#4"}
			}
		},
		{
			"from": [8, 0, 8],
			"to": [9, 5, 9],
			"rotation": {"angle": 0, "axis": "y", "origin": [0, -18, 0]},
			"faces": {
				"north": {"uv": [0, 0, 16, 16], "texture": "#4"},
				"east": {"uv": [1, 0, 15, 16], "texture": "#4"},
				"south": {"uv": [0, 0, 16, 16], "texture": "#4"},
				"west": {"uv": [1, 0, 16, 16], "texture": "#4"},
				"up": {"uv": [0, 0, 16, 16], "texture": "#4"},
				"down": {"uv": [0, 0, 16, 16], "texture": "#4"}
			}
		},
		{
			"from": [8, 4, 7],
			"to": [9, 8, 8],
			"rotation": {"angle": 0, "axis": "y", "origin": [0, -18, 0]},
			"faces": {
				"north": {"uv": [0, 0, 16, 16], "texture": "#4"},
				"east": {"uv": [1, 0, 15, 16], "texture": "#4"},
				"south": {"uv": [0, 0, 16, 16], "texture": "#4"},
				"west": {"uv": [1, 0, 15, 16], "texture": "#4"},
				"up": {"uv": [0, 0, 16, 16], "texture": "#4"},
				"down": {"uv": [0, 0, 16, 16], "texture": "#4"}
			}
		},
		{
			"from": [8, 7, 8],
			"to": [9, 10, 9],
			"rotation": {"angle": 0, "axis": "y", "origin": [0, -18, 0]},
			"faces": {
				"north": {"uv": [0, 0, 16, 16], "texture": "#4"},
				"east": {"uv": [1, 0, 15, 16], "texture": "#4"},
				"south": {"uv": [0, 0, 16, 16], "texture": "#4"},
				"west": {"uv": [1, 0, 16, 16], "texture": "#4"},
				"up": {"uv": [0, 0, 16, 16], "texture": "#4"},
				"down": {"uv": [0, 0, 16, 16], "texture": "#4"}
			}
		},
		{
			"from": [8, 9, 7],
			"to": [9, 12, 8],
			"rotation": {"angle": 0, "axis": "y", "origin": [0, -18, 0]},
			"faces": {
				"north": {"uv": [0, 0, 16, 16], "texture": "#4"},
				"south": {"uv": [0, 0, 16, 16], "texture": "#4"},
				"west": {"uv": [1, 0, 15, 16], "texture": "#4"},
				"up": {"uv": [0, 0, 16, 16], "texture": "#4"},
				"down": {"uv": [0, 0, 16, 16], "texture": "#4"}
			}
		},
		{
			"from": [8, 11, 6],
			"to": [9, 13, 7],
			"rotation": {"angle": 0, "axis": "y", "origin": [0, -18, 0]},
			"faces": {
				"north": {"uv": [0, 1, 16, 16], "texture": "#4"},
				"south": {"uv": [0, 0, 16, 16], "texture": "#4"},
				"west": {"uv": [1, 1, 15, 16], "texture": "#4"},
				"down": {"uv": [0, 0, 16, 16], "texture": "#4"}
			}
		},
		{
			"from": [8, 13, 6],
			"to": [9, 14, 8],
			"rotation": {"angle": 0, "axis": "y", "origin": [0, -18, 0]},
			"faces": {
				"north": {"uv": [0, 0, 16, 15], "texture": "#4"},
				"east": {"uv": [0, 0, 16, 16], "texture": "#4"},
				"south": {"uv": [0, 0, 16, 16], "texture": "#4"},
				"west": {"uv": [0, 0, 16, 15], "texture": "#4"},
				"up": {"uv": [0, 0, 16, 16], "texture": "#4"},
				"down": {"uv": [0, 0, 16, 16], "texture": "#4"}
			}
		},
		{
			"from": [8, -2, 4],
			"to": [9, 0, 5],
			"rotation": {"angle": 0, "axis": "y", "origin": [0, -18, 0]},
			"faces": {
				"north": {"uv": [0, 0, 16, 15], "texture": "#4"},
				"east": {"uv": [1, 0, 15, 15], "texture": "#4"},
				"south": {"uv": [0, 0, 16, 15], "texture": "#4"},
				"west": {"uv": [1, 0, 15, 15], "texture": "#4"},
				"up": {"uv": [0, 0, 16, 16], "texture": "#4"}
			}
		},
		{
			"from": [8, -1, 3],
			"to": [9, 4, 4],
			"rotation": {"angle": 0, "axis": "y", "origin": [0, -18, 0]},
			"faces": {
				"north": {"uv": [0, 0, 16, 16], "texture": "#4"},
				"east": {"uv": [1, 0, 15, 16], "texture": "#4"},
				"south": {"uv": [0, 0, 16, 16], "texture": "#4"},
				"west": {"uv": [0, 0, 15, 16], "texture": "#4"},
				"up": {"uv": [0, 0, 16, 16], "texture": "#4"},
				"down": {"uv": [0, 0, 16, 16], "texture": "#4"}
			}
		},
		{
			"from": [8, 3, 2],
			"to": [9, 7, 3],
			"rotation": {"angle": 0, "axis": "y", "origin": [0, -18, 0]},
			"faces": {
				"north": {"uv": [0, 0, 16, 16], "texture": "#4"},
				"east": {"uv": [1, 0, 15, 16], "texture": "#4"},
				"south": {"uv": [0, 0, 16, 16], "texture": "#4"},
				"west": {"uv": [1, 0, 15, 16], "texture": "#4"},
				"up": {"uv": [0, 0, 16, 16], "texture": "#4"},
				"down": {"uv": [0, 0, 16, 16], "texture": "#4"}
			}
		},
		{
			"from": [8, 6, 1],
			"to": [9, 9, 2],
			"rotation": {"angle": 0, "axis": "y", "origin": [0, -18, 0]},
			"faces": {
				"north": {"uv": [0, 0, 16, 16], "texture": "#4"},
				"east": {"uv": [1, 0, 16, 16], "texture": "#4"},
				"south": {"uv": [0, 0, 16, 16], "texture": "#4"},
				"west": {"uv": [0, 0, 15, 16], "texture": "#4"},
				"up": {"uv": [0, 0, 16, 16], "texture": "#4"},
				"down": {"uv": [0, 0, 16, 16], "texture": "#4"}
			}
		},
		{
			"from": [8, 8, 2],
			"to": [9, 12, 3],
			"rotation": {"angle": 0, "axis": "y", "origin": [0, -18, 0]},
			"faces": {
				"north": {"uv": [0, 0, 16, 16], "texture": "#4"},
				"east": {"uv": [0, 0, 15, 16], "texture": "#4"},
				"south": {"uv": [0, 0, 16, 16], "texture": "#4"},
				"west": {"uv": [1, 0, 16, 16], "texture": "#4"},
				"up": {"uv": [0, 1, 16, 16], "texture": "#4"},
				"down": {"uv": [0, 0, 16, 16], "texture": "#4"}
			}
		},
		{
			"from": [8, 11, 1],
			"to": [9, 12, 2],
			"rotation": {"angle": 0, "axis": "y", "origin": [0, -18, 0]},
			"faces": {
				"north": {"uv": [0, 0, 16, 16], "texture": "#4"},
				"east": {"uv": [1, 0, 16, 16], "texture": "#4"},
				"west": {"uv": [0, 0, 15, 16], "texture": "#4"},
				"up": {"uv": [0, 0, 16, 15], "texture": "#4"},
				"down": {"uv": [0, 0, 16, 16], "texture": "#4"}
			}
		},
		{
			"from": [8, -2, 14],
			"to": [9, 0, 15],
			"rotation": {"angle": 0, "axis": "y", "origin": [0, -18, 0]},
			"faces": {
				"north": {"uv": [0, 0, 16, 16], "texture": "#4"},
				"east": {"uv": [0, 0, 16, 16], "texture": "#4"},
				"south": {"uv": [0, 0, 16, 16], "texture": "#4"},
				"west": {"uv": [0, 0, 16, 16], "texture": "#4"},
				"up": {"uv": [0, 0, 16, 16], "texture": "#4"},
				"down": {"uv": [0, 0, 16, 16], "texture": "#4"}
			}
		},
		{
			"from": [8, 0, 2],
			"to": [9, 1, 3],
			"rotation": {"angle": 0, "axis": "y", "origin": [0, -18, 0]},
			"faces": {
				"north": {"uv": [0, 0, 16, 16], "texture": "#4"},
				"east": {"uv": [1, 0, 16, 16], "texture": "#4"},
				"west": {"uv": [0, 0, 15, 16], "texture": "#4"},
				"up": {"uv": [0, 0, 16, 16], "texture": "#4"},
				"down": {"uv": [0, 0, 16, 16], "texture": "#4"}
			}
		},
		{
			"from": [8, 1, 1],
			"to": [9, 2, 2],
			"rotation": {"angle": 0, "axis": "y", "origin": [0, -18, 0]},
			"faces": {
				"north": {"uv": [0, 0, 16, 16], "texture": "#4"},
				"east": {"uv": [0, 0, 16, 16], "texture": "#4"},
				"south": {"uv": [0, 0, 16, 16], "texture": "#4"},
				"west": {"uv": [0, 0, 16, 16], "texture": "#4"},
				"up": {"uv": [0, 0, 16, 16], "texture": "#4"},
				"down": {"uv": [0, 0, 16, 16], "texture": "#4"}
			}
		},
		{
			"from": [8, 8, 14],
			"to": [9, 9, 15],
			"rotation": {"angle": 0, "axis": "y", "origin": [0, -18, 0]},
			"faces": {
				"east": {"uv": [0, 0, 15, 16], "texture": "#4"},
				"south": {"uv": [0, 0, 16, 16], "texture": "#4"},
				"up": {"uv": [0, 0, 16, 16], "texture": "#4"},
				"down": {"uv": [0, 0, 16, 16], "texture": "#4"}
			}
		},
		{
			"from": [8, 9, 15],
			"to": [9, 10, 16],
			"rotation": {"angle": 0, "axis": "y", "origin": [0, -18, 0]},
			"faces": {
				"north": {"uv": [0, 0, 16, 16], "texture": "#4"},
				"east": {"uv": [0, 0, 16, 16], "texture": "#4"},
				"south": {"uv": [0, 0, 16, 16], "texture": "#4"},
				"west": {"uv": [0, 0, 16, 16], "texture": "#4"},
				"up": {"uv": [0, 0, 16, 16], "texture": "#4"},
				"down": {"uv": [0, 0, 16, 16], "texture": "#4"}
			}
		},
		{
			"from": [8, 5, 6],
			"to": [9, 6, 7],
			"rotation": {"angle": 0, "axis": "y", "origin": [0, -18, 0]},
			"faces": {
				"north": {"uv": [0, 0, 16, 16], "texture": "#4"},
				"east": {"uv": [1, 0, 16, 16], "texture": "#4"},
				"west": {"uv": [0, 0, 15, 16], "texture": "#4"},
				"up": {"uv": [0, 0, 16, 16], "texture": "#4"},
				"down": {"uv": [0, 0, 16, 16], "texture": "#4"}
			}
		},
		{
			"from": [8, 6, 5],
			"to": [9, 8, 6],
			"rotation": {"angle": 0, "axis": "y", "origin": [0, -18, 0]},
			"faces": {
				"north": {"uv": [0, 0, 16, 16], "texture": "#4"},
				"east": {"uv": [0, 0, 16, 16], "texture": "#4"},
				"south": {"uv": [0, 0, 16, 16], "texture": "#4"},
				"west": {"uv": [0, 0, 16, 16], "texture": "#4"},
				"up": {"uv": [0, 0, 16, 16], "texture": "#4"},
				"down": {"uv": [0, 0, 16, 16], "texture": "#4"}
			}
		},
		{
			"from": [9, -1, 8],
			"to": [10.5, 3, 12],
			"rotation": {"angle": 0, "axis": "y", "origin": [-0.4, -22, -5]},
			"faces": {
				"north": {"uv": [0, 0, 16, 16], "texture": "#2"},
				"east": {"uv": [0, 0, 16, 16], "texture": "#2"},
				"south": {"uv": [0, 0, 16, 16], "texture": "#2"},
				"west": {"uv": [0, 0, 16, 16], "texture": "#2"},
				"up": {"uv": [0, 0, 16, 16], "texture": "#2"},
				"down": {"uv": [0, 0, 16, 16], "texture": "#2"}
			}
		},
		{
			"from": [11.3, -1, 8],
			"to": [11.3, 3, 12],
			"rotation": {"angle": 0, "axis": "y", "origin": [-0.4, -22, -5]},
			"faces": {
				"east": {"uv": [0, 0, 16, 16], "texture": "#3"},
				"west": {"uv": [0, 0, 16, 16], "texture": "#3"}
			}
		},
		{
			"name": "hexadecagon",
			"from": [10.5, 0.76131, 8.8],
			"to": [11.3, 1.23869, 11.2],
			"rotation": {"angle": -45, "axis": "x", "origin": [11, 1, 10]},
			"faces": {
				"north": {"uv": [0, 1, 8, 15], "texture": "#2"},
				"south": {"uv": [8, 1, 16, 15], "texture": "#2"}
			}
		},
		{
			"name": "hexadecagon",
			"from": [10.5, 0.76131, 8.8],
			"to": [11.3, 1.23869, 11.2],
			"rotation": {"angle": -22.5, "axis": "x", "origin": [11, 1, 10]},
			"faces": {
				"north": {"uv": [0, 1, 8, 15], "texture": "#2"},
				"south": {"uv": [8, 1, 16, 15], "texture": "#2"}
			}
		},
		{
			"name": "hexadecagon",
			"from": [10.5, 0.76131, 8.8],
			"to": [11.3, 1.23869, 11.2],
			"rotation": {"angle": 0, "axis": "x", "origin": [11, 1, 10]},
			"faces": {
				"north": {"uv": [0, 1, 8, 15], "texture": "#2"},
				"south": {"uv": [8, 1, 16, 15], "texture": "#2"}
			}
		},
		{
			"name": "hexadecagon",
			"from": [10.5, 0.76131, 8.8],
			"to": [11.3, 1.23869, 11.2],
			"rotation": {"angle": 22.5, "axis": "x", "origin": [11, 1, 10]},
			"faces": {
				"north": {"uv": [0, 1, 8, 15], "texture": "#2"},
				"south": {"uv": [8, 1, 16, 15], "texture": "#2"}
			}
		},
		{
			"name": "hexadecagon",
			"from": [10.5, 0.76131, 8.8],
			"to": [11.3, 1.23869, 11.2],
			"rotation": {"angle": 45, "axis": "x", "origin": [11, 1, 10]},
			"faces": {
				"north": {"uv": [0, 1, 8, 15], "texture": "#2"},
				"south": {"uv": [8, 1, 16, 15], "texture": "#2"}
			}
		},
		{
			"name": "hexadecagon",
			"from": [10.5, -0.2, 9.76131],
			"to": [11.3, 2.2, 10.23869],
			"rotation": {"angle": -22.5, "axis": "x", "origin": [11, 1, 10]},
			"faces": {
				"up": {"uv": [8, 1, 16, 15], "texture": "#2"},
				"down": {"uv": [8, 1, 16, 15], "texture": "#2"}
			}
		},
		{
			"name": "hexadecagon",
			"from": [10.5, -0.2, 9.76131],
			"to": [11.3, 2.2, 10.23869],
			"rotation": {"angle": 0, "axis": "x", "origin": [11, 1, 10]},
			"faces": {
				"up": {"uv": [8, 1, 16, 15], "texture": "#2"},
				"down": {"uv": [8, 1, 16, 15], "texture": "#2"}
			}
		},
		{
			"name": "hexadecagon",
			"from": [10.5, -0.2, 9.76131],
			"to": [11.3, 2.2, 10.23869],
			"rotation": {"angle": 22.5, "axis": "x", "origin": [11, 1, 10]},
			"faces": {
				"up": {"uv": [8, 1, 16, 15], "texture": "#2"},
				"down": {"uv": [8, 1, 16, 15], "texture": "#2"}
			}
		},
		{
			"from": [9, 9, 6],
			"to": [10.5, 13, 10],
			"rotation": {"angle": 0, "axis": "y", "origin": [-0.4, -12, -7]},
			"faces": {
				"north": {"uv": [0, 0, 16, 16], "texture": "#2"},
				"east": {"uv": [0, 0, 16, 16], "texture": "#2"},
				"south": {"uv": [0, 0, 16, 16], "texture": "#2"},
				"west": {"uv": [0, 0, 16, 16], "texture": "#2"},
				"up": {"uv": [0, 0, 16, 16], "texture": "#2"},
				"down": {"uv": [0, 0, 16, 16], "texture": "#2"}
			}
		},
		{
			"from": [11.3, 9, 6],
			"to": [11.3, 13, 10],
			"rotation": {"angle": 0, "axis": "y", "origin": [-0.4, -12, -7]},
			"faces": {
				"east": {"uv": [0, 0, 16, 16], "texture": "#3"},
				"west": {"uv": [0, 0, 16, 16], "texture": "#3"}
			}
		},
		{
			"name": "hexadecagon",
			"from": [10.5, 10.76131, 6.8],
			"to": [11.3, 11.23869, 9.2],
			"rotation": {"angle": -45, "axis": "x", "origin": [11, 11, 8]},
			"faces": {
				"north": {"uv": [0, 1, 8, 15], "texture": "#2"},
				"south": {"uv": [8, 1, 16, 15], "texture": "#2"}
			}
		},
		{
			"name": "hexadecagon",
			"from": [10.5, 10.76131, 6.8],
			"to": [11.3, 11.23869, 9.2],
			"rotation": {"angle": -22.5, "axis": "x", "origin": [11, 11, 8]},
			"faces": {
				"north": {"uv": [0, 1, 8, 15], "texture": "#2"},
				"south": {"uv": [8, 1, 16, 15], "texture": "#2"}
			}
		},
		{
			"name": "hexadecagon",
			"from": [10.5, 10.76131, 6.8],
			"to": [11.3, 11.23869, 9.2],
			"rotation": {"angle": 0, "axis": "x", "origin": [11, 11, 8]},
			"faces": {
				"north": {"uv": [0, 1, 8, 15], "texture": "#2"},
				"south": {"uv": [8, 1, 16, 15], "texture": "#2"}
			}
		},
		{
			"name": "hexadecagon",
			"from": [10.5, 10.76131, 6.8],
			"to": [11.3, 11.23869, 9.2],
			"rotation": {"angle": 22.5, "axis": "x", "origin": [11, 11, 8]},
			"faces": {
				"north": {"uv": [0, 1, 8, 15], "texture": "#2"},
				"south": {"uv": [8, 1, 16, 15], "texture": "#2"}
			}
		},
		{
			"name": "hexadecagon",
			"from": [10.5, 10.76131, 6.8],
			"to": [11.3, 11.23869, 9.2],
			"rotation": {"angle": 45, "axis": "x", "origin": [11, 11, 8]},
			"faces": {
				"north": {"uv": [0, 1, 8, 15], "texture": "#2"},
				"south": {"uv": [8, 1, 16, 15], "texture": "#2"}
			}
		},
		{
			"name": "hexadecagon",
			"from": [10.5, 9.8, 7.76131],
			"to": [11.3, 12.2, 8.23869],
			"rotation": {"angle": -22.5, "axis": "x", "origin": [11, 11, 8]},
			"faces": {
				"up": {"uv": [8, 1, 16, 15], "texture": "#2"},
				"down": {"uv": [8, 1, 16, 15], "texture": "#2"}
			}
		},
		{
			"name": "hexadecagon",
			"from": [10.5, 9.8, 7.76131],
			"to": [11.3, 12.2, 8.23869],
			"rotation": {"angle": 0, "axis": "x", "origin": [11, 11, 8]},
			"faces": {
				"up": {"uv": [8, 1, 16, 15], "texture": "#2"},
				"down": {"uv": [8, 1, 16, 15], "texture": "#2"}
			}
		},
		{
			"name": "hexadecagon",
			"from": [10.5, 9.8, 7.76131],
			"to": [11.3, 12.2, 8.23869],
			"rotation": {"angle": 22.5, "axis": "x", "origin": [11, 11, 8]},
			"faces": {
				"up": {"uv": [8, 1, 16, 15], "texture": "#2"},
				"down": {"uv": [8, 1, 16, 15], "texture": "#2"}
			}
		},
		{
			"from": [6.5, 2, 1],
			"to": [8, 6, 5],
			"rotation": {"angle": 0, "axis": "y", "origin": [-2.9, -19, -12]},
			"faces": {
				"north": {"uv": [0, 0, 16, 16], "texture": "#2"},
				"east": {"uv": [0, 0, 16, 16], "texture": "#2"},
				"south": {"uv": [0, 0, 16, 16], "texture": "#2"},
				"west": {"uv": [0, 0, 16, 16], "texture": "#2"},
				"up": {"uv": [0, 0, 16, 16], "texture": "#2"},
				"down": {"uv": [0, 0, 16, 16], "texture": "#2"}
			}
		},
		{
			"from": [5.7, 2, 1],
			"to": [5.7, 6, 5],
			"rotation": {"angle": 0, "axis": "y", "origin": [-2.9, -19, -12]},
			"faces": {
				"east": {"uv": [0, 0, 16, 16], "texture": "#3"},
				"west": {"uv": [0, 0, 16, 16], "texture": "#3"}
			}
		},
		{
			"name": "hexadecagon",
			"from": [5.7, 3.76131, 1.8],
			"to": [6.5, 4.23869, 4.2],
			"rotation": {"angle": -45, "axis": "x", "origin": [6.2, 4, 3]},
			"faces": {
				"north": {"uv": [0, 1, 8, 15], "texture": "#2"},
				"south": {"uv": [8, 1, 16, 15], "texture": "#2"}
			}
		},
		{
			"name": "hexadecagon",
			"from": [5.7, 3.76131, 1.8],
			"to": [6.5, 4.23869, 4.2],
			"rotation": {"angle": -22.5, "axis": "x", "origin": [6.2, 4, 3]},
			"faces": {
				"north": {"uv": [0, 1, 8, 15], "texture": "#2"},
				"south": {"uv": [8, 1, 16, 15], "texture": "#2"}
			}
		},
		{
			"name": "hexadecagon",
			"from": [5.7, 3.76131, 1.8],
			"to": [6.5, 4.23869, 4.2],
			"rotation": {"angle": 0, "axis": "x", "origin": [6.2, 4, 3]},
			"faces": {
				"north": {"uv": [0, 1, 8, 15], "texture": "#2"},
				"south": {"uv": [8, 1, 16, 15], "texture": "#2"}
			}
		},
		{
			"name": "hexadecagon",
			"from": [5.7, 3.76131, 1.8],
			"to": [6.5, 4.23869, 4.2],
			"rotation": {"angle": 22.5, "axis": "x", "origin": [6.2, 4, 3]},
			"faces": {
				"north": {"uv": [0, 1, 8, 15], "texture": "#2"},
				"south": {"uv": [8, 1, 16, 15], "texture": "#2"}
			}
		},
		{
			"name": "hexadecagon",
			"from": [5.7, 3.76131, 1.8],
			"to": [6.5, 4.23869, 4.2],
			"rotation": {"angle": 45, "axis": "x", "origin": [6.2, 4, 3]},
			"faces": {
				"north": {"uv": [0, 1, 8, 15], "texture": "#2"},
				"south": {"uv": [8, 1, 16, 15], "texture": "#2"}
			}
		},
		{
			"name": "hexadecagon",
			"from": [5.7, 2.8, 2.76131],
			"to": [6.5, 5.2, 3.23869],
			"rotation": {"angle": -22.5, "axis": "x", "origin": [6.2, 4, 3]},
			"faces": {
				"up": {"uv": [8, 1, 16, 15], "texture": "#2"},
				"down": {"uv": [8, 1, 16, 15], "texture": "#2"}
			}
		},
		{
			"name": "hexadecagon",
			"from": [5.7, 2.8, 2.76131],
			"to": [6.5, 5.2, 3.23869],
			"rotation": {"angle": 0, "axis": "x", "origin": [6.2, 4, 3]},
			"faces": {
				"up": {"uv": [8, 1, 16, 15], "texture": "#2"},
				"down": {"uv": [8, 1, 16, 15], "texture": "#2"}
			}
		},
		{
			"name": "hexadecagon",
			"from": [5.7, 2.8, 2.76131],
			"to": [6.5, 5.2, 3.23869],
			"rotation": {"angle": 22.5, "axis": "x", "origin": [6.2, 4, 3]},
			"faces": {
				"up": {"uv": [8, 1, 16, 15], "texture": "#2"},
				"down": {"uv": [8, 1, 16, 15], "texture": "#2"}
			}
		},
		{
			"from": [6.5, 5, 11],
			"to": [8, 9, 15],
			"rotation": {"angle": 0, "axis": "y", "origin": [-2.9, -16, -2]},
			"faces": {
				"north": {"uv": [0, 0, 16, 16], "texture": "#2"},
				"east": {"uv": [0, 0, 16, 16], "texture": "#2"},
				"south": {"uv": [0, 0, 16, 16], "texture": "#2"},
				"west": {"uv": [0, 0, 16, 16], "texture": "#2"},
				"up": {"uv": [0, 0, 16, 16], "texture": "#2"},
				"down": {"uv": [0, 0, 16, 16], "texture": "#2"}
			}
		},
		{
			"from": [5.7, 5, 11],
			"to": [5.7, 9, 15],
			"rotation": {"angle": 0, "axis": "y", "origin": [-2.9, -16, -2]},
			"faces": {
				"east": {"uv": [0, 0, 16, 16], "texture": "#3"},
				"west": {"uv": [0, 0, 16, 16], "texture": "#3"}
			}
		},
		{
			"name": "hexadecagon",
			"from": [5.7, 6.76131, 11.8],
			"to": [6.5, 7.23869, 14.2],
			"rotation": {"angle": -45, "axis": "x", "origin": [6.2, 7, 13]},
			"faces": {
				"north": {"uv": [0, 1, 8, 15], "texture": "#2"},
				"south": {"uv": [8, 1, 16, 15], "texture": "#2"}
			}
		},
		{
			"name": "hexadecagon",
			"from": [5.7, 6.76131, 11.8],
			"to": [6.5, 7.23869, 14.2],
			"rotation": {"angle": -22.5, "axis": "x", "origin": [6.2, 7, 13]},
			"faces": {
				"north": {"uv": [0, 1, 8, 15], "texture": "#2"},
				"south": {"uv": [8, 1, 16, 15], "texture": "#2"}
			}
		},
		{
			"name": "hexadecagon",
			"from": [5.7, 6.76131, 11.8],
			"to": [6.5, 7.23869, 14.2],
			"rotation": {"angle": 0, "axis": "x", "origin": [6.2, 7, 13]},
			"faces": {
				"north": {"uv": [0, 1, 8, 15], "texture": "#2"},
				"south": {"uv": [8, 1, 16, 15], "texture": "#2"}
			}
		},
		{
			"name": "hexadecagon",
			"from": [5.7, 6.76131, 11.8],
			"to": [6.5, 7.23869, 14.2],
			"rotation": {"angle": 22.5, "axis": "x", "origin": [6.2, 7, 13]},
			"faces": {
				"north": {"uv": [0, 1, 8, 15], "texture": "#2"},
				"south": {"uv": [8, 1, 16, 15], "texture": "#2"}
			}
		},
		{
			"name": "hexadecagon",
			"from": [5.7, 6.76131, 11.8],
			"to": [6.5, 7.23869, 14.2],
			"rotation": {"angle": 45, "axis": "x", "origin": [6.2, 7, 13]},
			"faces": {
				"north": {"uv": [0, 1, 8, 15], "texture": "#2"},
				"south": {"uv": [8, 1, 16, 15], "texture": "#2"}
			}
		},
		{
			"name": "hexadecagon",
			"from": [5.7, 5.8, 12.76131],
			"to": [6.5, 8.2, 13.23869],
			"rotation": {"angle": -22.5, "axis": "x", "origin": [6.2, 7, 13]},
			"faces": {
				"up": {"uv": [8, 1, 16, 15], "texture": "#2"},
				"down": {"uv": [8, 1, 16, 15], "texture": "#2"}
			}
		},
		{
			"name": "hexadecagon",
			"from": [5.7, 5.8, 12.76131],
			"to": [6.5, 8.2, 13.23869],
			"rotation": {"angle": 0, "axis": "x", "origin": [6.2, 7, 13]},
			"faces": {
				"up": {"uv": [8, 1, 16, 15], "texture": "#2"},
				"down": {"uv": [8, 1, 16, 15], "texture": "#2"}
			}
		},
		{
			"name": "hexadecagon",
			"from": [5.7, 5.8, 12.76131],
			"to": [6.5, 8.2, 13.23869],
			"rotation": {"angle": 22.5, "axis": "x", "origin": [6.2, 7, 13]},
			"faces": {
				"up": {"uv": [8, 1, 16, 15], "texture": "#2"},
				"down": {"uv": [8, 1, 16, 15], "texture": "#2"}
			}
		}
	],
	"display": {
		"firstperson_righthand": {
			"translation": [0.25, 4, 0],
			"scale": [0.8, 0.8, 0.6]
		},
		"firstperson_lefthand": {
			"translation": [1, 4, 0],
			"scale": [0.8, 0.8, 0.6]
		},
		"ground": {
			"translation": [0, 6, 0]
		},
		"gui": {
			"rotation": [45, 53, 0],
			"translation": [-0.25, 0, 0]
		},
		"fixed": {
			"rotation": [0, 90, 0]
		}
	},
	"groups": [
		{
			"name": "group",
			"origin": [0, 0, 0],
			"children": []
		},
		{
			"name": "group",
			"origin": [0, 0, 0],
			"children": []
		},
		{
			"name": "group",
			"origin": [0, 0, 0],
			"children": []
		}, 0, 1, 2, 3, 4, 5, 6, 7, 8, 9, 10, 11, 12, 13, 14, 15, 16, 17, 18, 19, 20, 21, 22, 23, 24, 25,
		{
			"name": "grass",
			"origin": [8, 8, 8],
			"children": []
		},
		{
			"name": "group",
			"origin": [8, 8, 8],
			"children": [26, 27, 28, 29, 30, 31, 32, 33, 34, 35]
		},
		{
			"name": "group",
			"origin": [8, 8, 8],
			"children": [36, 37, 38, 39, 40, 41, 42, 43, 44, 45]
		},
		{
			"name": "group",
			"origin": [8, 8, 8],
			"children": [46, 47, 48, 49, 50, 51, 52, 53, 54, 55]
		},
		{
			"name": "group",
			"origin": [8, 8, 8],
			"children": [56, 57, 58, 59, 60, 61, 62, 63, 64, 65]
		}
	]
}