{
	"credit": "Made with Blockbench",
	"textures": {
		"0": "block/crops/wheat_top",
		"1": "block/crops/wheat_B",
		"particle": "block/crops/wheat_top"
	},
	"elements": [
		{
			"from": [8, 0.025, 4],
			"to": [12, 1.525, 8],
			"rotation": {"angle": 0, "axis": "y", "origin": [6.8, 0.025, 3.9]},
			"faces": {
				"north": {"uv": [0, 0, 16, 16], "texture": "#0"},
				"east": {"uv": [0, 0, 16, 16], "texture": "#0"},
				"south": {"uv": [0, 0, 16, 16], "texture": "#0"},
				"west": {"uv": [0, 0, 16, 16], "texture": "#0"},
				"up": {"uv": [0, 0, 16, 16], "texture": "#0"},
				"down": {"uv": [0, 0, 16, 16], "texture": "#0"}
			}
		},
		{
			"name": "hexadecagon",
			"from": [5.76131, 1.525, 4.8],
			"to": [6.23869, 2.225, 7.2],
			"rotation": {"angle": -45, "axis": "y", "origin": [6, 2.025, 6]},
			"faces": {
				"north": {"uv": [1, 0, 15, 8], "texture": "#0"},
				"south": {"uv": [1, 0, 15, 8], "texture": "#0"},
				"down": {"uv": [0, 0, 1, 1], "texture": "#0"}
			}
		},
		{
			"name": "hexadecagon",
			"from": [5.76131, 1.525, 4.8],
			"to": [6.23869, 2.225, 7.2],
			"rotation": {"angle": -22.5, "axis": "y", "origin": [6, 2.025, 6]},
			"faces": {
				"north": {"uv": [1, 0, 15, 8], "texture": "#0"},
				"south": {"uv": [1, 0, 15, 8], "texture": "#0"},
				"down": {"uv": [0, 0, 1, 1], "texture": "#0"}
			}
		},
		{
			"name": "hexadecagon",
			"from": [5.76131, 1.525, 4.8],
			"to": [6.23869, 2.225, 7.2],
			"rotation": {"angle": 0, "axis": "y", "origin": [6, 2.025, 6]},
			"faces": {
				"north": {"uv": [1, 0, 15, 8], "texture": "#0"},
				"south": {"uv": [1, 0, 15, 8], "texture": "#0"}
			}
		},
		{
			"name": "hexadecagon",
			"from": [5.76131, 1.525, 4.8],
			"to": [6.23869, 2.225, 7.2],
			"rotation": {"angle": 22.5, "axis": "y", "origin": [6, 2.025, 6]},
			"faces": {
				"north": {"uv": [1, 0, 15, 8], "texture": "#0"},
				"south": {"uv": [1, 0, 15, 8], "texture": "#0"},
				"down": {"uv": [0, 0, 1, 1], "texture": "#0"}
			}
		},
		{
			"name": "hexadecagon",
			"from": [5.76131, 1.525, 4.8],
			"to": [6.23869, 2.225, 7.2],
			"rotation": {"angle": 45, "axis": "y", "origin": [6, 2.025, 6]},
			"faces": {
				"north": {"uv": [1, 0, 15, 8], "texture": "#0"},
				"south": {"uv": [1, 0, 15, 8], "texture": "#0"},
				"down": {"uv": [0, 0, 1, 1], "texture": "#0"}
			}
		},
		{
			"name": "hexadecagon",
			"from": [4.8, 1.525, 5.76131],
			"to": [7.2, 2.225, 6.23869],
			"rotation": {"angle": -22.5, "axis": "y", "origin": [6, 2.025, 6]},
			"faces": {
				"east": {"uv": [1, 0, 15, 8], "texture": "#0"},
				"west": {"uv": [1, 0, 15, 8], "texture": "#0"},
				"down": {"uv": [0, 0, 1, 1], "texture": "#0"}
			}
		},
		{
			"name": "hexadecagon",
			"from": [4.8, 1.525, 5.76131],
			"to": [7.2, 2.225, 6.23869],
			"rotation": {"angle": 0, "axis": "y", "origin": [6, 2.025, 6]},
			"faces": {
				"east": {"uv": [1, 0, 15, 8], "texture": "#0"},
				"west": {"uv": [1, 0, 15, 8], "texture": "#0"}
			}
		},
		{
			"name": "hexadecagon",
			"from": [4.8, 1.525, 5.76131],
			"to": [7.2, 2.225, 6.23869],
			"rotation": {"angle": 22.5, "axis": "y", "origin": [6, 2.025, 6]},
			"faces": {
				"east": {"uv": [1, 0, 15, 8], "texture": "#0"},
				"west": {"uv": [1, 0, 15, 8], "texture": "#0"},
				"down": {"uv": [0, 0, 1, 1], "texture": "#0"}
			}
		},
		{
			"from": [4, 0.025, 4],
			"to": [8, 1.525, 8],
			"rotation": {"angle": 0, "axis": "y", "origin": [2.8, 0.025, 3.9]},
			"faces": {
				"north": {"uv": [0, 0, 16, 16], "texture": "#0"},
				"east": {"uv": [0, 0, 16, 16], "texture": "#0"},
				"south": {"uv": [0, 0, 16, 16], "texture": "#0"},
				"west": {"uv": [0, 0, 16, 16], "texture": "#0"},
				"up": {"uv": [0, 0, 16, 16], "texture": "#0"},
				"down": {"uv": [0, 0, 16, 16], "texture": "#0"}
			}
		},
		{
			"from": [4, 2.225, 4],
			"to": [8, 2.225, 8],
			"rotation": {"angle": 0, "axis": "y", "origin": [2.8, 0.025, 3.9]},
			"faces": {
				"up": {"uv": [0, 0, 16, 16], "texture": "#1"},
				"down": {"uv": [0, 0, 16, 16], "texture": "#1"}
			}
		},
		{
			"from": [4, 0.025, 8],
			"to": [8, 1.525, 12],
			"rotation": {"angle": 0, "axis": "y", "origin": [2.8, 0.025, 7.9]},
			"faces": {
				"north": {"uv": [0, 0, 16, 16], "texture": "#0"},
				"east": {"uv": [0, 0, 16, 16], "texture": "#0"},
				"south": {"uv": [0, 0, 16, 16], "texture": "#0"},
				"west": {"uv": [0, 0, 16, 16], "texture": "#0"},
				"up": {"uv": [0, 0, 16, 16], "texture": "#0"},
				"down": {"uv": [0, 0, 16, 16], "texture": "#0"}
			}
		}
	],
	"display": {
		"thirdperson_righthand": {
			"rotation": [-135, 0, -90],
			"translation": [6.5, 3.75, 0]
		},
		"thirdperson_lefthand": {
			"rotation": [-135, 0, 90],
			"translation": [-6.5, 3.5, 0]
		},
		"firstperson_righthand": {
			"rotation": [0, 150, 0],
			"translation": [0, 8.75, 0],
			"scale": [0.9, 0.9, 0.8]
		},
		"firstperson_lefthand": {
			"rotation": [0, -135, 0],
			"translation": [1, 8.75, 0],
			"scale": [0.9, 0.9, 0.8]
		},
		"ground": {
			"translation": [0, 5.5, 0]
		},
		"gui": {
			"rotation": [0, -45, -45],
			"translation": [3.75, 4.75, 0]
		},
		"fixed": {
			"rotation": [-90, 0, 0],
			"translation": [0, 0, -8]
		}
	},
	"groups": [
		{
			"name": "group",
			"origin": [6.8, 3, 3.9],
			"color": 0,
			"children": [0]
		},
		{
			"name": "group",
			"origin": [6.8, 3, 3.9],
			"color": 0,
			"children": [
				{
					"name": "hexadecagon",
					"origin": [8, 8, 8],
					"color": 0,
					"children": [1, 2, 3, 4, 5, 6, 7, 8]
				}, 9, 10]
		},
		{
			"name": "group",
			"origin": [6.8, 3, 3.9],
			"color": 0,
			"children": [11]
		}
	]
}