{
	"credit": "Made with Blockbench",
	"textures": {
		"particle": "block/nether_portal"
	},
	"elements": [
		{
			"from": [7.5, 0, 8.3],
			"to": [11.5, 4, 9.8],
			"rotation": {"angle": 0, "axis": "y", "origin": [-0.5, -4, 0]},
			"faces": {
				"north": {"uv": [0, 0, 16, 16], "texture": "#particle"},
				"east": {"uv": [0, 0, 16, 16], "texture": "#particle"},
				"south": {"uv": [0, 0, 16, 16], "texture": "#particle"},
				"west": {"uv": [0, 0, 16, 16], "texture": "#particle"},
				"up": {"uv": [0, 0, 16, 16], "rotation": 270, "texture": "#particle"},
				"down": {"uv": [0, 0, 16, 16], "rotation": 90, "texture": "#particle"}
			}
		},
		{
			"from": [3.5, 8, 8.3],
			"to": [7.5, 12, 9.8],
			"rotation": {"angle": 0, "axis": "y", "origin": [-0.5, -4, 0]},
			"faces": {
				"north": {"uv": [0, 0, 16, 16], "texture": "#particle"},
				"east": {"uv": [0, 0, 16, 16], "texture": "#particle"},
				"south": {"uv": [0, 0, 16, 16], "texture": "#particle"},
				"west": {"uv": [0, 0, 16, 16], "texture": "#particle"},
				"up": {"uv": [0, 0, 16, 16], "rotation": 270, "texture": "#particle"},
				"down": {"uv": [0, 0, 16, 16], "rotation": 90, "texture": "#particle"}
			}
		},
		{
			"from": [-0.5, 8, 8.3],
			"to": [3.5, 12, 9.8],
			"rotation": {"angle": 0, "axis": "y", "origin": [-0.5, -4, 0]},
			"faces": {
				"north": {"uv": [0, 0, 16, 16], "texture": "#particle"},
				"east": {"uv": [0, 0, 16, 16], "texture": "#particle"},
				"south": {"uv": [0, 0, 16, 16], "texture": "#particle"},
				"west": {"uv": [0, 0, 16, 16], "texture": "#particle"},
				"up": {"uv": [0, 0, 16, 16], "rotation": 270, "texture": "#particle"},
				"down": {"uv": [0, 0, 16, 16], "rotation": 90, "texture": "#particle"}
			}
		},
		{
			"from": [7.5, 12, 8.3],
			"to": [11.5, 16, 9.8],
			"rotation": {"angle": 0, "axis": "y", "origin": [-0.5, -4, 0]},
			"faces": {
				"north": {"uv": [0, 0, 16, 16], "texture": "#particle"},
				"east": {"uv": [0, 0, 16, 16], "texture": "#particle"},
				"south": {"uv": [0, 0, 16, 16], "texture": "#particle"},
				"west": {"uv": [0, 0, 16, 16], "texture": "#particle"},
				"up": {"uv": [0, 0, 16, 16], "rotation": 270, "texture": "#particle"},
				"down": {"uv": [0, 0, 16, 16], "rotation": 90, "texture": "#particle"}
			}
		},
		{
			"from": [11.5, 4, 8.3],
			"to": [15.5, 8, 9.8],
			"rotation": {"angle": 0, "axis": "y", "origin": [-0.5, -4, 0]},
			"faces": {
				"north": {"uv": [0, 0, 16, 16], "texture": "#particle"},
				"east": {"uv": [0, 0, 16, 16], "texture": "#particle"},
				"south": {"uv": [0, 0, 16, 16], "texture": "#particle"},
				"west": {"uv": [0, 0, 16, 16], "texture": "#particle"},
				"up": {"uv": [0, 0, 16, 16], "rotation": 270, "texture": "#particle"},
				"down": {"uv": [0, 0, 16, 16], "rotation": 90, "texture": "#particle"}
			}
		},
		{
			"from": [11.5, 8, 8.3],
			"to": [15.5, 12, 9.8],
			"rotation": {"angle": 0, "axis": "y", "origin": [-0.5, -4, 0]},
			"faces": {
				"north": {"uv": [0, 0, 16, 16], "texture": "#particle"},
				"east": {"uv": [0, 0, 16, 16], "texture": "#particle"},
				"south": {"uv": [0, 0, 16, 16], "texture": "#particle"},
				"west": {"uv": [0, 0, 16, 16], "texture": "#particle"},
				"up": {"uv": [0, 0, 16, 16], "rotation": 270, "texture": "#particle"},
				"down": {"uv": [0, 0, 16, 16], "rotation": 90, "texture": "#particle"}
			}
		},
		{
			"from": [-0.5, 0, 8.3],
			"to": [3.5, 4, 9.8],
			"rotation": {"angle": 0, "axis": "y", "origin": [-0.5, -4, 0]},
			"faces": {
				"north": {"uv": [0, 0, 16, 16], "texture": "#particle"},
				"east": {"uv": [0, 0, 16, 16], "texture": "#particle"},
				"south": {"uv": [0, 0, 16, 16], "texture": "#particle"},
				"west": {"uv": [0, 0, 16, 16], "texture": "#particle"},
				"up": {"uv": [0, 0, 16, 16], "rotation": 270, "texture": "#particle"},
				"down": {"uv": [0, 0, 16, 16], "rotation": 90, "texture": "#particle"}
			}
		},
		{
			"from": [-0.5, 4, 5.3],
			"to": [3.5, 8, 6.8],
			"rotation": {"angle": 0, "axis": "y", "origin": [-0.5, -4, 0]},
			"faces": {
				"north": {"uv": [0, 0, 16, 16], "texture": "#particle"},
				"east": {"uv": [0, 0, 16, 16], "texture": "#particle"},
				"south": {"uv": [0, 0, 16, 16], "texture": "#particle"},
				"west": {"uv": [0, 0, 16, 16], "texture": "#particle"},
				"up": {"uv": [0, 0, 16, 16], "rotation": 270, "texture": "#particle"},
				"down": {"uv": [0, 0, 16, 16], "rotation": 90, "texture": "#particle"}
			}
		},
		{
			"from": [3.5, 12, 5.3],
			"to": [7.5, 16, 6.8],
			"rotation": {"angle": 0, "axis": "y", "origin": [-0.5, -4, 0]},
			"faces": {
				"north": {"uv": [0, 0, 16, 16], "texture": "#particle"},
				"east": {"uv": [0, 0, 16, 16], "texture": "#particle"},
				"south": {"uv": [0, 0, 16, 16], "texture": "#particle"},
				"west": {"uv": [0, 0, 16, 16], "texture": "#particle"},
				"up": {"uv": [0, 0, 16, 16], "rotation": 270, "texture": "#particle"},
				"down": {"uv": [0, 0, 16, 16], "rotation": 90, "texture": "#particle"}
			}
		},
		{
			"from": [-0.5, 12, 5.3],
			"to": [3.5, 16, 6.8],
			"rotation": {"angle": 0, "axis": "y", "origin": [-0.5, -4, 0]},
			"faces": {
				"north": {"uv": [0, 0, 16, 16], "texture": "#particle"},
				"east": {"uv": [0, 0, 16, 16], "texture": "#particle"},
				"south": {"uv": [0, 0, 16, 16], "texture": "#particle"},
				"west": {"uv": [0, 0, 16, 16], "texture": "#particle"},
				"up": {"uv": [0, 0, 16, 16], "rotation": 270, "texture": "#particle"},
				"down": {"uv": [0, 0, 16, 16], "rotation": 90, "texture": "#particle"}
			}
		},
		{
			"from": [3.5, 0, 5.3],
			"to": [7.5, 4, 6.8],
			"rotation": {"angle": 0, "axis": "y", "origin": [-0.5, -4, 0]},
			"faces": {
				"north": {"uv": [0, 0, 16, 16], "texture": "#particle"},
				"east": {"uv": [0, 0, 16, 16], "texture": "#particle"},
				"south": {"uv": [0, 0, 16, 16], "texture": "#particle"},
				"west": {"uv": [0, 0, 16, 16], "texture": "#particle"},
				"up": {"uv": [0, 0, 16, 16], "rotation": 270, "texture": "#particle"},
				"down": {"uv": [0, 0, 16, 16], "rotation": 90, "texture": "#particle"}
			}
		},
		{
			"from": [11.5, 0, 5.3],
			"to": [15.5, 4, 6.8],
			"rotation": {"angle": 0, "axis": "y", "origin": [-0.5, -4, 0]},
			"faces": {
				"north": {"uv": [0, 0, 16, 16], "texture": "#particle"},
				"east": {"uv": [0, 0, 16, 16], "texture": "#particle"},
				"south": {"uv": [0, 0, 16, 16], "texture": "#particle"},
				"west": {"uv": [0, 0, 16, 16], "texture": "#particle"},
				"up": {"uv": [0, 0, 16, 16], "rotation": 270, "texture": "#particle"},
				"down": {"uv": [0, 0, 16, 16], "rotation": 90, "texture": "#particle"}
			}
		},
		{
			"from": [7.5, 4, 5.3],
			"to": [11.5, 8, 6.8],
			"rotation": {"angle": 0, "axis": "y", "origin": [-0.5, -4, 0]},
			"faces": {
				"north": {"uv": [0, 0, 16, 16], "texture": "#particle"},
				"east": {"uv": [0, 0, 16, 16], "texture": "#particle"},
				"south": {"uv": [0, 0, 16, 16], "texture": "#particle"},
				"west": {"uv": [0, 0, 16, 16], "texture": "#particle"},
				"up": {"uv": [0, 0, 16, 16], "rotation": 270, "texture": "#particle"},
				"down": {"uv": [0, 0, 16, 16], "rotation": 90, "texture": "#particle"}
			}
		},
		{
			"from": [7.5, 8, 5.3],
			"to": [11.5, 12, 6.8],
			"rotation": {"angle": 0, "axis": "y", "origin": [-0.5, -4, 0]},
			"faces": {
				"north": {"uv": [0, 0, 16, 16], "texture": "#particle"},
				"east": {"uv": [0, 0, 16, 16], "texture": "#particle"},
				"south": {"uv": [0, 0, 16, 16], "texture": "#particle"},
				"west": {"uv": [0, 0, 16, 16], "texture": "#particle"},
				"up": {"uv": [0, 0, 16, 16], "rotation": 270, "texture": "#particle"},
				"down": {"uv": [0, 0, 16, 16], "rotation": 90, "texture": "#particle"}
			}
		},
		{
			"from": [11.5, 12, 5.3],
			"to": [15.5, 16, 6.8],
			"rotation": {"angle": 0, "axis": "y", "origin": [-0.5, -4, 0]},
			"faces": {
				"north": {"uv": [0, 0, 16, 16], "texture": "#particle"},
				"east": {"uv": [0, 0, 16, 16], "texture": "#particle"},
				"south": {"uv": [0, 0, 16, 16], "texture": "#particle"},
				"west": {"uv": [0, 0, 16, 16], "texture": "#particle"},
				"up": {"uv": [0, 0, 16, 16], "rotation": 270, "texture": "#particle"},
				"down": {"uv": [0, 0, 16, 16], "rotation": 90, "texture": "#particle"}
			}
		},
		{
			"from": [11.5, 0, 6.8],
			"to": [15.5, 4, 8.3],
			"rotation": {"angle": 0, "axis": "y", "origin": [-0.5, -4, 0]},
			"faces": {
				"north": {"uv": [0, 0, 16, 16], "texture": "#particle"},
				"east": {"uv": [0, 0, 16, 16], "texture": "#particle"},
				"south": {"uv": [0, 0, 16, 16], "texture": "#particle"},
				"west": {"uv": [0, 0, 16, 16], "texture": "#particle"},
				"up": {"uv": [0, 0, 16, 16], "rotation": 270, "texture": "#particle"},
				"down": {"uv": [0, 0, 16, 16], "rotation": 90, "texture": "#particle"}
			}
		},
		{
			"from": [7.5, 0, 6.8],
			"to": [11.5, 4, 8.3],
			"rotation": {"angle": 0, "axis": "y", "origin": [-0.5, -4, 0]},
			"faces": {
				"north": {"uv": [0, 0, 16, 16], "texture": "#particle"},
				"east": {"uv": [0, 0, 16, 16], "texture": "#particle"},
				"south": {"uv": [0, 0, 16, 16], "texture": "#particle"},
				"west": {"uv": [0, 0, 16, 16], "texture": "#particle"},
				"up": {"uv": [0, 0, 16, 16], "rotation": 270, "texture": "#particle"},
				"down": {"uv": [0, 0, 16, 16], "rotation": 90, "texture": "#particle"}
			}
		},
		{
			"from": [3.5, 0, 6.8],
			"to": [7.5, 4, 8.3],
			"rotation": {"angle": 0, "axis": "y", "origin": [-0.5, -4, 0]},
			"faces": {
				"north": {"uv": [0, 0, 16, 16], "texture": "#particle"},
				"east": {"uv": [0, 0, 16, 16], "texture": "#particle"},
				"south": {"uv": [0, 0, 16, 16], "texture": "#particle"},
				"west": {"uv": [0, 0, 16, 16], "texture": "#particle"},
				"up": {"uv": [0, 0, 16, 16], "rotation": 270, "texture": "#particle"},
				"down": {"uv": [0, 0, 16, 16], "rotation": 90, "texture": "#particle"}
			}
		},
		{
			"from": [-0.5, 0, 6.8],
			"to": [3.5, 4, 8.3],
			"rotation": {"angle": 0, "axis": "y", "origin": [-0.5, -4, 0]},
			"faces": {
				"north": {"uv": [0, 0, 16, 16], "texture": "#particle"},
				"east": {"uv": [0, 0, 16, 16], "texture": "#particle"},
				"south": {"uv": [0, 0, 16, 16], "texture": "#particle"},
				"west": {"uv": [0, 0, 16, 16], "texture": "#particle"},
				"up": {"uv": [0, 0, 16, 16], "rotation": 270, "texture": "#particle"},
				"down": {"uv": [0, 0, 16, 16], "rotation": 90, "texture": "#particle"}
			}
		},
		{
			"from": [11.5, 4, 6.8],
			"to": [15.5, 8, 8.3],
			"rotation": {"angle": 0, "axis": "y", "origin": [-0.5, -4, 0]},
			"faces": {
				"north": {"uv": [0, 0, 16, 16], "texture": "#particle"},
				"east": {"uv": [0, 0, 16, 16], "texture": "#particle"},
				"south": {"uv": [0, 0, 16, 16], "texture": "#particle"},
				"west": {"uv": [0, 0, 16, 16], "texture": "#particle"},
				"up": {"uv": [0, 0, 16, 16], "rotation": 270, "texture": "#particle"},
				"down": {"uv": [0, 0, 16, 16], "rotation": 90, "texture": "#particle"}
			}
		},
		{
			"from": [3.5, 4, 6.8],
			"to": [7.5, 8, 8.3],
			"rotation": {"angle": 0, "axis": "y", "origin": [-0.5, -4, 0]},
			"faces": {
				"north": {"uv": [0, 0, 16, 16], "texture": "#particle"},
				"east": {"uv": [0, 0, 16, 16], "texture": "#particle"},
				"south": {"uv": [0, 0, 16, 16], "texture": "#particle"},
				"west": {"uv": [0, 0, 16, 16], "texture": "#particle"},
				"up": {"uv": [0, 0, 16, 16], "rotation": 270, "texture": "#particle"},
				"down": {"uv": [0, 0, 16, 16], "rotation": 90, "texture": "#particle"}
			}
		},
		{
			"from": [-0.5, 4, 6.8],
			"to": [3.5, 8, 8.3],
			"rotation": {"angle": 0, "axis": "y", "origin": [-0.5, -4, 0]},
			"faces": {
				"north": {"uv": [0, 0, 16, 16], "texture": "#particle"},
				"east": {"uv": [0, 0, 16, 16], "texture": "#particle"},
				"south": {"uv": [0, 0, 16, 16], "texture": "#particle"},
				"west": {"uv": [0, 0, 16, 16], "texture": "#particle"},
				"up": {"uv": [0, 0, 16, 16], "rotation": 270, "texture": "#particle"},
				"down": {"uv": [0, 0, 16, 16], "rotation": 90, "texture": "#particle"}
			}
		},
		{
			"from": [11.5, 8, 6.8],
			"to": [15.5, 12, 8.3],
			"rotation": {"angle": 0, "axis": "y", "origin": [-0.5, -4, 0]},
			"faces": {
				"north": {"uv": [0, 0, 16, 16], "texture": "#particle"},
				"east": {"uv": [0, 0, 16, 16], "texture": "#particle"},
				"south": {"uv": [0, 0, 16, 16], "texture": "#particle"},
				"west": {"uv": [0, 0, 16, 16], "texture": "#particle"},
				"up": {"uv": [0, 0, 16, 16], "rotation": 270, "texture": "#particle"},
				"down": {"uv": [0, 0, 16, 16], "rotation": 90, "texture": "#particle"}
			}
		},
		{
			"from": [7.5, 8, 6.8],
			"to": [11.5, 12, 8.3],
			"rotation": {"angle": 0, "axis": "y", "origin": [-0.5, -4, 0]},
			"faces": {
				"north": {"uv": [0, 0, 16, 16], "texture": "#particle"},
				"east": {"uv": [0, 0, 16, 16], "texture": "#particle"},
				"south": {"uv": [0, 0, 16, 16], "texture": "#particle"},
				"west": {"uv": [0, 0, 16, 16], "texture": "#particle"},
				"up": {"uv": [0, 0, 16, 16], "rotation": 270, "texture": "#particle"},
				"down": {"uv": [0, 0, 16, 16], "rotation": 90, "texture": "#particle"}
			}
		},
		{
			"from": [-0.5, 8, 6.8],
			"to": [3.5, 12, 8.3],
			"rotation": {"angle": 0, "axis": "y", "origin": [-0.5, -4, 0]},
			"faces": {
				"north": {"uv": [0, 0, 16, 16], "texture": "#particle"},
				"east": {"uv": [0, 0, 16, 16], "texture": "#particle"},
				"south": {"uv": [0, 0, 16, 16], "texture": "#particle"},
				"west": {"uv": [0, 0, 16, 16], "texture": "#particle"},
				"up": {"uv": [0, 0, 16, 16], "rotation": 270, "texture": "#particle"},
				"down": {"uv": [0, 0, 16, 16], "rotation": 90, "texture": "#particle"}
			}
		},
		{
			"from": [11.5, 12, 6.8],
			"to": [15.5, 16, 8.3],
			"rotation": {"angle": 0, "axis": "y", "origin": [-0.5, -4, 0]},
			"faces": {
				"north": {"uv": [0, 0, 16, 16], "texture": "#particle"},
				"east": {"uv": [0, 0, 16, 16], "texture": "#particle"},
				"south": {"uv": [0, 0, 16, 16], "texture": "#particle"},
				"west": {"uv": [0, 0, 16, 16], "texture": "#particle"},
				"up": {"uv": [0, 0, 16, 16], "rotation": 270, "texture": "#particle"},
				"down": {"uv": [0, 0, 16, 16], "rotation": 90, "texture": "#particle"}
			}
		},
		{
			"from": [7.5, 12, 6.8],
			"to": [11.5, 16, 8.3],
			"rotation": {"angle": 0, "axis": "y", "origin": [-0.5, -4, 0]},
			"faces": {
				"north": {"uv": [0, 0, 16, 16], "texture": "#particle"},
				"east": {"uv": [0, 0, 16, 16], "texture": "#particle"},
				"south": {"uv": [0, 0, 16, 16], "texture": "#particle"},
				"west": {"uv": [0, 0, 16, 16], "texture": "#particle"},
				"up": {"uv": [0, 0, 16, 16], "rotation": 270, "texture": "#particle"},
				"down": {"uv": [0, 0, 16, 16], "rotation": 90, "texture": "#particle"}
			}
		},
		{
			"from": [3.5, 12, 6.8],
			"to": [7.5, 16, 8.3],
			"rotation": {"angle": 0, "axis": "y", "origin": [-0.5, -4, 0]},
			"faces": {
				"north": {"uv": [0, 0, 16, 16], "texture": "#particle"},
				"east": {"uv": [0, 0, 16, 16], "texture": "#particle"},
				"south": {"uv": [0, 0, 16, 16], "texture": "#particle"},
				"west": {"uv": [0, 0, 16, 16], "texture": "#particle"},
				"up": {"uv": [0, 0, 16, 16], "rotation": 270, "texture": "#particle"},
				"down": {"uv": [0, 0, 16, 16], "rotation": 90, "texture": "#particle"}
			}
		},
		{
			"from": [-0.5, 12, 6.8],
			"to": [3.5, 16, 8.3],
			"rotation": {"angle": 0, "axis": "y", "origin": [-0.5, -4, 0]},
			"faces": {
				"north": {"uv": [0, 0, 16, 16], "texture": "#particle"},
				"east": {"uv": [0, 0, 16, 16], "texture": "#particle"},
				"south": {"uv": [0, 0, 16, 16], "texture": "#particle"},
				"west": {"uv": [0, 0, 16, 16], "texture": "#particle"},
				"up": {"uv": [0, 0, 16, 16], "rotation": 270, "texture": "#particle"},
				"down": {"uv": [0, 0, 16, 16], "rotation": 90, "texture": "#particle"}
			}
		}
	]
}