{
	"credit": "Made with Blockbench",
	"ambientocclusion": false,
	"textures": {
		"0": "block/flower/red_tulip_B",
		"1": "block/flower/red_tulip_top",
		"2": "block/items/red_circle_hollow",
		"particle": "block/flower/red_tulip_B"
	},
	"elements": [
		{
			"from": [8, 0, 4],
			"to": [12, 1.5, 8],
			"rotation": {"angle": 0, "axis": "y", "origin": [7.025, 1.5, 3.975]},
			"faces": {
				"north": {"uv": [0, 0, 16, 16], "texture": "#1"},
				"east": {"uv": [0, 0, 16, 16], "texture": "#1"},
				"south": {"uv": [0, 0, 16, 16], "texture": "#1"},
				"west": {"uv": [0, 0, 16, 16], "texture": "#1"},
				"up": {"uv": [0, 0, 16, 16], "texture": "#1"},
				"down": {"uv": [0, 0, 16, 16], "texture": "#1"}
			}
		},
		{
			"from": [9.5, 1.5, 5.5],
			"to": [10.5, 9, 6.5],
			"rotation": {"angle": 0, "axis": "y", "origin": [7.025, 1.5, 3.975]},
			"faces": {
				"north": {"uv": [0, 0, 16, 16], "texture": "#1"},
				"east": {"uv": [0, 0, 16, 16], "texture": "#1"},
				"south": {"uv": [0, 0, 16, 16], "texture": "#1"},
				"west": {"uv": [0, 0, 16, 16], "texture": "#1"}
			}
		},
		{
			"from": [2, 0, 10],
			"to": [6, 1.5, 14],
			"rotation": {"angle": 0, "axis": "y", "origin": [7.025, 1.5, 3.975]},
			"faces": {
				"north": {"uv": [0, 0, 16, 16], "texture": "#1"},
				"east": {"uv": [0, 0, 16, 16], "texture": "#1"},
				"south": {"uv": [0, 0, 16, 16], "texture": "#1"},
				"west": {"uv": [0, 0, 16, 16], "texture": "#1"},
				"up": {"uv": [0, 0, 16, 16], "texture": "#1"},
				"down": {"uv": [0, 0, 16, 16], "texture": "#1"}
			}
		},
		{
			"from": [3.5, 1.5, 11.5],
			"to": [4.5, 6, 12.5],
			"rotation": {"angle": 0, "axis": "y", "origin": [7.025, 1.5, 3.975]},
			"faces": {
				"north": {"uv": [0, 0, 16, 16], "texture": "#1"},
				"east": {"uv": [0, 0, 16, 16], "texture": "#1"},
				"south": {"uv": [0, 0, 16, 16], "texture": "#1"},
				"west": {"uv": [0, 0, 16, 16], "texture": "#1"}
			}
		},
		{
			"name": "hexadecagon",
			"from": [9.76131, 13, 4.75],
			"to": [10.28869, 13.7, 5.2],
			"rotation": {"angle": -45, "axis": "y", "origin": [10.025, 13.4, 5.975]},
			"faces": {
				"north": {"uv": [1, 0, 15, 15], "texture": "#1"},
				"south": {"uv": [0, 0, 1, 0.5], "texture": "#1"},
				"down": {"uv": [0, 0, 0.00781, 0.00781], "texture": "#1"}
			}
		},
		{
			"name": "hexadecagon",
			"from": [9.76131, 13, 4.75],
			"to": [10.28869, 13.7, 5.2],
			"rotation": {"angle": -22.5, "axis": "y", "origin": [10.025, 13.4, 5.975]},
			"faces": {
				"north": {"uv": [1, 0, 15, 15], "texture": "#1"},
				"south": {"uv": [0, 0, 1, 0.5], "texture": "#1"},
				"down": {"uv": [0, 0, 0.00781, 0.00781], "texture": "#1"}
			}
		},
		{
			"name": "hexadecagon",
			"from": [9.76131, 13, 4.75],
			"to": [10.28869, 13.7, 5.2],
			"rotation": {"angle": 0, "axis": "y", "origin": [10.025, 13.4, 5.975]},
			"faces": {
				"north": {"uv": [1, 0, 15, 15], "texture": "#1"},
				"south": {"uv": [0, 0, 1, 0.5], "texture": "#1"}
			}
		},
		{
			"name": "hexadecagon",
			"from": [9.76131, 13, 4.75],
			"to": [10.28869, 13.7, 5.2],
			"rotation": {"angle": 22.5, "axis": "y", "origin": [10.025, 13.4, 5.975]},
			"faces": {
				"north": {"uv": [1, 0, 15, 15], "texture": "#1"},
				"south": {"uv": [0, 0, 1, 0.5], "texture": "#1"},
				"down": {"uv": [0, 0, 0.00781, 0.00781], "texture": "#1"}
			}
		},
		{
			"name": "hexadecagon",
			"from": [9.76131, 13, 4.75],
			"to": [10.28869, 13.7, 5.2],
			"rotation": {"angle": 45, "axis": "y", "origin": [10.025, 13.4, 5.975]},
			"faces": {
				"north": {"uv": [1, 0, 15, 15], "texture": "#1"},
				"south": {"uv": [0, 0, 1, 0.5], "texture": "#1"},
				"down": {"uv": [0, 0, 0.00781, 0.00781], "texture": "#1"}
			}
		},
		{
			"name": "hexadecagon",
			"from": [9.76131, 13, 6.75],
			"to": [10.28869, 13.7, 7.2],
			"rotation": {"angle": -45, "axis": "y", "origin": [10.025, 13.4, 5.975]},
			"faces": {
				"north": {"uv": [0, 0, 1, 0.5], "texture": "#1"},
				"south": {"uv": [1, 0, 15, 15], "texture": "#1"},
				"down": {"uv": [0, 0, 0.00781, 0.00781], "texture": "#1"}
			}
		},
		{
			"name": "hexadecagon",
			"from": [9.76131, 13, 6.75],
			"to": [10.28869, 13.7, 7.2],
			"rotation": {"angle": -22.5, "axis": "y", "origin": [10.025, 13.4, 5.975]},
			"faces": {
				"north": {"uv": [0, 0, 1, 0.5], "texture": "#1"},
				"south": {"uv": [1, 0, 15, 15], "texture": "#1"},
				"down": {"uv": [0, 0, 0.00781, 0.00781], "texture": "#1"}
			}
		},
		{
			"name": "hexadecagon",
			"from": [9.76131, 13, 6.75],
			"to": [10.28869, 13.7, 7.2],
			"rotation": {"angle": 0, "axis": "y", "origin": [10.025, 13.4, 5.975]},
			"faces": {
				"north": {"uv": [0, 0, 1, 0.5], "texture": "#1"},
				"south": {"uv": [1, 0, 15, 15], "texture": "#1"}
			}
		},
		{
			"name": "hexadecagon",
			"from": [9.76131, 13, 6.75],
			"to": [10.28869, 13.7, 7.2],
			"rotation": {"angle": 22.5, "axis": "y", "origin": [10.025, 13.4, 5.975]},
			"faces": {
				"north": {"uv": [0, 0, 1, 0.5], "texture": "#1"},
				"south": {"uv": [1, 0, 15, 15], "texture": "#1"},
				"down": {"uv": [0, 0, 0.00781, 0.00781], "texture": "#1"}
			}
		},
		{
			"name": "hexadecagon",
			"from": [9.76131, 13, 6.75],
			"to": [10.28869, 13.7, 7.2],
			"rotation": {"angle": 45, "axis": "y", "origin": [10.025, 13.4, 5.975]},
			"faces": {
				"north": {"uv": [0, 0, 1, 0.5], "texture": "#1"},
				"south": {"uv": [1, 0, 15, 15], "texture": "#1"},
				"down": {"uv": [0, 0, 0.00781, 0.00781], "texture": "#1"}
			}
		},
		{
			"name": "hexadecagon",
			"from": [8.8, 13, 5.71131],
			"to": [9.25, 13.7, 6.23869],
			"rotation": {"angle": -22.5, "axis": "y", "origin": [10.025, 13.4, 5.975]},
			"faces": {
				"east": {"uv": [0, 0, 1, 0.5], "texture": "#1"},
				"west": {"uv": [1, 0, 15, 15], "texture": "#1"},
				"down": {"uv": [0, 0, 0.00781, 0.00781], "texture": "#1"}
			}
		},
		{
			"name": "hexadecagon",
			"from": [8.8, 13, 5.71131],
			"to": [9.25, 13.7, 6.23869],
			"rotation": {"angle": 0, "axis": "y", "origin": [10.025, 13.4, 5.975]},
			"faces": {
				"east": {"uv": [0, 0, 1, 0.5], "texture": "#1"},
				"west": {"uv": [1, 0, 15, 15], "texture": "#1"}
			}
		},
		{
			"name": "hexadecagon",
			"from": [8.8, 13, 5.71131],
			"to": [9.25, 13.7, 6.23869],
			"rotation": {"angle": 22.5, "axis": "y", "origin": [10.025, 13.4, 5.975]},
			"faces": {
				"east": {"uv": [0, 0, 1, 0.5], "texture": "#1"},
				"west": {"uv": [1, 0, 15, 15], "texture": "#1"},
				"down": {"uv": [0, 0, 0.00781, 0.00781], "texture": "#1"}
			}
		},
		{
			"name": "hexadecagon",
			"from": [10.8, 13, 5.71131],
			"to": [11.25, 13.7, 6.23869],
			"rotation": {"angle": -22.5, "axis": "y", "origin": [10.025, 13.4, 5.975]},
			"faces": {
				"east": {"uv": [1, 0, 15, 15], "texture": "#1"},
				"west": {"uv": [0, 0, 1, 0.5], "texture": "#1"},
				"down": {"uv": [0, 0, 0.00781, 0.00781], "texture": "#1"}
			}
		},
		{
			"name": "hexadecagon",
			"from": [10.8, 13, 5.71131],
			"to": [11.25, 13.7, 6.23869],
			"rotation": {"angle": 0, "axis": "y", "origin": [10.025, 13.4, 5.975]},
			"faces": {
				"east": {"uv": [1, 0, 15, 15], "texture": "#1"},
				"west": {"uv": [0, 0, 1, 0.5], "texture": "#1"}
			}
		},
		{
			"name": "hexadecagon",
			"from": [10.8, 13, 5.71131],
			"to": [11.25, 13.7, 6.23869],
			"rotation": {"angle": 22.5, "axis": "y", "origin": [10.025, 13.4, 5.975]},
			"faces": {
				"east": {"uv": [1, 0, 15, 15], "texture": "#1"},
				"west": {"uv": [0, 0, 1, 0.5], "texture": "#1"},
				"down": {"uv": [0, 0, 0.00781, 0.00781], "texture": "#1"}
			}
		},
		{
			"from": [8.8, 13.7, 4.75],
			"to": [11.25, 13.7, 7.2],
			"rotation": {"angle": 0, "axis": "y", "origin": [2.025, 2.9, 1.975]},
			"faces": {
				"up": {"uv": [0, 0, 16, 16], "rotation": 180, "texture": "#2"},
				"down": {"uv": [0, 0, 16, 16], "texture": "#2"}
			}
		},
		{
			"from": [8, 9, 4],
			"to": [12, 13, 8],
			"rotation": {"angle": 0, "axis": "y", "origin": [13.025, 9, -2.025]},
			"faces": {
				"north": {"uv": [0, 0, 16, 16], "texture": "#1"},
				"east": {"uv": [0, 0, 16, 16], "texture": "#1"},
				"south": {"uv": [0, 0, 16, 16], "texture": "#1"},
				"west": {"uv": [0, 0, 16, 16], "texture": "#1"},
				"up": {"uv": [0, 0, 16, 16], "texture": "#1"},
				"down": {"uv": [0, 0, 16, 16], "texture": "#1"}
			}
		},
		{
			"name": "hexadecagon",
			"from": [7.3, 10.76131, 4.8],
			"to": [8, 11.23869, 7.2],
			"rotation": {"angle": -45, "axis": "x", "origin": [7.5, 11, 6]},
			"faces": {
				"north": {"uv": [1, 1, 16, 15], "texture": "#1"},
				"east": {"uv": [0, 0, 0.0625, 0.0625], "texture": "#1"},
				"south": {"uv": [0, 1, 15, 15], "texture": "#1"}
			}
		},
		{
			"name": "hexadecagon",
			"from": [7.3, 10.76131, 4.8],
			"to": [8, 11.23869, 7.2],
			"rotation": {"angle": -22.5, "axis": "x", "origin": [7.5, 11, 6]},
			"faces": {
				"north": {"uv": [1, 1, 16, 15], "texture": "#1"},
				"east": {"uv": [0, 0, 0.0625, 0.0625], "texture": "#1"},
				"south": {"uv": [0, 1, 15, 15], "texture": "#1"}
			}
		},
		{
			"name": "hexadecagon",
			"from": [7.3, 10.76131, 4.8],
			"to": [8, 11.23869, 7.2],
			"rotation": {"angle": 0, "axis": "x", "origin": [7.5, 11, 6]},
			"faces": {
				"north": {"uv": [1, 1, 16, 15], "texture": "#1"},
				"south": {"uv": [0, 1, 15, 15], "texture": "#1"}
			}
		},
		{
			"name": "hexadecagon",
			"from": [7.3, 10.76131, 4.8],
			"to": [8, 11.23869, 7.2],
			"rotation": {"angle": 22.5, "axis": "x", "origin": [7.5, 11, 6]},
			"faces": {
				"north": {"uv": [1, 1, 16, 15], "texture": "#1"},
				"east": {"uv": [0, 0, 0.0625, 0.0625], "texture": "#1"},
				"south": {"uv": [0, 1, 15, 15], "texture": "#1"}
			}
		},
		{
			"name": "hexadecagon",
			"from": [7.3, 10.76131, 4.8],
			"to": [8, 11.23869, 7.2],
			"rotation": {"angle": 45, "axis": "x", "origin": [7.5, 11, 6]},
			"faces": {
				"north": {"uv": [1, 1, 16, 15], "texture": "#1"},
				"east": {"uv": [0, 0, 0.0625, 0.0625], "texture": "#1"},
				"south": {"uv": [0, 1, 15, 15], "texture": "#1"}
			}
		},
		{
			"name": "hexadecagon",
			"from": [7.3, 9.8, 5.76131],
			"to": [8, 12.2, 6.23869],
			"rotation": {"angle": -22.5, "axis": "x", "origin": [7.5, 11, 6]},
			"faces": {
				"east": {"uv": [0, 0, 0.0625, 0.0625], "texture": "#1"},
				"up": {"uv": [0, 1, 15, 15], "texture": "#1"},
				"down": {"uv": [0, 1, 15, 15], "texture": "#1"}
			}
		},
		{
			"name": "hexadecagon",
			"from": [7.3, 9.8, 5.76131],
			"to": [8, 12.2, 6.23869],
			"rotation": {"angle": 0, "axis": "x", "origin": [7.5, 11, 6]},
			"faces": {
				"up": {"uv": [0, 1, 15, 15], "texture": "#1"},
				"down": {"uv": [0, 1, 15, 15], "texture": "#1"}
			}
		},
		{
			"name": "hexadecagon",
			"from": [7.3, 9.8, 5.76131],
			"to": [8, 12.2, 6.23869],
			"rotation": {"angle": 22.5, "axis": "x", "origin": [7.5, 11, 6]},
			"faces": {
				"east": {"uv": [0, 0, 0.0625, 0.0625], "texture": "#1"},
				"up": {"uv": [0, 1, 15, 15], "texture": "#1"},
				"down": {"uv": [0, 1, 15, 15], "texture": "#1"}
			}
		},
		{
			"from": [7.3, 9, 4],
			"to": [7.3, 13, 8],
			"rotation": {"angle": 0, "axis": "y", "origin": [13.025, 9, -2.025]},
			"faces": {
				"east": {"uv": [0, 0, 16, 16], "texture": "#0"},
				"west": {"uv": [0, 0, 16, 16], "texture": "#0"}
			}
		},
		{
			"name": "hexadecagon",
			"from": [12, 10.76131, 4.8],
			"to": [12.7, 11.23869, 7.2],
			"rotation": {"angle": -45, "axis": "x", "origin": [12.5, 11, 6]},
			"faces": {
				"north": {"uv": [16, 1, 1, 15], "texture": "#1"},
				"south": {"uv": [15, 1, 0, 15], "texture": "#1"},
				"west": {"uv": [0.0625, 0, 0, 0.0625], "texture": "#1"}
			}
		},
		{
			"name": "hexadecagon",
			"from": [12, 10.76131, 4.8],
			"to": [12.7, 11.23869, 7.2],
			"rotation": {"angle": -22.5, "axis": "x", "origin": [12.5, 11, 6]},
			"faces": {
				"north": {"uv": [16, 1, 1, 15], "texture": "#1"},
				"south": {"uv": [15, 1, 0, 15], "texture": "#1"},
				"west": {"uv": [0.0625, 0, 0, 0.0625], "texture": "#1"}
			}
		},
		{
			"name": "hexadecagon",
			"from": [12, 10.76131, 4.8],
			"to": [12.7, 11.23869, 7.2],
			"rotation": {"angle": 0, "axis": "x", "origin": [12.5, 11, 6]},
			"faces": {
				"north": {"uv": [16, 1, 1, 15], "texture": "#1"},
				"south": {"uv": [15, 1, 0, 15], "texture": "#1"}
			}
		},
		{
			"name": "hexadecagon",
			"from": [12, 10.76131, 4.8],
			"to": [12.7, 11.23869, 7.2],
			"rotation": {"angle": 22.5, "axis": "x", "origin": [12.5, 11, 6]},
			"faces": {
				"north": {"uv": [16, 1, 1, 15], "texture": "#1"},
				"south": {"uv": [15, 1, 0, 15], "texture": "#1"},
				"west": {"uv": [0.0625, 0, 0, 0.0625], "texture": "#1"}
			}
		},
		{
			"name": "hexadecagon",
			"from": [12, 10.76131, 4.8],
			"to": [12.7, 11.23869, 7.2],
			"rotation": {"angle": 45, "axis": "x", "origin": [12.5, 11, 6]},
			"faces": {
				"north": {"uv": [16, 1, 1, 15], "texture": "#1"},
				"south": {"uv": [15, 1, 0, 15], "texture": "#1"},
				"west": {"uv": [0.0625, 0, 0, 0.0625], "texture": "#1"}
			}
		},
		{
			"name": "hexadecagon",
			"from": [12, 9.8, 5.76131],
			"to": [12.7, 12.2, 6.23869],
			"rotation": {"angle": -22.5, "axis": "x", "origin": [12.5, 11, 6]},
			"faces": {
				"west": {"uv": [0.0625, 0, 0, 0.0625], "texture": "#1"},
				"up": {"uv": [15, 1, 0, 15], "texture": "#1"},
				"down": {"uv": [15, 1, 0, 15], "texture": "#1"}
			}
		},
		{
			"name": "hexadecagon",
			"from": [12, 9.8, 5.76131],
			"to": [12.7, 12.2, 6.23869],
			"rotation": {"angle": 0, "axis": "x", "origin": [12.5, 11, 6]},
			"faces": {
				"up": {"uv": [15, 1, 0, 15], "texture": "#1"},
				"down": {"uv": [15, 1, 0, 15], "texture": "#1"}
			}
		},
		{
			"name": "hexadecagon",
			"from": [12, 9.8, 5.76131],
			"to": [12.7, 12.2, 6.23869],
			"rotation": {"angle": 22.5, "axis": "x", "origin": [12.5, 11, 6]},
			"faces": {
				"west": {"uv": [0.0625, 0, 0, 0.0625], "texture": "#1"},
				"up": {"uv": [15, 1, 0, 15], "texture": "#1"},
				"down": {"uv": [15, 1, 0, 15], "texture": "#1"}
			}
		},
		{
			"from": [12.7, 9, 4],
			"to": [12.7, 13, 8],
			"rotation": {"angle": 0, "axis": "y", "origin": [6.975, 9, -2.025]},
			"faces": {
				"east": {"uv": [0, 0, 16, 16], "texture": "#0"},
				"west": {"uv": [16, 0, 0, 16], "texture": "#0"}
			}
		},
		{
			"name": "hexadecagon",
			"from": [8.8, 10.76131, 8],
			"to": [11.2, 11.23869, 8.7],
			"rotation": {"angle": -45, "axis": "z", "origin": [10, 11, 8.5]},
			"faces": {
				"north": {"uv": [0.0625, 0, 0, 0.0625], "texture": "#1"},
				"east": {"uv": [16, 1, 1, 15], "texture": "#1"},
				"west": {"uv": [15, 1, 0, 15], "texture": "#1"}
			}
		},
		{
			"name": "hexadecagon",
			"from": [8.8, 10.76131, 8],
			"to": [11.2, 11.23869, 8.7],
			"rotation": {"angle": -22.5, "axis": "z", "origin": [10, 11, 8.5]},
			"faces": {
				"north": {"uv": [0.0625, 0, 0, 0.0625], "texture": "#1"},
				"east": {"uv": [16, 1, 1, 15], "texture": "#1"},
				"west": {"uv": [15, 1, 0, 15], "texture": "#1"}
			}
		},
		{
			"name": "hexadecagon",
			"from": [8.8, 10.76131, 8],
			"to": [11.2, 11.23869, 8.7],
			"rotation": {"angle": 0, "axis": "x", "origin": [10, 11, 8.5]},
			"faces": {
				"east": {"uv": [16, 1, 1, 15], "texture": "#1"},
				"west": {"uv": [15, 1, 0, 15], "texture": "#1"}
			}
		},
		{
			"name": "hexadecagon",
			"from": [8.8, 10.76131, 8],
			"to": [11.2, 11.23869, 8.7],
			"rotation": {"angle": 22.5, "axis": "z", "origin": [10, 11, 8.5]},
			"faces": {
				"north": {"uv": [0.0625, 0, 0, 0.0625], "texture": "#1"},
				"east": {"uv": [16, 1, 1, 15], "texture": "#1"},
				"west": {"uv": [15, 1, 0, 15], "texture": "#1"}
			}
		},
		{
			"name": "hexadecagon",
			"from": [8.8, 10.76131, 8],
			"to": [11.2, 11.23869, 8.7],
			"rotation": {"angle": 45, "axis": "z", "origin": [10, 11, 8.5]},
			"faces": {
				"north": {"uv": [0.0625, 0, 0, 0.0625], "texture": "#1"},
				"east": {"uv": [16, 1, 1, 15], "texture": "#1"},
				"west": {"uv": [15, 1, 0, 15], "texture": "#1"}
			}
		},
		{
			"name": "hexadecagon",
			"from": [9.76131, 9.8, 8],
			"to": [10.23869, 12.2, 8.7],
			"rotation": {"angle": -22.5, "axis": "z", "origin": [10, 11, 8.5]},
			"faces": {
				"north": {"uv": [0.0625, 0, 0, 0.0625], "texture": "#1"},
				"up": {"uv": [15, 1, 0, 15], "rotation": 90, "texture": "#1"},
				"down": {"uv": [15, 1, 0, 15], "rotation": 270, "texture": "#1"}
			}
		},
		{
			"name": "hexadecagon",
			"from": [9.76131, 9.8, 8],
			"to": [10.23869, 12.2, 8.7],
			"rotation": {"angle": 0, "axis": "x", "origin": [10, 11, 8.5]},
			"faces": {
				"up": {"uv": [15, 1, 0, 15], "rotation": 90, "texture": "#1"},
				"down": {"uv": [15, 1, 0, 15], "rotation": 270, "texture": "#1"}
			}
		},
		{
			"name": "hexadecagon",
			"from": [9.76131, 9.8, 8],
			"to": [10.23869, 12.2, 8.7],
			"rotation": {"angle": 22.5, "axis": "z", "origin": [10, 11, 8.5]},
			"faces": {
				"north": {"uv": [0.0625, 0, 0, 0.0625], "texture": "#1"},
				"up": {"uv": [15, 1, 0, 15], "rotation": 90, "texture": "#1"},
				"down": {"uv": [15, 1, 0, 15], "rotation": 270, "texture": "#1"}
			}
		},
		{
			"from": [8, 9, 8.7],
			"to": [12, 13, 8.7],
			"rotation": {"angle": 0, "axis": "y", "origin": [18.025, 9, 2.975]},
			"faces": {
				"north": {"uv": [16, 0, 0, 16], "texture": "#0"},
				"south": {"uv": [0, 0, 16, 16], "texture": "#0"}
			}
		},
		{
			"name": "hexadecagon",
			"from": [8.8, 10.76131, 3.3],
			"to": [11.2, 11.23869, 4],
			"rotation": {"angle": -45, "axis": "z", "origin": [10, 11, 3.5]},
			"faces": {
				"east": {"uv": [1, 1, 16, 15], "texture": "#1"},
				"south": {"uv": [0, 0, 0.0625, 0.0625], "texture": "#1"},
				"west": {"uv": [0, 1, 15, 15], "texture": "#1"}
			}
		},
		{
			"name": "hexadecagon",
			"from": [8.8, 10.76131, 3.3],
			"to": [11.2, 11.23869, 4],
			"rotation": {"angle": -22.5, "axis": "z", "origin": [10, 11, 3.5]},
			"faces": {
				"east": {"uv": [1, 1, 16, 15], "texture": "#1"},
				"south": {"uv": [0, 0, 0.0625, 0.0625], "texture": "#1"},
				"west": {"uv": [0, 1, 15, 15], "texture": "#1"}
			}
		},
		{
			"name": "hexadecagon",
			"from": [8.8, 10.76131, 3.3],
			"to": [11.2, 11.23869, 4],
			"rotation": {"angle": 0, "axis": "x", "origin": [10, 11, 3.5]},
			"faces": {
				"east": {"uv": [1, 1, 16, 15], "texture": "#1"},
				"west": {"uv": [0, 1, 15, 15], "texture": "#1"}
			}
		},
		{
			"name": "hexadecagon",
			"from": [8.8, 10.76131, 3.3],
			"to": [11.2, 11.23869, 4],
			"rotation": {"angle": 22.5, "axis": "z", "origin": [10, 11, 3.5]},
			"faces": {
				"east": {"uv": [1, 1, 16, 15], "texture": "#1"},
				"south": {"uv": [0, 0, 0.0625, 0.0625], "texture": "#1"},
				"west": {"uv": [0, 1, 15, 15], "texture": "#1"}
			}
		},
		{
			"name": "hexadecagon",
			"from": [8.8, 10.76131, 3.3],
			"to": [11.2, 11.23869, 4],
			"rotation": {"angle": 45, "axis": "z", "origin": [10, 11, 3.5]},
			"faces": {
				"east": {"uv": [1, 1, 16, 15], "texture": "#1"},
				"south": {"uv": [0, 0, 0.0625, 0.0625], "texture": "#1"},
				"west": {"uv": [0, 1, 15, 15], "texture": "#1"}
			}
		},
		{
			"name": "hexadecagon",
			"from": [9.76131, 9.8, 3.3],
			"to": [10.23869, 12.2, 4],
			"rotation": {"angle": -22.5, "axis": "z", "origin": [10, 11, 3.5]},
			"faces": {
				"south": {"uv": [0, 0, 0.0625, 0.0625], "texture": "#1"},
				"up": {"uv": [0, 1, 15, 15], "rotation": 90, "texture": "#1"},
				"down": {"uv": [0, 1, 15, 15], "rotation": 270, "texture": "#1"}
			}
		},
		{
			"name": "hexadecagon",
			"from": [9.76131, 9.8, 3.3],
			"to": [10.23869, 12.2, 4],
			"rotation": {"angle": 0, "axis": "x", "origin": [10, 11, 3.5]},
			"faces": {
				"up": {"uv": [0, 1, 15, 15], "rotation": 90, "texture": "#1"},
				"down": {"uv": [0, 1, 15, 15], "rotation": 270, "texture": "#1"}
			}
		},
		{
			"name": "hexadecagon",
			"from": [9.76131, 9.8, 3.3],
			"to": [10.23869, 12.2, 4],
			"rotation": {"angle": 22.5, "axis": "z", "origin": [10, 11, 3.5]},
			"faces": {
				"south": {"uv": [0, 0, 0.0625, 0.0625], "texture": "#1"},
				"up": {"uv": [0, 1, 15, 15], "rotation": 90, "texture": "#1"},
				"down": {"uv": [0, 1, 15, 15], "rotation": 270, "texture": "#1"}
			}
		},
		{
			"from": [8, 9, 3.3],
			"to": [12, 13, 3.3],
			"rotation": {"angle": 0, "axis": "y", "origin": [18.025, 9, 9.025]},
			"faces": {
				"north": {"uv": [0, 0, 16, 16], "texture": "#0"},
				"south": {"uv": [0, 0, 16, 16], "texture": "#0"}
			}
		},
		{
			"name": "hexadecagon",
			"from": [3.76131, 10, 10.75],
			"to": [4.28869, 10.7, 11.2],
			"rotation": {"angle": -45, "axis": "y", "origin": [4.025, 10.4, 11.975]},
			"faces": {
				"north": {"uv": [1, 0, 15, 15], "texture": "#1"},
				"south": {"uv": [0, 0, 1, 0.5], "texture": "#1"},
				"down": {"uv": [0, 0, 0.00781, 0.00781], "texture": "#1"}
			}
		},
		{
			"name": "hexadecagon",
			"from": [3.76131, 10, 10.75],
			"to": [4.28869, 10.7, 11.2],
			"rotation": {"angle": -22.5, "axis": "y", "origin": [4.025, 10.4, 11.975]},
			"faces": {
				"north": {"uv": [1, 0, 15, 15], "texture": "#1"},
				"south": {"uv": [0, 0, 1, 0.5], "texture": "#1"},
				"down": {"uv": [0, 0, 0.00781, 0.00781], "texture": "#1"}
			}
		},
		{
			"name": "hexadecagon",
			"from": [3.76131, 10, 10.75],
			"to": [4.28869, 10.7, 11.2],
			"rotation": {"angle": 0, "axis": "y", "origin": [4.025, 10.4, 11.975]},
			"faces": {
				"north": {"uv": [1, 0, 15, 15], "texture": "#1"},
				"south": {"uv": [0, 0, 1, 0.5], "texture": "#1"}
			}
		},
		{
			"name": "hexadecagon",
			"from": [3.76131, 10, 10.75],
			"to": [4.28869, 10.7, 11.2],
			"rotation": {"angle": 22.5, "axis": "y", "origin": [4.025, 10.4, 11.975]},
			"faces": {
				"north": {"uv": [1, 0, 15, 15], "texture": "#1"},
				"south": {"uv": [0, 0, 1, 0.5], "texture": "#1"},
				"down": {"uv": [0, 0, 0.00781, 0.00781], "texture": "#1"}
			}
		},
		{
			"name": "hexadecagon",
			"from": [3.76131, 10, 10.75],
			"to": [4.28869, 10.7, 11.2],
			"rotation": {"angle": 45, "axis": "y", "origin": [4.025, 10.4, 11.975]},
			"faces": {
				"north": {"uv": [1, 0, 15, 15], "texture": "#1"},
				"south": {"uv": [0, 0, 1, 0.5], "texture": "#1"},
				"down": {"uv": [0, 0, 0.00781, 0.00781], "texture": "#1"}
			}
		},
		{
			"name": "hexadecagon",
			"from": [3.76131, 10, 12.75],
			"to": [4.28869, 10.7, 13.2],
			"rotation": {"angle": -45, "axis": "y", "origin": [4.025, 10.4, 11.975]},
			"faces": {
				"north": {"uv": [0, 0, 1, 0.5], "texture": "#1"},
				"south": {"uv": [1, 0, 15, 15], "texture": "#1"},
				"down": {"uv": [0, 0, 0.00781, 0.00781], "texture": "#1"}
			}
		},
		{
			"name": "hexadecagon",
			"from": [3.76131, 10, 12.75],
			"to": [4.28869, 10.7, 13.2],
			"rotation": {"angle": -22.5, "axis": "y", "origin": [4.025, 10.4, 11.975]},
			"faces": {
				"north": {"uv": [0, 0, 1, 0.5], "texture": "#1"},
				"south": {"uv": [1, 0, 15, 15], "texture": "#1"},
				"down": {"uv": [0, 0, 0.00781, 0.00781], "texture": "#1"}
			}
		},
		{
			"name": "hexadecagon",
			"from": [3.76131, 10, 12.75],
			"to": [4.28869, 10.7, 13.2],
			"rotation": {"angle": 0, "axis": "y", "origin": [4.025, 10.4, 11.975]},
			"faces": {
				"north": {"uv": [0, 0, 1, 0.5], "texture": "#1"},
				"south": {"uv": [1, 0, 15, 15], "texture": "#1"}
			}
		},
		{
			"name": "hexadecagon",
			"from": [3.76131, 10, 12.75],
			"to": [4.28869, 10.7, 13.2],
			"rotation": {"angle": 22.5, "axis": "y", "origin": [4.025, 10.4, 11.975]},
			"faces": {
				"north": {"uv": [0, 0, 1, 0.5], "texture": "#1"},
				"south": {"uv": [1, 0, 15, 15], "texture": "#1"},
				"down": {"uv": [0, 0, 0.00781, 0.00781], "texture": "#1"}
			}
		},
		{
			"name": "hexadecagon",
			"from": [3.76131, 10, 12.75],
			"to": [4.28869, 10.7, 13.2],
			"rotation": {"angle": 45, "axis": "y", "origin": [4.025, 10.4, 11.975]},
			"faces": {
				"north": {"uv": [0, 0, 1, 0.5], "texture": "#1"},
				"south": {"uv": [1, 0, 15, 15], "texture": "#1"},
				"down": {"uv": [0, 0, 0.00781, 0.00781], "texture": "#1"}
			}
		},
		{
			"name": "hexadecagon",
			"from": [2.8, 10, 11.71131],
			"to": [3.25, 10.7, 12.23869],
			"rotation": {"angle": -22.5, "axis": "y", "origin": [4.025, 10.4, 11.975]},
			"faces": {
				"east": {"uv": [0, 0, 1, 0.5], "texture": "#1"},
				"west": {"uv": [1, 0, 15, 15], "texture": "#1"},
				"down": {"uv": [0, 0, 0.00781, 0.00781], "texture": "#1"}
			}
		},
		{
			"name": "hexadecagon",
			"from": [2.8, 10, 11.71131],
			"to": [3.25, 10.7, 12.23869],
			"rotation": {"angle": 0, "axis": "y", "origin": [4.025, 10.4, 11.975]},
			"faces": {
				"east": {"uv": [0, 0, 1, 0.5], "texture": "#1"},
				"west": {"uv": [1, 0, 15, 15], "texture": "#1"}
			}
		},
		{
			"name": "hexadecagon",
			"from": [2.8, 10, 11.71131],
			"to": [3.25, 10.7, 12.23869],
			"rotation": {"angle": 22.5, "axis": "y", "origin": [4.025, 10.4, 11.975]},
			"faces": {
				"east": {"uv": [0, 0, 1, 0.5], "texture": "#1"},
				"west": {"uv": [1, 0, 15, 15], "texture": "#1"},
				"down": {"uv": [0, 0, 0.00781, 0.00781], "texture": "#1"}
			}
		},
		{
			"name": "hexadecagon",
			"from": [4.8, 10, 11.71131],
			"to": [5.25, 10.7, 12.23869],
			"rotation": {"angle": -22.5, "axis": "y", "origin": [4.025, 10.4, 11.975]},
			"faces": {
				"east": {"uv": [1, 0, 15, 15], "texture": "#1"},
				"west": {"uv": [0, 0, 1, 0.5], "texture": "#1"},
				"down": {"uv": [0, 0, 0.00781, 0.00781], "texture": "#1"}
			}
		},
		{
			"name": "hexadecagon",
			"from": [4.8, 10, 11.71131],
			"to": [5.25, 10.7, 12.23869],
			"rotation": {"angle": 0, "axis": "y", "origin": [4.025, 10.4, 11.975]},
			"faces": {
				"east": {"uv": [1, 0, 15, 15], "texture": "#1"},
				"west": {"uv": [0, 0, 1, 0.5], "texture": "#1"}
			}
		},
		{
			"name": "hexadecagon",
			"from": [4.8, 10, 11.71131],
			"to": [5.25, 10.7, 12.23869],
			"rotation": {"angle": 22.5, "axis": "y", "origin": [4.025, 10.4, 11.975]},
			"faces": {
				"east": {"uv": [1, 0, 15, 15], "texture": "#1"},
				"west": {"uv": [0, 0, 1, 0.5], "texture": "#1"},
				"down": {"uv": [0, 0, 0.00781, 0.00781], "texture": "#1"}
			}
		},
		{
			"from": [2.8, 10.7, 10.75],
			"to": [5.25, 10.7, 13.2],
			"rotation": {"angle": 0, "axis": "y", "origin": [-3.975, -0.1, 7.975]},
			"faces": {
				"up": {"uv": [0, 0, 16, 16], "rotation": 180, "texture": "#2"},
				"down": {"uv": [0, 0, 16, 16], "texture": "#2"}
			}
		},
		{
			"from": [2, 6, 10],
			"to": [6, 10, 14],
			"rotation": {"angle": 0, "axis": "y", "origin": [7.025, 6, 3.975]},
			"faces": {
				"north": {"uv": [0, 0, 16, 16], "texture": "#1"},
				"east": {"uv": [0, 0, 16, 16], "texture": "#1"},
				"south": {"uv": [0, 0, 16, 16], "texture": "#1"},
				"west": {"uv": [0, 0, 16, 16], "texture": "#1"},
				"up": {"uv": [0, 0, 16, 16], "texture": "#1"},
				"down": {"uv": [0, 0, 16, 16], "texture": "#1"}
			}
		},
		{
			"name": "hexadecagon",
			"from": [1.3, 7.76131, 10.8],
			"to": [2, 8.23869, 13.2],
			"rotation": {"angle": -45, "axis": "x", "origin": [1.5, 8, 12]},
			"faces": {
				"north": {"uv": [1, 1, 16, 15], "texture": "#1"},
				"east": {"uv": [0, 0, 0.0625, 0.0625], "texture": "#1"},
				"south": {"uv": [0, 1, 15, 15], "texture": "#1"}
			}
		},
		{
			"name": "hexadecagon",
			"from": [1.3, 7.76131, 10.8],
			"to": [2, 8.23869, 13.2],
			"rotation": {"angle": -22.5, "axis": "x", "origin": [1.5, 8, 12]},
			"faces": {
				"north": {"uv": [1, 1, 16, 15], "texture": "#1"},
				"east": {"uv": [0, 0, 0.0625, 0.0625], "texture": "#1"},
				"south": {"uv": [0, 1, 15, 15], "texture": "#1"}
			}
		},
		{
			"name": "hexadecagon",
			"from": [1.3, 7.76131, 10.8],
			"to": [2, 8.23869, 13.2],
			"rotation": {"angle": 0, "axis": "x", "origin": [1.5, 8, 12]},
			"faces": {
				"north": {"uv": [1, 1, 16, 15], "texture": "#1"},
				"south": {"uv": [0, 1, 15, 15], "texture": "#1"}
			}
		},
		{
			"name": "hexadecagon",
			"from": [1.3, 7.76131, 10.8],
			"to": [2, 8.23869, 13.2],
			"rotation": {"angle": 22.5, "axis": "x", "origin": [1.5, 8, 12]},
			"faces": {
				"north": {"uv": [1, 1, 16, 15], "texture": "#1"},
				"east": {"uv": [0, 0, 0.0625, 0.0625], "texture": "#1"},
				"south": {"uv": [0, 1, 15, 15], "texture": "#1"}
			}
		},
		{
			"name": "hexadecagon",
			"from": [1.3, 7.76131, 10.8],
			"to": [2, 8.23869, 13.2],
			"rotation": {"angle": 45, "axis": "x", "origin": [1.5, 8, 12]},
			"faces": {
				"north": {"uv": [1, 1, 16, 15], "texture": "#1"},
				"east": {"uv": [0, 0, 0.0625, 0.0625], "texture": "#1"},
				"south": {"uv": [0, 1, 15, 15], "texture": "#1"}
			}
		},
		{
			"name": "hexadecagon",
			"from": [1.3, 6.8, 11.76131],
			"to": [2, 9.2, 12.23869],
			"rotation": {"angle": -22.5, "axis": "x", "origin": [1.5, 8, 12]},
			"faces": {
				"east": {"uv": [0, 0, 0.0625, 0.0625], "texture": "#1"},
				"up": {"uv": [0, 1, 15, 15], "texture": "#1"},
				"down": {"uv": [0, 1, 15, 15], "texture": "#1"}
			}
		},
		{
			"name": "hexadecagon",
			"from": [1.3, 6.8, 11.76131],
			"to": [2, 9.2, 12.23869],
			"rotation": {"angle": 0, "axis": "x", "origin": [1.5, 8, 12]},
			"faces": {
				"up": {"uv": [0, 1, 15, 15], "texture": "#1"},
				"down": {"uv": [0, 1, 15, 15], "texture": "#1"}
			}
		},
		{
			"name": "hexadecagon",
			"from": [1.3, 6.8, 11.76131],
			"to": [2, 9.2, 12.23869],
			"rotation": {"angle": 22.5, "axis": "x", "origin": [1.5, 8, 12]},
			"faces": {
				"east": {"uv": [0, 0, 0.0625, 0.0625], "texture": "#1"},
				"up": {"uv": [0, 1, 15, 15], "texture": "#1"},
				"down": {"uv": [0, 1, 15, 15], "texture": "#1"}
			}
		},
		{
			"from": [1.3, 6, 10],
			"to": [1.3, 10, 14],
			"rotation": {"angle": 0, "axis": "y", "origin": [7.025, 6, 3.975]},
			"faces": {
				"east": {"uv": [0, 0, 16, 16], "texture": "#0"},
				"west": {"uv": [0, 0, 16, 16], "texture": "#0"}
			}
		},
		{
			"name": "hexadecagon",
			"from": [6, 7.76131, 10.8],
			"to": [6.7, 8.23869, 13.2],
			"rotation": {"angle": -45, "axis": "x", "origin": [6.5, 8, 12]},
			"faces": {
				"north": {"uv": [16, 1, 1, 15], "texture": "#1"},
				"south": {"uv": [15, 1, 0, 15], "texture": "#1"},
				"west": {"uv": [0.0625, 0, 0, 0.0625], "texture": "#1"}
			}
		},
		{
			"name": "hexadecagon",
			"from": [6, 7.76131, 10.8],
			"to": [6.7, 8.23869, 13.2],
			"rotation": {"angle": -22.5, "axis": "x", "origin": [6.5, 8, 12]},
			"faces": {
				"north": {"uv": [16, 1, 1, 15], "texture": "#1"},
				"south": {"uv": [15, 1, 0, 15], "texture": "#1"},
				"west": {"uv": [0.0625, 0, 0, 0.0625], "texture": "#1"}
			}
		},
		{
			"name": "hexadecagon",
			"from": [6, 7.76131, 10.8],
			"to": [6.7, 8.23869, 13.2],
			"rotation": {"angle": 0, "axis": "x", "origin": [6.5, 8, 12]},
			"faces": {
				"north": {"uv": [16, 1, 1, 15], "texture": "#1"},
				"south": {"uv": [15, 1, 0, 15], "texture": "#1"}
			}
		},
		{
			"name": "hexadecagon",
			"from": [6, 7.76131, 10.8],
			"to": [6.7, 8.23869, 13.2],
			"rotation": {"angle": 22.5, "axis": "x", "origin": [6.5, 8, 12]},
			"faces": {
				"north": {"uv": [16, 1, 1, 15], "texture": "#1"},
				"south": {"uv": [15, 1, 0, 15], "texture": "#1"},
				"west": {"uv": [0.0625, 0, 0, 0.0625], "texture": "#1"}
			}
		},
		{
			"name": "hexadecagon",
			"from": [6, 7.76131, 10.8],
			"to": [6.7, 8.23869, 13.2],
			"rotation": {"angle": 45, "axis": "x", "origin": [6.5, 8, 12]},
			"faces": {
				"north": {"uv": [16, 1, 1, 15], "texture": "#1"},
				"south": {"uv": [15, 1, 0, 15], "texture": "#1"},
				"west": {"uv": [0.0625, 0, 0, 0.0625], "texture": "#1"}
			}
		},
		{
			"name": "hexadecagon",
			"from": [6, 6.8, 11.76131],
			"to": [6.7, 9.2, 12.23869],
			"rotation": {"angle": -22.5, "axis": "x", "origin": [6.5, 8, 12]},
			"faces": {
				"west": {"uv": [0.0625, 0, 0, 0.0625], "texture": "#1"},
				"up": {"uv": [15, 1, 0, 15], "texture": "#1"},
				"down": {"uv": [15, 1, 0, 15], "texture": "#1"}
			}
		},
		{
			"name": "hexadecagon",
			"from": [6, 6.8, 11.76131],
			"to": [6.7, 9.2, 12.23869],
			"rotation": {"angle": 0, "axis": "x", "origin": [6.5, 8, 12]},
			"faces": {
				"up": {"uv": [15, 1, 0, 15], "texture": "#1"},
				"down": {"uv": [15, 1, 0, 15], "texture": "#1"}
			}
		},
		{
			"name": "hexadecagon",
			"from": [6, 6.8, 11.76131],
			"to": [6.7, 9.2, 12.23869],
			"rotation": {"angle": 22.5, "axis": "x", "origin": [6.5, 8, 12]},
			"faces": {
				"west": {"uv": [0.0625, 0, 0, 0.0625], "texture": "#1"},
				"up": {"uv": [15, 1, 0, 15], "texture": "#1"},
				"down": {"uv": [15, 1, 0, 15], "texture": "#1"}
			}
		},
		{
			"from": [6.7, 6, 10],
			"to": [6.7, 10, 14],
			"rotation": {"angle": 0, "axis": "y", "origin": [0.975, 6, 3.975]},
			"faces": {
				"east": {"uv": [0, 0, 16, 16], "texture": "#0"},
				"west": {"uv": [16, 0, 0, 16], "texture": "#0"}
			}
		},
		{
			"name": "hexadecagon",
			"from": [2.8, 7.76131, 14],
			"to": [5.2, 8.23869, 14.7],
			"rotation": {"angle": -45, "axis": "z", "origin": [4, 8, 14.5]},
			"faces": {
				"north": {"uv": [0.0625, 0, 0, 0.0625], "texture": "#1"},
				"east": {"uv": [16, 1, 1, 15], "texture": "#1"},
				"west": {"uv": [15, 1, 0, 15], "texture": "#1"}
			}
		},
		{
			"name": "hexadecagon",
			"from": [2.8, 7.76131, 14],
			"to": [5.2, 8.23869, 14.7],
			"rotation": {"angle": -22.5, "axis": "z", "origin": [4, 8, 14.5]},
			"faces": {
				"north": {"uv": [0.0625, 0, 0, 0.0625], "texture": "#1"},
				"east": {"uv": [16, 1, 1, 15], "texture": "#1"},
				"west": {"uv": [15, 1, 0, 15], "texture": "#1"}
			}
		},
		{
			"name": "hexadecagon",
			"from": [2.8, 7.76131, 14],
			"to": [5.2, 8.23869, 14.7],
			"rotation": {"angle": 0, "axis": "x", "origin": [4, 8, 14.5]},
			"faces": {
				"east": {"uv": [16, 1, 1, 15], "texture": "#1"},
				"west": {"uv": [15, 1, 0, 15], "texture": "#1"}
			}
		},
		{
			"name": "hexadecagon",
			"from": [2.8, 7.76131, 14],
			"to": [5.2, 8.23869, 14.7],
			"rotation": {"angle": 22.5, "axis": "z", "origin": [4, 8, 14.5]},
			"faces": {
				"north": {"uv": [0.0625, 0, 0, 0.0625], "texture": "#1"},
				"east": {"uv": [16, 1, 1, 15], "texture": "#1"},
				"west": {"uv": [15, 1, 0, 15], "texture": "#1"}
			}
		},
		{
			"name": "hexadecagon",
			"from": [2.8, 7.76131, 14],
			"to": [5.2, 8.23869, 14.7],
			"rotation": {"angle": 45, "axis": "z", "origin": [4, 8, 14.5]},
			"faces": {
				"north": {"uv": [0.0625, 0, 0, 0.0625], "texture": "#1"},
				"east": {"uv": [16, 1, 1, 15], "texture": "#1"},
				"west": {"uv": [15, 1, 0, 15], "texture": "#1"}
			}
		},
		{
			"name": "hexadecagon",
			"from": [3.76131, 6.8, 14],
			"to": [4.23869, 9.2, 14.7],
			"rotation": {"angle": -22.5, "axis": "z", "origin": [4, 8, 14.5]},
			"faces": {
				"north": {"uv": [0.0625, 0, 0, 0.0625], "texture": "#1"},
				"up": {"uv": [15, 1, 0, 15], "rotation": 90, "texture": "#1"},
				"down": {"uv": [15, 1, 0, 15], "rotation": 270, "texture": "#1"}
			}
		},
		{
			"name": "hexadecagon",
			"from": [3.76131, 6.8, 14],
			"to": [4.23869, 9.2, 14.7],
			"rotation": {"angle": 0, "axis": "x", "origin": [4, 8, 14.5]},
			"faces": {
				"up": {"uv": [15, 1, 0, 15], "rotation": 90, "texture": "#1"},
				"down": {"uv": [15, 1, 0, 15], "rotation": 270, "texture": "#1"}
			}
		},
		{
			"name": "hexadecagon",
			"from": [3.76131, 6.8, 14],
			"to": [4.23869, 9.2, 14.7],
			"rotation": {"angle": 22.5, "axis": "z", "origin": [4, 8, 14.5]},
			"faces": {
				"north": {"uv": [0.0625, 0, 0, 0.0625], "texture": "#1"},
				"up": {"uv": [15, 1, 0, 15], "rotation": 90, "texture": "#1"},
				"down": {"uv": [15, 1, 0, 15], "rotation": 270, "texture": "#1"}
			}
		},
		{
			"from": [2, 6, 14.7],
			"to": [6, 10, 14.7],
			"rotation": {"angle": 0, "axis": "y", "origin": [12.025, 6, 8.975]},
			"faces": {
				"north": {"uv": [16, 0, 0, 16], "texture": "#0"},
				"south": {"uv": [0, 0, 16, 16], "texture": "#0"}
			}
		},
		{
			"name": "hexadecagon",
			"from": [2.8, 7.76131, 9.3],
			"to": [5.2, 8.23869, 10],
			"rotation": {"angle": -45, "axis": "z", "origin": [4, 8, 9.5]},
			"faces": {
				"east": {"uv": [1, 1, 16, 15], "texture": "#1"},
				"south": {"uv": [0, 0, 0.0625, 0.0625], "texture": "#1"},
				"west": {"uv": [0, 1, 15, 15], "texture": "#1"}
			}
		},
		{
			"name": "hexadecagon",
			"from": [2.8, 7.76131, 9.3],
			"to": [5.2, 8.23869, 10],
			"rotation": {"angle": -22.5, "axis": "z", "origin": [4, 8, 9.5]},
			"faces": {
				"east": {"uv": [1, 1, 16, 15], "texture": "#1"},
				"south": {"uv": [0, 0, 0.0625, 0.0625], "texture": "#1"},
				"west": {"uv": [0, 1, 15, 15], "texture": "#1"}
			}
		},
		{
			"name": "hexadecagon",
			"from": [2.8, 7.76131, 9.3],
			"to": [5.2, 8.23869, 10],
			"rotation": {"angle": 0, "axis": "x", "origin": [4, 8, 9.5]},
			"faces": {
				"east": {"uv": [1, 1, 16, 15], "texture": "#1"},
				"west": {"uv": [0, 1, 15, 15], "texture": "#1"}
			}
		},
		{
			"name": "hexadecagon",
			"from": [2.8, 7.76131, 9.3],
			"to": [5.2, 8.23869, 10],
			"rotation": {"angle": 22.5, "axis": "z", "origin": [4, 8, 9.5]},
			"faces": {
				"east": {"uv": [1, 1, 16, 15], "texture": "#1"},
				"south": {"uv": [0, 0, 0.0625, 0.0625], "texture": "#1"},
				"west": {"uv": [0, 1, 15, 15], "texture": "#1"}
			}
		},
		{
			"name": "hexadecagon",
			"from": [2.8, 7.76131, 9.3],
			"to": [5.2, 8.23869, 10],
			"rotation": {"angle": 45, "axis": "z", "origin": [4, 8, 9.5]},
			"faces": {
				"east": {"uv": [1, 1, 16, 15], "texture": "#1"},
				"south": {"uv": [0, 0, 0.0625, 0.0625], "texture": "#1"},
				"west": {"uv": [0, 1, 15, 15], "texture": "#1"}
			}
		},
		{
			"name": "hexadecagon",
			"from": [3.76131, 6.8, 9.3],
			"to": [4.23869, 9.2, 10],
			"rotation": {"angle": -22.5, "axis": "z", "origin": [4, 8, 9.5]},
			"faces": {
				"south": {"uv": [0, 0, 0.0625, 0.0625], "texture": "#1"},
				"up": {"uv": [0, 1, 15, 15], "rotation": 90, "texture": "#1"},
				"down": {"uv": [0, 1, 15, 15], "rotation": 270, "texture": "#1"}
			}
		},
		{
			"name": "hexadecagon",
			"from": [3.76131, 6.8, 9.3],
			"to": [4.23869, 9.2, 10],
			"rotation": {"angle": 0, "axis": "x", "origin": [4, 8, 9.5]},
			"faces": {
				"up": {"uv": [0, 1, 15, 15], "rotation": 90, "texture": "#1"},
				"down": {"uv": [0, 1, 15, 15], "rotation": 270, "texture": "#1"}
			}
		},
		{
			"name": "hexadecagon",
			"from": [3.76131, 6.8, 9.3],
			"to": [4.23869, 9.2, 10],
			"rotation": {"angle": 22.5, "axis": "z", "origin": [4, 8, 9.5]},
			"faces": {
				"south": {"uv": [0, 0, 0.0625, 0.0625], "texture": "#1"},
				"up": {"uv": [0, 1, 15, 15], "rotation": 90, "texture": "#1"},
				"down": {"uv": [0, 1, 15, 15], "rotation": 270, "texture": "#1"}
			}
		},
		{
			"from": [2, 6, 9.3],
			"to": [6, 10, 9.3],
			"rotation": {"angle": 0, "axis": "y", "origin": [12.025, 6, 15.025]},
			"faces": {
				"north": {"uv": [0, 0, 16, 16], "texture": "#0"},
				"south": {"uv": [0, 0, 16, 16], "texture": "#0"}
			}
		}
	],
	"display": {
		"thirdperson_righthand": {
			"rotation": [0, 131, 0],
			"translation": [0, 2, 0]
		},
		"thirdperson_lefthand": {
			"rotation": [0, 131, 0],
			"translation": [0, 1.75, 0]
		},
		"firstperson_righthand": {
			"rotation": [-23, 0, 0],
			"translation": [3.75, 1, 0],
			"scale": [0.8, 0.8, 0.8]
		},
		"firstperson_lefthand": {
			"rotation": [-23, 0, 0],
			"translation": [3.75, 0, 0],
			"scale": [0.8, 0.8, 0.8]
		},
		"ground": {
			"translation": [0, 4.5, 0]
		},
		"gui": {
			"rotation": [0, -135, 45],
			"translation": [-3, -2, 0],
			"scale": [0.8, 0.8, 0.8]
		},
		"fixed": {
			"rotation": [0, 0, 45],
			"translation": [2.25, -2, -0.75]
		}
	},
	"groups": [
		{
			"name": "group",
			"origin": [0, 0, 0],
			"color": 0,
			"children": [0, 1, 2, 3]
		},
		{
			"name": "group",
			"origin": [0, 0, 0],
			"color": 0,
			"children": [
				{
					"name": "hexadecagon",
					"origin": [8, 8, 8],
					"color": 0,
					"children": [4, 5, 6, 7, 8, 9, 10, 11, 12, 13, 14, 15, 16, 17, 18, 19, 20]
				}, 21,
				{
					"name": "hexadecagon",
					"origin": [8, 8, 8],
					"color": 0,
					"children": [22, 23, 24, 25, 26, 27, 28, 29, 30]
				},
				{
					"name": "hexadecagon",
					"origin": [8, 8, 8],
					"color": 0,
					"children": [31, 32, 33, 34, 35, 36, 37, 38, 39]
				},
				{
					"name": "hexadecagon",
					"origin": [8, 8, 8],
					"color": 0,
					"children": [40, 41, 42, 43, 44, 45, 46, 47, 48]
				},
				{
					"name": "hexadecagon",
					"origin": [8, 8, 8],
					"color": 0,
					"children": [49, 50, 51, 52, 53, 54, 55, 56, 57]
				}
			]
		},
		{
			"name": "group",
			"origin": [0, 0, 0],
			"color": 0,
			"children": [
				{
					"name": "hexadecagon",
					"origin": [8, 8, 8],
					"color": 0,
					"children": [58, 59, 60, 61, 62, 63, 64, 65, 66, 67, 68, 69, 70, 71, 72, 73, 74]
				}, 75,
				{
					"name": "hexadecagon",
					"origin": [8, 8, 8],
					"color": 0,
					"children": [76, 77, 78, 79, 80, 81, 82, 83, 84]
				},
				{
					"name": "hexadecagon",
					"origin": [8, 8, 8],
					"color": 0,
					"children": [85, 86, 87, 88, 89, 90, 91, 92, 93]
				},
				{
					"name": "hexadecagon",
					"origin": [8, 8, 8],
					"color": 0,
					"children": [94, 95, 96, 97, 98, 99, 100, 101, 102]
				},
				{
					"name": "hexadecagon",
					"origin": [8, 8, 8],
					"color": 0,
					"children": [103, 104, 105, 106, 107, 108, 109, 110, 111]
				}
			]
		}
	]
}