{
	"credit": "Made with Blockbench",
	"textures": {
		"1": "block/items/dripstone_tip",
		"2": "block/items/dripstone_1",
		"3": "block/items/dripstone_2",
		"particle": "block/items/dripstone_1"
	},
	"elements": [
		{
			"from": [4, 6, 6],
			"to": [8, 8, 8],
			"rotation": {"angle": 0, "axis": "y", "origin": [7.65833, 7.12858, 7.83333]},
			"faces": {
				"north": {"uv": [0, 0, 16, 16], "texture": "#2"},
				"east": {"uv": [0, 0, 16, 16], "texture": "#2"},
				"south": {"uv": [0, 0, 16, 16], "texture": "#2"},
				"west": {"uv": [0, 0, 16, 16], "texture": "#2"},
				"up": {"uv": [0, 0, 16, 16], "rotation": 90, "texture": "#2"}
			}
		},
		{
			"from": [4, 4, 6],
			"to": [8, 6, 8],
			"rotation": {"angle": 0, "axis": "y", "origin": [7.65833, 7.12858, 7.83333]},
			"faces": {
				"north": {"uv": [0, 0, 16, 16], "texture": "#3"},
				"east": {"uv": [0, 0, 16, 16], "texture": "#3"},
				"south": {"uv": [0, 0, 16, 16], "texture": "#3"},
				"west": {"uv": [0, 0, 16, 16], "texture": "#3"}
			}
		},
		{
			"from": [4, 2, 6],
			"to": [8, 4, 8],
			"rotation": {"angle": 0, "axis": "y", "origin": [7.65833, 7.12858, 7.83333]},
			"faces": {
				"north": {"uv": [0, 0, 16, 16], "texture": "#3"},
				"east": {"uv": [0, 0, 16, 16], "texture": "#3"},
				"south": {"uv": [0, 0, 16, 16], "texture": "#3"},
				"west": {"uv": [0, 0, 16, 16], "texture": "#3"}
			}
		},
		{
			"from": [4, 0, 6],
			"to": [8, 2, 8],
			"rotation": {"angle": 0, "axis": "y", "origin": [7.65833, 7.12858, 7.83333]},
			"faces": {
				"north": {"uv": [0, 0, 16, 16], "texture": "#2"},
				"east": {"uv": [0, 0, 16, 16], "texture": "#2"},
				"south": {"uv": [0, 0, 16, 16], "texture": "#2"},
				"west": {"uv": [0, 0, 16, 16], "texture": "#2"},
				"down": {"uv": [0, 0, 16, 16], "rotation": 270, "texture": "#2"}
			}
		},
		{
			"from": [5.52138, 6.57537, 6.01667],
			"to": [5.52138, 15.25037, 8.01667],
			"rotation": {"angle": -22.5, "axis": "z", "origin": [8.33333, 11.12858, 8.18333]},
			"faces": {
				"east": {"uv": [0, 0, 16, 16], "texture": "#3"},
				"west": {"uv": [0, 0, 16, 16], "texture": "#3"}
			}
		},
		{
			"from": [7.31667, 16, 6.01667],
			"to": [7.99167, 16, 8.01667],
			"rotation": {"angle": 0, "axis": "y", "origin": [8.33333, 11.12858, 8.18333]},
			"faces": {
				"up": {"uv": [0, 0, 16, 16], "rotation": 270, "texture": "#3"},
				"down": {"uv": [0, 0, 16, 16], "rotation": 90, "texture": "#3"}
			}
		},
		{
			"from": [7.99167, 8, 6.01667],
			"to": [7.99167, 16, 8.01667],
			"rotation": {"angle": 0, "axis": "y", "origin": [8.33333, 11.12858, 8.18333]},
			"faces": {
				"east": {"uv": [0, 0, 16, 16], "texture": "#3"},
				"west": {"uv": [0, 0, 16, 16], "texture": "#3"}
			}
		},
		{
			"from": [3.99167, 8, 8.01667],
			"to": [7.99167, 16, 8.01667],
			"rotation": {"angle": 0, "axis": "y", "origin": [15.99167, 4, 16.01667]},
			"faces": {
				"north": {"uv": [0, 0, 16, 16], "texture": "#1"},
				"south": {"uv": [0, 16, 16, 0], "rotation": 180, "texture": "#1"}
			}
		},
		{
			"from": [3.99167, 8, 6.01667],
			"to": [7.99167, 16, 6.01667],
			"rotation": {"angle": 0, "axis": "y", "origin": [15.99167, 4, 16.01667]},
			"faces": {
				"north": {"uv": [0, 0, 16, 16], "texture": "#1"},
				"south": {"uv": [0, 16, 16, 0], "rotation": 180, "texture": "#1"}
			}
		}
	],
	"groups": [
		0,
		1,
		2,
		3,
		{
			"name": "group",
			"origin": [0, 0, 0],
			"color": 0,
			"children": [4, 5, 6, 7, 8]
		}
	]
}