{
	"credit": "Made with Blockbench",
	"textures": {
		"1": "block/items/dripstone_tip",
		"2": "block/items/dripstone_1",
		"3": "block/items/dripstone_2",
		"particle": "block/items/brown"
	},
	"elements": [
		{
			"from": [4, 6, 6],
			"to": [8, 8, 8],
			"rotation": {"angle": 0, "axis": "y", "origin": [7.65833, 7.12858, 7.83333]},
			"faces": {
				"north": {"uv": [0, 0, 16, 16], "texture": "#2"},
				"east": {"uv": [0, 0, 16, 16], "texture": "#2"},
				"south": {"uv": [0, 0, 16, 16], "texture": "#2"},
				"west": {"uv": [0, 0, 16, 16], "texture": "#2"},
				"up": {"uv": [0, 0, 0, 0], "texture": "#2"}
			}
		},
		{
			"from": [4, 2, 6],
			"to": [8, 6, 8],
			"rotation": {"angle": 0, "axis": "y", "origin": [7.65833, 7.12858, 7.83333]},
			"faces": {
				"north": {"uv": [0, 0, 16, 16], "texture": "#3"},
				"east": {"uv": [0, 0, 16, 16], "texture": "#3"},
				"south": {"uv": [0, 0, 16, 16], "texture": "#3"},
				"west": {"uv": [0, 0, 16, 16], "texture": "#3"}
			}
		},
		{
			"from": [4, 0, 6],
			"to": [8, 2, 8],
			"rotation": {"angle": 0, "axis": "y", "origin": [7.65833, 7.12858, 7.83333]},
			"faces": {
				"north": {"uv": [0, 0, 16, 16], "texture": "#2"},
				"east": {"uv": [0, 0, 16, 16], "texture": "#2"},
				"south": {"uv": [0, 0, 16, 16], "texture": "#2"},
				"west": {"uv": [0, 0, 16, 16], "texture": "#2"},
				"down": {"uv": [0, 0, 16, 16], "rotation": 270, "texture": "#2"}
			}
		},
		{
			"from": [8, 2, 8],
			"to": [12, 4, 10],
			"rotation": {"angle": 0, "axis": "y", "origin": [7.65833, 7.12858, 7.83333]},
			"faces": {
				"north": {"uv": [0, 0, 16, 16], "texture": "#2"},
				"east": {"uv": [0, 0, 16, 16], "texture": "#2"},
				"south": {"uv": [0, 0, 16, 16], "texture": "#2"},
				"west": {"uv": [0, 0, 16, 16], "texture": "#2"},
				"up": {"uv": [0, 0, 16, 16], "rotation": 90, "texture": "#2"}
			}
		},
		{
			"from": [8, 0, 8],
			"to": [12, 2, 10],
			"rotation": {"angle": 0, "axis": "y", "origin": [7.65833, 7.12858, 7.83333]},
			"faces": {
				"north": {"uv": [0, 0, 16, 16], "texture": "#3"},
				"east": {"uv": [0, 0, 16, 16], "texture": "#3"},
				"south": {"uv": [0, 0, 16, 16], "texture": "#3"},
				"west": {"uv": [0, 0, 16, 16], "texture": "#3"},
				"down": {"uv": [0, 0, 16, 16], "rotation": 270, "texture": "#3"}
			}
		},
		{
			"from": [10.47029, 2.57537, 8],
			"to": [10.47029, 11.25037, 10],
			"rotation": {"angle": 22.5, "axis": "z", "origin": [7.65833, 7.12858, 7.83333]},
			"faces": {
				"east": {"uv": [0, 0, 16, 16], "texture": "#3"},
				"west": {"uv": [0, 0, 16, 16], "texture": "#3"}
			}
		},
		{
			"from": [8, 12, 8],
			"to": [8.675, 12, 10],
			"rotation": {"angle": 0, "axis": "y", "origin": [7.65833, 7.12858, 7.83333]},
			"faces": {
				"up": {"uv": [0, 0, 16, 16], "rotation": 90, "texture": "#3"},
				"down": {"uv": [0, 0, 16, 16], "rotation": 270, "texture": "#3"}
			}
		},
		{
			"from": [8, 4, 8],
			"to": [8, 12, 10],
			"rotation": {"angle": 0, "axis": "y", "origin": [7.65833, 7.12858, 7.83333]},
			"faces": {
				"east": {"uv": [0, 0, 16, 16], "texture": "#3"},
				"west": {"uv": [0, 0, 16, 16], "texture": "#3"}
			}
		},
		{
			"from": [8, 4, 8],
			"to": [12, 12, 8],
			"faces": {
				"north": {"uv": [0, 16, 16, 0], "rotation": 180, "texture": "#1"},
				"south": {"uv": [0, 0, 16, 16], "texture": "#1"}
			}
		},
		{
			"from": [8, 4, 10],
			"to": [12, 12, 10],
			"faces": {
				"north": {"uv": [0, 16, 16, 0], "rotation": 180, "texture": "#1"},
				"south": {"uv": [0, 0, 16, 16], "texture": "#1"}
			}
		},
		{
			"from": [4, 8, 6],
			"to": [8, 16, 6],
			"rotation": {"angle": 0, "axis": "y", "origin": [16, 4, 16]},
			"faces": {
				"north": {"uv": [0, 0, 16, 16], "texture": "#1"},
				"south": {"uv": [0, 16, 16, 0], "rotation": 180, "texture": "#1"}
			}
		},
		{
			"from": [4, 8, 8],
			"to": [8, 16, 8],
			"rotation": {"angle": 0, "axis": "y", "origin": [16, 4, 16]},
			"faces": {
				"north": {"uv": [0, 0, 16, 16], "texture": "#1"},
				"south": {"uv": [0, 16, 16, 0], "rotation": 180, "texture": "#1"}
			}
		},
		{
			"from": [5.52971, 6.57537, 6],
			"to": [5.52971, 15.25037, 8],
			"rotation": {"angle": -22.5, "axis": "z", "origin": [8.34167, 11.12858, 8.16667]},
			"faces": {
				"east": {"uv": [0, 0, 16, 16], "texture": "#3"},
				"west": {"uv": [0, 0, 16, 16], "texture": "#3"}
			}
		},
		{
			"from": [8, 8, 6],
			"to": [8, 16, 8],
			"rotation": {"angle": 0, "axis": "y", "origin": [8.34167, 11.12858, 8.16667]},
			"faces": {
				"east": {"uv": [0, 0, 16, 16], "texture": "#3"},
				"west": {"uv": [0, 0, 16, 16], "texture": "#3"}
			}
		},
		{
			"from": [7.325, 16, 6],
			"to": [8, 16, 8],
			"rotation": {"angle": 0, "axis": "y", "origin": [8.34167, 11.12858, 8.16667]},
			"faces": {
				"up": {"uv": [0, 0, 16, 16], "rotation": 270, "texture": "#3"},
				"down": {"uv": [0, 0, 16, 16], "rotation": 90, "texture": "#3"}
			}
		}
	]
}