{
	"credit": "Made with Blockbench",
	"textures": {
		"1": "block/items/dripstone_tip",
		"2": "block/items/dripstone_1",
		"3": "block/items/dripstone_2",
		"particle": "block/items/dripstone_1"
	},
	"elements": [
		{
			"from": [8, 2, 8],
			"to": [12, 4, 10],
			"rotation": {"angle": 0, "axis": "y", "origin": [7.65833, 7.12858, 7.83333]},
			"faces": {
				"north": {"uv": [0, 0, 16, 16], "texture": "#2"},
				"east": {"uv": [0, 0, 16, 16], "texture": "#2"},
				"south": {"uv": [0, 0, 16, 16], "texture": "#2"},
				"west": {"uv": [0, 0, 16, 16], "texture": "#2"}
			}
		},
		{
			"from": [8, 4, 8],
			"to": [12, 6, 10],
			"rotation": {"angle": 0, "axis": "y", "origin": [7.65833, 7.12858, 7.83333]},
			"faces": {
				"north": {"uv": [0, 0, 16, 16], "texture": "#2"},
				"east": {"uv": [0, 0, 16, 16], "texture": "#2"},
				"south": {"uv": [0, 0, 16, 16], "texture": "#2"},
				"west": {"uv": [0, 0, 16, 16], "texture": "#2"}
			}
		},
		{
			"from": [8, 10, 8],
			"to": [12, 12, 10],
			"rotation": {"angle": 0, "axis": "y", "origin": [7.65833, 7.12858, 7.83333]},
			"faces": {
				"north": {"uv": [0, 0, 16, 16], "texture": "#2"},
				"east": {"uv": [0, 0, 16, 16], "texture": "#2"},
				"south": {"uv": [0, 0, 16, 16], "texture": "#2"},
				"west": {"uv": [0, 0, 16, 16], "texture": "#2"}
			}
		},
		{
			"from": [8, 6, 8],
			"to": [12, 10, 10],
			"rotation": {"angle": 0, "axis": "y", "origin": [7.65833, 7.12858, 7.83333]},
			"faces": {
				"north": {"uv": [0, 0, 16, 16], "texture": "#3"},
				"east": {"uv": [0, 0, 16, 16], "texture": "#3"},
				"south": {"uv": [0, 0, 16, 16], "texture": "#3"},
				"west": {"uv": [0, 0, 16, 16], "texture": "#3"}
			}
		},
		{
			"from": [8, 12, 8],
			"to": [12, 16, 10],
			"rotation": {"angle": 0, "axis": "y", "origin": [7.65833, 7.12858, 7.83333]},
			"faces": {
				"north": {"uv": [0, 0, 16, 16], "texture": "#3"},
				"east": {"uv": [0, 0, 16, 16], "texture": "#3"},
				"south": {"uv": [0, 0, 16, 16], "texture": "#3"},
				"west": {"uv": [0, 0, 16, 16], "texture": "#3"},
				"up": {"uv": [0, 0, 16, 16], "rotation": 90, "texture": "#3"}
			}
		},
		{
			"from": [8, 0, 8],
			"to": [12, 2, 10],
			"rotation": {"angle": 0, "axis": "y", "origin": [7.65833, 7.12858, 7.83333]},
			"faces": {
				"north": {"uv": [0, 0, 16, 16], "texture": "#3"},
				"east": {"uv": [0, 0, 16, 16], "texture": "#3"},
				"south": {"uv": [0, 0, 16, 16], "texture": "#3"},
				"west": {"uv": [0, 0, 16, 16], "texture": "#3"},
				"down": {"uv": [0, 0, 16, 16], "rotation": 270, "texture": "#3"}
			}
		},
		{
			"from": [4, 6, 6],
			"to": [8, 8, 8],
			"rotation": {"angle": 0, "axis": "y", "origin": [7.65833, 7.12858, 7.83333]},
			"faces": {
				"north": {"uv": [0, 0, 16, 16], "texture": "#3"},
				"east": {"uv": [0, 0, 16, 16], "texture": "#3"},
				"south": {"uv": [0, 0, 16, 16], "texture": "#3"},
				"west": {"uv": [0, 0, 16, 16], "texture": "#3"}
			}
		},
		{
			"from": [4, 8, 6],
			"to": [8, 12, 8],
			"rotation": {"angle": 0, "axis": "y", "origin": [7.65833, 7.12858, 7.83333]},
			"faces": {
				"north": {"uv": [0, 0, 16, 16], "texture": "#2"},
				"east": {"uv": [0, 0, 16, 16], "texture": "#2"},
				"south": {"uv": [0, 0, 16, 16], "texture": "#2"},
				"west": {"uv": [0, 0, 16, 16], "texture": "#2"}
			}
		},
		{
			"from": [4, 2, 6],
			"to": [8, 6, 8],
			"rotation": {"angle": 0, "axis": "y", "origin": [7.65833, 7.12858, 7.83333]},
			"faces": {
				"north": {"uv": [0, 0, 16, 16], "texture": "#2"},
				"east": {"uv": [0, 0, 16, 16], "texture": "#2"},
				"south": {"uv": [0, 0, 16, 16], "texture": "#2"},
				"west": {"uv": [0, 0, 16, 16], "texture": "#2"}
			}
		},
		{
			"from": [4, 0, 6],
			"to": [8, 2, 8],
			"rotation": {"angle": 0, "axis": "y", "origin": [7.65833, 7.12858, 7.83333]},
			"faces": {
				"north": {"uv": [0, 0, 16, 16], "texture": "#3"},
				"east": {"uv": [0, 0, 16, 16], "texture": "#3"},
				"south": {"uv": [0, 0, 16, 16], "texture": "#3"},
				"west": {"uv": [0, 0, 16, 16], "texture": "#3"},
				"down": {"uv": [0, 0, 16, 16], "rotation": 270, "texture": "#3"}
			}
		},
		{
			"from": [4, 14, 6],
			"to": [8, 16, 8],
			"rotation": {"angle": 0, "axis": "y", "origin": [7.65833, 7.12858, 7.83333]},
			"faces": {
				"north": {"uv": [0, 0, 16, 16], "texture": "#3"},
				"east": {"uv": [0, 0, 16, 16], "texture": "#3"},
				"south": {"uv": [0, 0, 16, 16], "texture": "#3"},
				"west": {"uv": [0, 0, 16, 16], "texture": "#3"},
				"up": {"uv": [0, 0, 16, 16], "rotation": 90, "texture": "#3"}
			}
		},
		{
			"from": [4, 12, 6],
			"to": [8, 14, 8],
			"rotation": {"angle": 0, "axis": "y", "origin": [7.65833, 7.12858, 7.83333]},
			"faces": {
				"north": {"uv": [0, 0, 16, 16], "texture": "#2"},
				"east": {"uv": [0, 0, 16, 16], "texture": "#2"},
				"south": {"uv": [0, 0, 16, 16], "texture": "#2"},
				"west": {"uv": [0, 0, 16, 16], "texture": "#2"}
			}
		},
		{
			"from": [12, 2, 6],
			"to": [16, 4, 8],
			"rotation": {"angle": 0, "axis": "y", "origin": [11.65833, 7.12858, 5.83333]},
			"faces": {
				"north": {"uv": [0, 0, 16, 16], "texture": "#2"},
				"east": {"uv": [0, 0, 16, 16], "texture": "#2"},
				"south": {"uv": [0, 0, 16, 16], "texture": "#2"},
				"west": {"uv": [0, 0, 16, 16], "texture": "#2"},
				"up": {"uv": [0, 0, 16, 16], "rotation": 90, "texture": "#2"}
			}
		},
		{
			"from": [12, 0, 6],
			"to": [16, 2, 8],
			"rotation": {"angle": 0, "axis": "y", "origin": [11.65833, 7.12858, 5.83333]},
			"faces": {
				"north": {"uv": [0, 0, 16, 16], "texture": "#3"},
				"east": {"uv": [0, 0, 16, 16], "texture": "#3"},
				"south": {"uv": [0, 0, 16, 16], "texture": "#3"},
				"west": {"uv": [0, 0, 16, 16], "texture": "#3"},
				"down": {"uv": [0, 0, 16, 16], "rotation": 270, "texture": "#3"}
			}
		},
		{
			"from": [0, 0, 8],
			"to": [4, 4, 10],
			"rotation": {"angle": 0, "axis": "y", "origin": [3.65833, 7.12858, 9.83333]},
			"faces": {
				"north": {"uv": [0, 0, 16, 16], "texture": "#2"},
				"east": {"uv": [0, 0, 16, 16], "texture": "#2"},
				"south": {"uv": [0, 0, 16, 16], "texture": "#2"},
				"west": {"uv": [0, 0, 16, 16], "texture": "#2"},
				"down": {"uv": [0, 0, 16, 16], "rotation": 270, "texture": "#2"}
			}
		},
		{
			"from": [0, 4, 8],
			"to": [4, 6, 10],
			"rotation": {"angle": 0, "axis": "y", "origin": [3.65833, 7.12858, 9.83333]},
			"faces": {
				"north": {"uv": [0, 0, 16, 16], "texture": "#3"},
				"east": {"uv": [0, 0, 16, 16], "texture": "#3"},
				"south": {"uv": [0, 0, 16, 16], "texture": "#3"},
				"west": {"uv": [0, 0, 16, 16], "texture": "#3"}
			}
		},
		{
			"from": [0, 6, 8],
			"to": [4, 8, 10],
			"rotation": {"angle": 0, "axis": "y", "origin": [3.65833, 7.12858, 9.83333]},
			"faces": {
				"north": {"uv": [0, 0, 16, 16], "texture": "#2"},
				"east": {"uv": [0, 0, 16, 16], "texture": "#2"},
				"south": {"uv": [0, 0, 16, 16], "texture": "#2"},
				"west": {"uv": [0, 0, 16, 16], "texture": "#2"},
				"up": {"uv": [0, 0, 16, 16], "rotation": 90, "texture": "#2"}
			}
		},
		{
			"from": [1.52138, 6.57537, 8.01667],
			"to": [1.52138, 15.25037, 10.01667],
			"rotation": {"angle": -22.5, "axis": "z", "origin": [4.33333, 11.12858, 10.18333]},
			"faces": {
				"east": {"uv": [0, 0, 16, 16], "texture": "#3"},
				"west": {"uv": [0, 0, 16, 16], "texture": "#3"}
			}
		},
		{
			"from": [3.31667, 16, 8.01667],
			"to": [3.99167, 16, 10.01667],
			"rotation": {"angle": 0, "axis": "y", "origin": [4.33333, 11.12858, 10.18333]},
			"faces": {
				"up": {"uv": [0, 0, 16, 16], "rotation": 270, "texture": "#3"},
				"down": {"uv": [0, 0, 16, 16], "rotation": 90, "texture": "#3"}
			}
		},
		{
			"from": [3.99167, 8, 8.01667],
			"to": [3.99167, 16, 10.01667],
			"rotation": {"angle": 0, "axis": "y", "origin": [4.33333, 11.12858, 10.18333]},
			"faces": {
				"east": {"uv": [0, 0, 16, 16], "texture": "#3"},
				"west": {"uv": [0, 0, 16, 16], "texture": "#3"}
			}
		},
		{
			"from": [-0.00833, 8, 10.01667],
			"to": [3.99167, 16, 10.01667],
			"rotation": {"angle": 0, "axis": "y", "origin": [11.99167, 4, 18.01667]},
			"faces": {
				"north": {"uv": [0, 0, 16, 16], "texture": "#1"},
				"south": {"uv": [0, 16, 16, 0], "rotation": 180, "texture": "#1"}
			}
		},
		{
			"from": [-0.00833, 8, 8.01667],
			"to": [3.99167, 16, 8.01667],
			"rotation": {"angle": 0, "axis": "y", "origin": [11.99167, 4, 18.01667]},
			"faces": {
				"north": {"uv": [0, 0, 16, 16], "texture": "#1"},
				"south": {"uv": [0, 16, 16, 0], "rotation": 180, "texture": "#1"}
			}
		},
		{
			"from": [14.47029, 2.57537, 6],
			"to": [14.47029, 11.25037, 8],
			"rotation": {"angle": 22.5, "axis": "z", "origin": [11.65833, 7.12858, 5.83333]},
			"faces": {
				"east": {"uv": [0, 0, 16, 16], "texture": "#3"},
				"west": {"uv": [0, 0, 16, 16], "texture": "#3"}
			}
		},
		{
			"from": [12, 12, 6],
			"to": [12.675, 12, 8],
			"rotation": {"angle": 0, "axis": "y", "origin": [11.65833, 7.12858, 5.83333]},
			"faces": {
				"up": {"uv": [0, 0, 16, 16], "rotation": 90, "texture": "#3"},
				"down": {"uv": [0, 0, 16, 16], "rotation": 270, "texture": "#3"}
			}
		},
		{
			"from": [12, 4, 6],
			"to": [12, 12, 8],
			"rotation": {"angle": 0, "axis": "y", "origin": [11.65833, 7.12858, 5.83333]},
			"faces": {
				"east": {"uv": [0, 0, 16, 16], "texture": "#3"},
				"west": {"uv": [0, 0, 16, 16], "texture": "#3"}
			}
		},
		{
			"from": [12, 4, 6],
			"to": [16, 12, 6],
			"rotation": {"angle": 0, "axis": "y", "origin": [4, 0, -2]},
			"faces": {
				"north": {"uv": [0, 16, 16, 0], "rotation": 180, "texture": "#1"},
				"south": {"uv": [0, 0, 16, 16], "texture": "#1"}
			}
		},
		{
			"from": [12, 4, 8],
			"to": [16, 12, 8],
			"rotation": {"angle": 0, "axis": "y", "origin": [4, 0, -2]},
			"faces": {
				"north": {"uv": [0, 16, 16, 0], "rotation": 180, "texture": "#1"},
				"south": {"uv": [0, 0, 16, 16], "texture": "#1"}
			}
		}
	],
	"groups": [
		0,
		1,
		2,
		3,
		4,
		5,
		6,
		7,
		8,
		9,
		10,
		11,
		{
			"name": "group",
			"origin": [7.65833, 7.12858, 5.83333],
			"color": 0,
			"children": [12, 13]
		},
		{
			"name": "group",
			"origin": [3.65833, 7.12858, 9.83333],
			"color": 0,
			"children": [14, 15, 16]
		},
		{
			"name": "group",
			"origin": [0, 0, 0],
			"color": 0,
			"children": [17, 18, 19, 20, 21]
		},
		{
			"name": "group",
			"origin": [0, 0, 0],
			"color": 0,
			"children": [22, 23, 24, 25, 26]
		}
	]
}