{
	"credit": "Made with Blockbench",
	"textures": {
		"1": "block/items/dripstone_tip",
		"2": "block/items/dripstone_1",
		"3": "block/items/dripstone_2",
		"particle": "block/items/dripstone_1"
	},
	"elements": [
		{
			"from": [4, 12, 8],
			"to": [8, 14, 10],
			"rotation": {"angle": 0, "axis": "y", "origin": [8.34167, 8.87142, 7.83333]},
			"faces": {
				"north": {"uv": [16, 16, 0, 0], "texture": "#2"},
				"east": {"uv": [16, 16, 0, 0], "texture": "#2"},
				"south": {"uv": [16, 16, 0, 0], "texture": "#2"},
				"west": {"uv": [16, 16, 0, 0], "texture": "#2"}
			}
		},
		{
			"from": [4, 10, 8],
			"to": [8, 12, 10],
			"rotation": {"angle": 0, "axis": "y", "origin": [8.34167, 8.87142, 7.83333]},
			"faces": {
				"north": {"uv": [16, 16, 0, 0], "texture": "#2"},
				"east": {"uv": [16, 16, 0, 0], "texture": "#2"},
				"south": {"uv": [16, 16, 0, 0], "texture": "#2"},
				"west": {"uv": [16, 16, 0, 0], "texture": "#2"}
			}
		},
		{
			"from": [4, 4, 8],
			"to": [8, 6, 10],
			"rotation": {"angle": 0, "axis": "y", "origin": [8.34167, 8.87142, 7.83333]},
			"faces": {
				"north": {"uv": [16, 16, 0, 0], "texture": "#3"},
				"east": {"uv": [16, 16, 0, 0], "texture": "#3"},
				"south": {"uv": [16, 16, 0, 0], "texture": "#3"},
				"west": {"uv": [16, 16, 0, 0], "texture": "#3"}
			}
		},
		{
			"from": [4, 6, 8],
			"to": [8, 10, 10],
			"rotation": {"angle": 0, "axis": "y", "origin": [8.34167, 8.87142, 7.83333]},
			"faces": {
				"north": {"uv": [16, 16, 0, 0], "texture": "#3"},
				"east": {"uv": [16, 16, 0, 0], "texture": "#3"},
				"south": {"uv": [16, 16, 0, 0], "texture": "#3"},
				"west": {"uv": [16, 16, 0, 0], "texture": "#3"}
			}
		},
		{
			"from": [4, 0, 8],
			"to": [8, 4, 10],
			"rotation": {"angle": 0, "axis": "y", "origin": [8.34167, 8.87142, 7.83333]},
			"faces": {
				"north": {"uv": [16, 16, 0, 0], "texture": "#2"},
				"east": {"uv": [16, 16, 0, 0], "texture": "#2"},
				"south": {"uv": [16, 16, 0, 0], "texture": "#2"},
				"west": {"uv": [16, 16, 0, 0], "texture": "#2"},
				"down": {"uv": [16, 16, 0, 0], "rotation": 90, "texture": "#2"}
			}
		},
		{
			"from": [4, 14, 8],
			"to": [8, 16, 10],
			"rotation": {"angle": 0, "axis": "y", "origin": [8.34167, 8.87142, 7.83333]},
			"faces": {
				"north": {"uv": [16, 16, 0, 0], "texture": "#3"},
				"east": {"uv": [16, 16, 0, 0], "texture": "#3"},
				"south": {"uv": [16, 16, 0, 0], "texture": "#3"},
				"west": {"uv": [16, 16, 0, 0], "texture": "#3"},
				"up": {"uv": [16, 16, 0, 0], "rotation": 270, "texture": "#3"}
			}
		},
		{
			"from": [8, 8, 6],
			"to": [12, 10, 8],
			"rotation": {"angle": 0, "axis": "y", "origin": [8.34167, 8.87142, 7.83333]},
			"faces": {
				"north": {"uv": [16, 16, 0, 0], "texture": "#3"},
				"east": {"uv": [16, 16, 0, 0], "texture": "#3"},
				"south": {"uv": [16, 16, 0, 0], "texture": "#3"},
				"west": {"uv": [16, 16, 0, 0], "texture": "#3"}
			}
		},
		{
			"from": [8, 4, 6],
			"to": [12, 8, 8],
			"rotation": {"angle": 0, "axis": "y", "origin": [8.34167, 8.87142, 7.83333]},
			"faces": {
				"north": {"uv": [16, 16, 0, 0], "texture": "#3"},
				"east": {"uv": [16, 16, 0, 0], "texture": "#3"},
				"south": {"uv": [16, 16, 0, 0], "texture": "#3"},
				"west": {"uv": [16, 16, 0, 0], "texture": "#3"}
			}
		},
		{
			"from": [8, 10, 6],
			"to": [12, 14, 8],
			"rotation": {"angle": 0, "axis": "y", "origin": [8.34167, 8.87142, 7.83333]},
			"faces": {
				"north": {"uv": [16, 16, 0, 0], "texture": "#2"},
				"east": {"uv": [16, 16, 0, 0], "texture": "#2"},
				"south": {"uv": [16, 16, 0, 0], "texture": "#2"},
				"west": {"uv": [16, 16, 0, 0], "texture": "#2"}
			}
		},
		{
			"from": [8, 14, 6],
			"to": [12, 16, 8],
			"rotation": {"angle": 0, "axis": "y", "origin": [8.34167, 8.87142, 7.83333]},
			"faces": {
				"north": {"uv": [16, 16, 0, 0], "texture": "#3"},
				"east": {"uv": [16, 16, 0, 0], "texture": "#3"},
				"south": {"uv": [16, 16, 0, 0], "texture": "#3"},
				"west": {"uv": [16, 16, 0, 0], "texture": "#3"},
				"up": {"uv": [16, 16, 0, 0], "rotation": 270, "texture": "#3"}
			}
		},
		{
			"from": [8, 0, 6],
			"to": [12, 2, 8],
			"rotation": {"angle": 0, "axis": "y", "origin": [8.34167, 8.87142, 7.83333]},
			"faces": {
				"north": {"uv": [16, 16, 0, 0], "texture": "#3"},
				"east": {"uv": [16, 16, 0, 0], "texture": "#3"},
				"south": {"uv": [16, 16, 0, 0], "texture": "#3"},
				"west": {"uv": [16, 16, 0, 0], "texture": "#3"},
				"down": {"uv": [16, 16, 0, 0], "rotation": 90, "texture": "#3"}
			}
		},
		{
			"from": [8, 2, 6],
			"to": [12, 4, 8],
			"rotation": {"angle": 0, "axis": "y", "origin": [8.34167, 8.87142, 7.83333]},
			"faces": {
				"north": {"uv": [16, 16, 0, 0], "texture": "#2"},
				"east": {"uv": [16, 16, 0, 0], "texture": "#2"},
				"south": {"uv": [16, 16, 0, 0], "texture": "#2"},
				"west": {"uv": [16, 16, 0, 0], "texture": "#2"}
			}
		},
		{
			"from": [0, 12, 6],
			"to": [4, 14, 8],
			"rotation": {"angle": 0, "axis": "y", "origin": [4.34167, 8.87142, 5.83333]},
			"faces": {
				"north": {"uv": [16, 16, 0, 0], "texture": "#3"},
				"east": {"uv": [16, 16, 0, 0], "texture": "#3"},
				"south": {"uv": [16, 16, 0, 0], "texture": "#3"},
				"west": {"uv": [16, 16, 0, 0], "texture": "#3"},
				"down": {"uv": [16, 16, 0, 0], "rotation": 90, "texture": "#3"}
			}
		},
		{
			"from": [0, 14, 6],
			"to": [4, 16, 8],
			"rotation": {"angle": 0, "axis": "y", "origin": [4.34167, 8.87142, 5.83333]},
			"faces": {
				"north": {"uv": [16, 16, 0, 0], "texture": "#2"},
				"east": {"uv": [16, 16, 0, 0], "texture": "#2"},
				"south": {"uv": [16, 16, 0, 0], "texture": "#2"},
				"west": {"uv": [16, 16, 0, 0], "texture": "#2"},
				"up": {"uv": [16, 16, 0, 0], "rotation": 270, "texture": "#2"}
			}
		},
		{
			"from": [12, 12, 8],
			"to": [16, 16, 10],
			"rotation": {"angle": 0, "axis": "y", "origin": [12.34167, 8.87142, 9.83333]},
			"faces": {
				"north": {"uv": [16, 16, 0, 0], "texture": "#2"},
				"east": {"uv": [16, 16, 0, 0], "texture": "#2"},
				"south": {"uv": [16, 16, 0, 0], "texture": "#2"},
				"west": {"uv": [16, 16, 0, 0], "texture": "#2"},
				"up": {"uv": [16, 16, 0, 0], "rotation": 270, "texture": "#2"}
			}
		},
		{
			"from": [12, 10, 8],
			"to": [16, 12, 10],
			"rotation": {"angle": 0, "axis": "y", "origin": [12.34167, 8.87142, 9.83333]},
			"faces": {
				"north": {"uv": [16, 16, 0, 0], "texture": "#3"},
				"east": {"uv": [16, 16, 0, 0], "texture": "#3"},
				"south": {"uv": [16, 16, 0, 0], "texture": "#3"},
				"west": {"uv": [16, 16, 0, 0], "texture": "#3"}
			}
		},
		{
			"from": [12, 8, 8],
			"to": [16, 10, 10],
			"rotation": {"angle": 0, "axis": "y", "origin": [12.34167, 8.87142, 9.83333]},
			"faces": {
				"north": {"uv": [16, 16, 0, 0], "texture": "#2"},
				"east": {"uv": [16, 16, 0, 0], "texture": "#2"},
				"south": {"uv": [16, 16, 0, 0], "texture": "#2"},
				"west": {"uv": [16, 16, 0, 0], "texture": "#2"},
				"down": {"uv": [16, 16, 0, 0], "rotation": 90, "texture": "#2"}
			}
		},
		{
			"from": [14.47862, 0.74963, 8.01667],
			"to": [14.47862, 9.42463, 10.01667],
			"rotation": {"angle": -22.5, "axis": "z", "origin": [11.66667, 4.87142, 10.18333]},
			"faces": {
				"east": {"uv": [16, 16, 0, 0], "texture": "#3"},
				"west": {"uv": [16, 16, 0, 0], "texture": "#3"}
			}
		},
		{
			"from": [12.00833, 0, 8.01667],
			"to": [12.68333, 0, 10.01667],
			"rotation": {"angle": 0, "axis": "y", "origin": [11.66667, 4.87142, 10.18333]},
			"faces": {
				"up": {"uv": [16, 16, 0, 0], "rotation": 90, "texture": "#3"},
				"down": {"uv": [16, 16, 0, 0], "rotation": 270, "texture": "#3"}
			}
		},
		{
			"from": [12.00833, 0, 8.01667],
			"to": [12.00833, 8, 10.01667],
			"rotation": {"angle": 0, "axis": "y", "origin": [11.66667, 4.87142, 10.18333]},
			"faces": {
				"east": {"uv": [16, 16, 0, 0], "texture": "#3"},
				"west": {"uv": [16, 16, 0, 0], "texture": "#3"}
			}
		},
		{
			"from": [12.00833, 0, 10.01667],
			"to": [16.00833, 8, 10.01667],
			"rotation": {"angle": 0, "axis": "y", "origin": [4.00833, 12, 18.01667]},
			"faces": {
				"north": {"uv": [16, 16, 0, 0], "texture": "#1"},
				"south": {"uv": [16, 0, 0, 16], "rotation": 180, "texture": "#1"}
			}
		},
		{
			"from": [12.00833, 0, 8.01667],
			"to": [16.00833, 8, 8.01667],
			"rotation": {"angle": 0, "axis": "y", "origin": [4.00833, 12, 18.01667]},
			"faces": {
				"north": {"uv": [16, 16, 0, 0], "texture": "#1"},
				"south": {"uv": [16, 0, 0, 16], "rotation": 180, "texture": "#1"}
			}
		},
		{
			"from": [1.52971, 4.74963, 6],
			"to": [1.52971, 13.42463, 8],
			"rotation": {"angle": 22.5, "axis": "z", "origin": [4.34167, 8.87142, 5.83333]},
			"faces": {
				"east": {"uv": [16, 16, 0, 0], "texture": "#3"},
				"west": {"uv": [16, 16, 0, 0], "texture": "#3"}
			}
		},
		{
			"from": [3.325, 4, 6],
			"to": [4, 4, 8],
			"rotation": {"angle": 0, "axis": "y", "origin": [4.34167, 8.87142, 5.83333]},
			"faces": {
				"up": {"uv": [16, 16, 0, 0], "rotation": 270, "texture": "#3"},
				"down": {"uv": [16, 16, 0, 0], "rotation": 90, "texture": "#3"}
			}
		},
		{
			"from": [4, 4, 6],
			"to": [4, 12, 8],
			"rotation": {"angle": 0, "axis": "y", "origin": [4.34167, 8.87142, 5.83333]},
			"faces": {
				"east": {"uv": [16, 16, 0, 0], "texture": "#3"},
				"west": {"uv": [16, 16, 0, 0], "texture": "#3"}
			}
		},
		{
			"from": [0, 4, 6],
			"to": [4, 12, 6],
			"rotation": {"angle": 0, "axis": "y", "origin": [12, 16, -2]},
			"faces": {
				"north": {"uv": [16, 0, 0, 16], "rotation": 180, "texture": "#1"},
				"south": {"uv": [16, 16, 0, 0], "texture": "#1"}
			}
		},
		{
			"from": [0, 4, 8],
			"to": [4, 12, 8],
			"rotation": {"angle": 0, "axis": "y", "origin": [12, 16, -2]},
			"faces": {
				"north": {"uv": [16, 0, 0, 16], "rotation": 180, "texture": "#1"},
				"south": {"uv": [16, 16, 0, 0], "texture": "#1"}
			}
		}
	],
	"groups": [
		0,
		1,
		2,
		3,
		4,
		5,
		6,
		7,
		8,
		9,
		10,
		11,
		{
			"name": "group",
			"origin": [7.65833, 7.12858, 5.83333],
			"color": 0,
			"children": [12, 13]
		},
		{
			"name": "group",
			"origin": [3.65833, 7.12858, 9.83333],
			"color": 0,
			"children": [14, 15, 16]
		},
		{
			"name": "group",
			"origin": [0, 0, 0],
			"color": 0,
			"children": [17, 18, 19, 20, 21]
		},
		{
			"name": "group",
			"origin": [0, 0, 0],
			"color": 0,
			"children": [22, 23, 24, 25, 26]
		}
	]
}