{
	"credit": "Made with Blockbench",
	"textures": {
		"1": "block/items/dripstone_tip",
		"2": "block/items/dripstone_1",
		"3": "block/items/dripstone_2"
	},
	"elements": [
		{
			"from": [8, 8, 6],
			"to": [12, 10, 8],
			"rotation": {"angle": 0, "axis": "y", "origin": [8.34167, 8.87142, 7.83333]},
			"faces": {
				"north": {"uv": [16, 16, 0, 0], "texture": "#3"},
				"east": {"uv": [16, 16, 0, 0], "texture": "#3"},
				"south": {"uv": [16, 16, 0, 0], "texture": "#3"},
				"west": {"uv": [16, 16, 0, 0], "texture": "#3"}
			}
		},
		{
			"from": [8, 4, 6],
			"to": [12, 8, 8],
			"rotation": {"angle": 0, "axis": "y", "origin": [8.34167, 8.87142, 7.83333]},
			"faces": {
				"north": {"uv": [16, 16, 0, 0], "texture": "#2"},
				"east": {"uv": [16, 16, 0, 0], "texture": "#2"},
				"south": {"uv": [16, 16, 0, 0], "texture": "#2"},
				"west": {"uv": [16, 16, 0, 0], "texture": "#2"}
			}
		},
		{
			"from": [8, 10, 6],
			"to": [12, 14, 8],
			"rotation": {"angle": 0, "axis": "y", "origin": [8.34167, 8.87142, 7.83333]},
			"faces": {
				"north": {"uv": [16, 16, 0, 0], "texture": "#2"},
				"east": {"uv": [16, 16, 0, 0], "texture": "#2"},
				"south": {"uv": [16, 16, 0, 0], "texture": "#2"},
				"west": {"uv": [16, 16, 0, 0], "texture": "#2"}
			}
		},
		{
			"from": [8, 14, 6],
			"to": [12, 16, 8],
			"rotation": {"angle": 0, "axis": "y", "origin": [8.34167, 8.87142, 7.83333]},
			"faces": {
				"north": {"uv": [16, 16, 0, 0], "texture": "#3"},
				"east": {"uv": [16, 16, 0, 0], "texture": "#3"},
				"south": {"uv": [16, 16, 0, 0], "texture": "#3"},
				"west": {"uv": [16, 16, 0, 0], "texture": "#3"},
				"up": {"uv": [16, 16, 0, 0], "rotation": 270, "texture": "#3"}
			}
		},
		{
			"from": [8, 0, 6],
			"to": [12, 2, 8],
			"rotation": {"angle": 0, "axis": "y", "origin": [8.34167, 8.87142, 7.83333]},
			"faces": {
				"north": {"uv": [16, 16, 0, 0], "texture": "#2"},
				"east": {"uv": [16, 16, 0, 0], "texture": "#2"},
				"south": {"uv": [16, 16, 0, 0], "texture": "#2"},
				"west": {"uv": [16, 16, 0, 0], "texture": "#2"},
				"down": {"uv": [16, 16, 0, 0], "rotation": 90, "texture": "#2"}
			}
		},
		{
			"from": [8, 2, 6],
			"to": [12, 4, 8],
			"rotation": {"angle": 0, "axis": "y", "origin": [8.34167, 8.87142, 7.83333]},
			"faces": {
				"north": {"uv": [16, 16, 0, 0], "texture": "#3"},
				"east": {"uv": [16, 16, 0, 0], "texture": "#3"},
				"south": {"uv": [16, 16, 0, 0], "texture": "#3"},
				"west": {"uv": [16, 16, 0, 0], "texture": "#3"}
			}
		},
		{
			"from": [4, 12, 8],
			"to": [8, 14, 10],
			"rotation": {"angle": 0, "axis": "y", "origin": [8.34167, 8.87142, 7.83333]},
			"faces": {
				"north": {"uv": [16, 16, 0, 0], "texture": "#2"},
				"east": {"uv": [16, 16, 0, 0], "texture": "#2"},
				"south": {"uv": [16, 16, 0, 0], "texture": "#2"},
				"west": {"uv": [16, 16, 0, 0], "texture": "#2"},
				"down": {"uv": [16, 16, 0, 0], "rotation": 90, "texture": "#2"}
			}
		},
		{
			"from": [4, 14, 8],
			"to": [8, 16, 10],
			"rotation": {"angle": 0, "axis": "y", "origin": [8.34167, 8.87142, 7.83333]},
			"faces": {
				"north": {"uv": [16, 16, 0, 0], "texture": "#3"},
				"east": {"uv": [16, 16, 0, 0], "texture": "#3"},
				"south": {"uv": [16, 16, 0, 0], "texture": "#3"},
				"west": {"uv": [16, 16, 0, 0], "texture": "#3"},
				"up": {"uv": [16, 16, 0, 0], "rotation": 270, "texture": "#3"}
			}
		},
		{
			"from": [5.52971, 4.74963, 8],
			"to": [5.52971, 13.42463, 10],
			"rotation": {"angle": 22.5, "axis": "z", "origin": [8.34167, 8.87142, 7.83333]},
			"faces": {
				"east": {"uv": [16, 16, 0, 0], "texture": "#3"},
				"west": {"uv": [16, 16, 0, 0], "texture": "#3"}
			}
		},
		{
			"from": [7.325, 4, 8],
			"to": [8, 4, 10],
			"rotation": {"angle": 0, "axis": "y", "origin": [8.34167, 8.87142, 7.83333]},
			"faces": {
				"up": {"uv": [16, 16, 0, 0], "rotation": 270, "texture": "#3"},
				"down": {"uv": [16, 16, 0, 0], "rotation": 90, "texture": "#3"}
			}
		},
		{
			"from": [8, 4, 8],
			"to": [8, 12, 10],
			"rotation": {"angle": 0, "axis": "y", "origin": [8.34167, 8.87142, 7.83333]},
			"faces": {
				"east": {"uv": [16, 16, 0, 0], "texture": "#3"},
				"west": {"uv": [16, 16, 0, 0], "texture": "#3"}
			}
		},
		{
			"from": [4, 4, 8],
			"to": [8, 12, 8],
			"rotation": {"angle": 0, "axis": "y", "origin": [16, 16, 0]},
			"faces": {
				"north": {"uv": [16, 0, 0, 16], "rotation": 180, "texture": "#1"},
				"south": {"uv": [16, 16, 0, 0], "texture": "#1"}
			}
		},
		{
			"from": [4, 4, 10],
			"to": [8, 12, 10],
			"rotation": {"angle": 0, "axis": "y", "origin": [16, 16, 0]},
			"faces": {
				"north": {"uv": [16, 0, 0, 16], "rotation": 180, "texture": "#1"},
				"south": {"uv": [16, 16, 0, 0], "texture": "#1"}
			}
		}
	],
	"groups": [
		0,
		1,
		2,
		3,
		4,
		5,
		6,
		7,
		{
			"name": "group",
			"origin": [0, 0, 0],
			"color": 0,
			"children": [8, 9, 10, 11, 12]
		}
	]
}