{
	"credit": "Made with Blockbench",
	"textures": {
		"1": "block/items/dripstone_tip",
		"2": "block/items/dripstone_1",
		"3": "block/items/dripstone_2",
		"particle": "block/items/dripstone_1"
	},
	"elements": [
		{
			"from": [8, 8, 6],
			"to": [12, 10, 8],
			"rotation": {"angle": 0, "axis": "y", "origin": [8.34167, 8.87142, 7.83333]},
			"faces": {
				"north": {"uv": [16, 16, 0, 0], "texture": "#2"},
				"east": {"uv": [16, 16, 0, 0], "texture": "#2"},
				"south": {"uv": [16, 16, 0, 0], "texture": "#2"},
				"west": {"uv": [16, 16, 0, 0], "texture": "#2"},
				"down": {"uv": [16, 16, 0, 0], "rotation": 90, "texture": "#2"}
			}
		},
		{
			"from": [8, 10, 6],
			"to": [12, 12, 8],
			"rotation": {"angle": 0, "axis": "y", "origin": [8.34167, 8.87142, 7.83333]},
			"faces": {
				"north": {"uv": [16, 16, 0, 0], "texture": "#3"},
				"east": {"uv": [16, 16, 0, 0], "texture": "#3"},
				"south": {"uv": [16, 16, 0, 0], "texture": "#3"},
				"west": {"uv": [16, 16, 0, 0], "texture": "#3"}
			}
		},
		{
			"from": [8, 12, 6],
			"to": [12, 14, 8],
			"rotation": {"angle": 0, "axis": "y", "origin": [8.34167, 8.87142, 7.83333]},
			"faces": {
				"north": {"uv": [16, 16, 0, 0], "texture": "#2"},
				"east": {"uv": [16, 16, 0, 0], "texture": "#2"},
				"south": {"uv": [16, 16, 0, 0], "texture": "#2"},
				"west": {"uv": [16, 16, 0, 0], "texture": "#2"}
			}
		},
		{
			"from": [8, 14, 6],
			"to": [12, 16, 8],
			"rotation": {"angle": 0, "axis": "y", "origin": [8.34167, 8.87142, 7.83333]},
			"faces": {
				"north": {"uv": [16, 16, 0, 0], "texture": "#3"},
				"east": {"uv": [16, 16, 0, 0], "texture": "#3"},
				"south": {"uv": [16, 16, 0, 0], "texture": "#3"},
				"west": {"uv": [16, 16, 0, 0], "texture": "#3"},
				"up": {"uv": [16, 16, 0, 0], "rotation": 270, "texture": "#3"}
			}
		},
		{
			"from": [10.47862, 0.74963, 6.01667],
			"to": [10.47862, 9.42463, 8.01667],
			"rotation": {"angle": -22.5, "axis": "z", "origin": [7.66667, 4.87142, 8.18333]},
			"faces": {
				"east": {"uv": [16, 16, 0, 0], "texture": "#3"},
				"west": {"uv": [16, 16, 0, 0], "texture": "#3"}
			}
		},
		{
			"from": [8.00833, 0, 6.01667],
			"to": [8.68333, 0, 8.01667],
			"rotation": {"angle": 0, "axis": "y", "origin": [7.66667, 4.87142, 8.18333]},
			"faces": {
				"up": {"uv": [16, 16, 0, 0], "rotation": 90, "texture": "#3"},
				"down": {"uv": [16, 16, 0, 0], "rotation": 270, "texture": "#3"}
			}
		},
		{
			"from": [8.00833, 0, 6.01667],
			"to": [8.00833, 8, 8.01667],
			"rotation": {"angle": 0, "axis": "y", "origin": [7.66667, 4.87142, 8.18333]},
			"faces": {
				"east": {"uv": [16, 16, 0, 0], "texture": "#3"},
				"west": {"uv": [16, 16, 0, 0], "texture": "#3"}
			}
		},
		{
			"from": [8.00833, 0, 8.01667],
			"to": [12.00833, 8, 8.01667],
			"rotation": {"angle": 0, "axis": "y", "origin": [0.00833, 12, 16.01667]},
			"faces": {
				"north": {"uv": [16, 16, 0, 0], "texture": "#1"},
				"south": {"uv": [16, 0, 0, 16], "rotation": 180, "texture": "#1"}
			}
		},
		{
			"from": [8.00833, 0, 6.01667],
			"to": [12.00833, 8, 6.01667],
			"rotation": {"angle": 0, "axis": "y", "origin": [0.00833, 12, 16.01667]},
			"faces": {
				"north": {"uv": [16, 16, 0, 0], "texture": "#1"},
				"south": {"uv": [16, 0, 0, 16], "rotation": 180, "texture": "#1"}
			}
		}
	],
	"groups": [
		0,
		1,
		2,
		3,
		{
			"name": "group",
			"origin": [0, 0, 0],
			"color": 0,
			"children": [4, 5, 6, 7, 8]
		}
	]
}