{
	"credit": "Made with Blockbench",
	"textures": {
		"1": "block/crops/potatoes_top",
		"2": "block/crops/potatoes_B",
		"particle": "block/crops/potatoes_top"
	},
	"elements": [
		{
			"from": [4, -1.5, 4],
			"to": [8, 0, 8],
			"rotation": {"angle": 0, "axis": "y", "origin": [-2, -4, -2]},
			"faces": {
				"north": {"uv": [0, 0, 16, 16], "texture": "#1"},
				"east": {"uv": [0, 0, 16, 16], "texture": "#1"},
				"south": {"uv": [0, 0, 16, 16], "texture": "#1"},
				"west": {"uv": [0, 0, 16, 16], "texture": "#1"},
				"up": {"uv": [0, 0, 16, 16], "texture": "#1"},
				"down": {"uv": [0, 0, 4, 4], "texture": "#1"}
			}
		},
		{
			"from": [12, -1.5, 8],
			"to": [16, 0, 12],
			"rotation": {"angle": 0, "axis": "y", "origin": [6, -4, 2]},
			"faces": {
				"north": {"uv": [0, 0, 16, 16], "texture": "#1"},
				"east": {"uv": [0, 0, 16, 16], "texture": "#1"},
				"south": {"uv": [0, 0, 16, 16], "texture": "#1"},
				"west": {"uv": [0, 0, 16, 16], "texture": "#1"},
				"up": {"uv": [0, 0, 16, 16], "texture": "#1"},
				"down": {"uv": [0, 0, 4, 4], "texture": "#1"}
			}
		},
		{
			"from": [4, 0.8, 4],
			"to": [8, 0.8, 8],
			"rotation": {"angle": 0, "axis": "y", "origin": [-2, -4, -2]},
			"faces": {
				"north": {"uv": [0, 0, 4, 0], "texture": "#2"},
				"east": {"uv": [0, 0, 4, 0], "texture": "#2"},
				"south": {"uv": [0, 0, 4, 0], "texture": "#2"},
				"west": {"uv": [0, 0, 4, 0], "texture": "#2"},
				"up": {"uv": [0, 0, 16, 16], "texture": "#2"},
				"down": {"uv": [0, 0, 4, 4], "texture": "#2"}
			}
		},
		{
			"from": [12, 0.8, 8],
			"to": [16, 0.8, 12],
			"rotation": {"angle": 0, "axis": "y", "origin": [6, -4, 2]},
			"faces": {
				"north": {"uv": [0, 0, 4, 0], "texture": "#2"},
				"east": {"uv": [0, 0, 4, 0], "texture": "#2"},
				"south": {"uv": [0, 0, 4, 0], "texture": "#2"},
				"west": {"uv": [0, 0, 4, 0], "texture": "#2"},
				"up": {"uv": [0, 0, 16, 16], "texture": "#2"},
				"down": {"uv": [0, 0, 4, 4], "texture": "#2"}
			}
		},
		{
			"name": "hexadecagon",
			"from": [5.76131, 0, 4.8],
			"to": [6.23869, 0.8, 7.2],
			"rotation": {"angle": -45, "axis": "y", "origin": [6, 0.5, 6]},
			"faces": {
				"north": {"uv": [0, 0, 16, 16], "texture": "#1"},
				"south": {"uv": [0, 0, 16, 16], "texture": "#1"}
			}
		},
		{
			"name": "hexadecagon",
			"from": [13.76131, 0, 8.8],
			"to": [14.23869, 0.8, 11.2],
			"rotation": {"angle": -45, "axis": "y", "origin": [14, 0.5, 10]},
			"faces": {
				"north": {"uv": [0, 0, 16, 16], "texture": "#1"},
				"south": {"uv": [0, 0, 16, 16], "texture": "#1"}
			}
		},
		{
			"name": "hexadecagon",
			"from": [5.76131, 0, 4.8],
			"to": [6.23869, 0.8, 7.2],
			"rotation": {"angle": -22.5, "axis": "y", "origin": [6, 0.5, 6]},
			"faces": {
				"north": {"uv": [0, 0, 16, 16], "texture": "#1"},
				"south": {"uv": [0, 0, 16, 16], "texture": "#1"}
			}
		},
		{
			"name": "hexadecagon",
			"from": [13.76131, 0, 8.8],
			"to": [14.23869, 0.8, 11.2],
			"rotation": {"angle": -22.5, "axis": "y", "origin": [14, 0.5, 10]},
			"faces": {
				"north": {"uv": [0, 0, 16, 16], "texture": "#1"},
				"south": {"uv": [0, 0, 16, 16], "texture": "#1"}
			}
		},
		{
			"name": "hexadecagon",
			"from": [5.76131, 0, 4.8],
			"to": [6.23869, 0.8, 7.2],
			"rotation": {"angle": 0, "axis": "y", "origin": [6, 0.5, 6]},
			"faces": {
				"north": {"uv": [0, 0, 16, 16], "texture": "#1"},
				"south": {"uv": [0, 0, 16, 16], "texture": "#1"}
			}
		},
		{
			"name": "hexadecagon",
			"from": [13.76131, 0, 8.8],
			"to": [14.23869, 0.8, 11.2],
			"rotation": {"angle": 0, "axis": "y", "origin": [14, 0.5, 10]},
			"faces": {
				"north": {"uv": [0, 0, 16, 16], "texture": "#1"},
				"south": {"uv": [0, 0, 16, 16], "texture": "#1"}
			}
		},
		{
			"name": "hexadecagon",
			"from": [5.76131, 0, 4.8],
			"to": [6.23869, 0.8, 7.2],
			"rotation": {"angle": 22.5, "axis": "y", "origin": [6, 0.5, 6]},
			"faces": {
				"north": {"uv": [0, 0, 16, 16], "texture": "#1"},
				"south": {"uv": [0, 0, 16, 16], "texture": "#1"}
			}
		},
		{
			"name": "hexadecagon",
			"from": [13.76131, 0, 8.8],
			"to": [14.23869, 0.8, 11.2],
			"rotation": {"angle": 22.5, "axis": "y", "origin": [14, 0.5, 10]},
			"faces": {
				"north": {"uv": [0, 0, 16, 16], "texture": "#1"},
				"south": {"uv": [0, 0, 16, 16], "texture": "#1"}
			}
		},
		{
			"name": "hexadecagon",
			"from": [5.76131, 0, 4.8],
			"to": [6.23869, 0.8, 7.2],
			"rotation": {"angle": 45, "axis": "y", "origin": [6, 0.5, 6]},
			"faces": {
				"north": {"uv": [0, 0, 16, 16], "texture": "#1"},
				"south": {"uv": [0, 0, 16, 16], "texture": "#1"}
			}
		},
		{
			"name": "hexadecagon",
			"from": [13.76131, 0, 8.8],
			"to": [14.23869, 0.8, 11.2],
			"rotation": {"angle": 45, "axis": "y", "origin": [14, 0.5, 10]},
			"faces": {
				"north": {"uv": [0, 0, 16, 16], "texture": "#1"},
				"south": {"uv": [0, 0, 16, 16], "texture": "#1"}
			}
		},
		{
			"name": "hexadecagon",
			"from": [4.8, 0, 5.76131],
			"to": [7.2, 0.8, 6.23869],
			"rotation": {"angle": -22.5, "axis": "y", "origin": [6, 0.5, 6]},
			"faces": {
				"east": {"uv": [0, 0, 16, 16], "texture": "#1"},
				"west": {"uv": [0, 0, 16, 16], "texture": "#1"}
			}
		},
		{
			"name": "hexadecagon",
			"from": [12.8, 0, 9.76131],
			"to": [15.2, 0.8, 10.23869],
			"rotation": {"angle": -22.5, "axis": "y", "origin": [14, 0.5, 10]},
			"faces": {
				"east": {"uv": [0, 0, 16, 16], "texture": "#1"},
				"west": {"uv": [0, 0, 16, 16], "texture": "#1"}
			}
		},
		{
			"name": "hexadecagon",
			"from": [4.8, 0, 5.76131],
			"to": [7.2, 0.8, 6.23869],
			"rotation": {"angle": 0, "axis": "y", "origin": [6, 0.5, 6]},
			"faces": {
				"east": {"uv": [0, 0, 16, 16], "texture": "#1"},
				"west": {"uv": [0, 0, 16, 16], "texture": "#1"}
			}
		},
		{
			"name": "hexadecagon",
			"from": [12.8, 0, 9.76131],
			"to": [15.2, 0.8, 10.23869],
			"rotation": {"angle": 0, "axis": "y", "origin": [14, 0.5, 10]},
			"faces": {
				"east": {"uv": [0, 0, 16, 16], "texture": "#1"},
				"west": {"uv": [0, 0, 16, 16], "texture": "#1"}
			}
		},
		{
			"name": "hexadecagon",
			"from": [4.8, 0, 5.76131],
			"to": [7.2, 0.8, 6.23869],
			"rotation": {"angle": 22.5, "axis": "y", "origin": [6, 0.5, 6]},
			"faces": {
				"east": {"uv": [0, 0, 16, 16], "texture": "#1"},
				"west": {"uv": [0, 0, 16, 16], "texture": "#1"}
			}
		},
		{
			"name": "hexadecagon",
			"from": [12.8, 0, 9.76131],
			"to": [15.2, 0.8, 10.23869],
			"rotation": {"angle": 22.5, "axis": "y", "origin": [14, 0.5, 10]},
			"faces": {
				"east": {"uv": [0, 0, 16, 16], "texture": "#1"},
				"west": {"uv": [0, 0, 16, 16], "texture": "#1"}
			}
		}
	],
	"groups": [
		{
			"name": "group",
			"origin": [0, 0, 0],
			"children": [0, 1]
		},
		{
			"name": "group",
			"origin": [0, 0, 0],
			"children": [2, 3]
		},
		{
			"name": "hexadecagon",
			"origin": [8, 8, 8],
			"children": [4, 5, 6, 7, 8, 9, 10, 11, 12, 13, 14, 15, 16, 17, 18, 19]
		}
	]
}