{
	"credit": "Made with Blockbench",
	"textures": {
		"1": "block/crops/potatoes_top",
		"3": "block/crops/crops_leaves",
		"4": "block/crops/potatoes_flower",
		"particle": "block/crops/potatoes_top"
	},
	"elements": [
		{
			"from": [4, 0, 4],
			"to": [8, 1.5, 8],
			"rotation": {"angle": 0, "axis": "y", "origin": [-2, -5.5, -2]},
			"faces": {
				"north": {"uv": [0, 0, 16, 16], "texture": "#3"},
				"east": {"uv": [0, 0, 16, 16], "texture": "#3"},
				"south": {"uv": [0, 0, 16, 16], "texture": "#3"},
				"west": {"uv": [0, 0, 16, 16], "texture": "#3"},
				"up": {"uv": [0, 0, 16, 16], "texture": "#3"}
			}
		},
		{
			"from": [12, 0, 8],
			"to": [16, 1.5, 12],
			"rotation": {"angle": 0, "axis": "y", "origin": [-2, -5.5, -2]},
			"faces": {
				"north": {"uv": [0, 0, 16, 16], "texture": "#3"},
				"east": {"uv": [0, 0, 16, 16], "texture": "#3"},
				"south": {"uv": [0, 0, 16, 16], "texture": "#3"},
				"west": {"uv": [0, 0, 16, 16], "texture": "#3"},
				"up": {"uv": [0, 0, 16, 16], "rotation": 90, "texture": "#3"}
			}
		},
		{
			"from": [6.5, 1.5, 5.5],
			"to": [7.5, 2.5, 6.5],
			"faces": {
				"north": {"uv": [0, 0, 15, 16], "texture": "#3"},
				"east": {"uv": [0, 0, 16, 16], "texture": "#3"},
				"south": {"uv": [1, 0, 16, 16], "texture": "#3"},
				"up": {"uv": [0, 0, 16, 16], "texture": "#3"}
			}
		},
		{
			"from": [13.5, 1.5, 10.5],
			"to": [14.5, 2.5, 11.5],
			"rotation": {"angle": 0, "axis": "y", "origin": [-2, -5.5, -2]},
			"faces": {
				"east": {"uv": [0, 0, 15, 16], "texture": "#3"},
				"south": {"uv": [0, 0, 16, 16], "texture": "#3"},
				"west": {"uv": [1, 0, 16, 16], "texture": "#3"},
				"up": {"uv": [0, 0, 16, 16], "rotation": 90, "texture": "#3"}
			}
		},
		{
			"from": [7.5, 2.5, 5.5],
			"to": [8.5, 3.5, 6.5],
			"faces": {
				"north": {"uv": [0, 0, 16, 16], "texture": "#3"},
				"east": {"uv": [0, 0, 16, 16], "texture": "#3"},
				"south": {"uv": [0, 0, 16, 16], "texture": "#3"},
				"west": {"uv": [0, 0, 16, 16], "texture": "#3"},
				"up": {"uv": [0, 0, 16, 16], "texture": "#3"},
				"down": {"uv": [0, 0, 16, 16], "texture": "#3"}
			}
		},
		{
			"from": [13.5, 2.5, 11.5],
			"to": [14.5, 3.5, 12.5],
			"rotation": {"angle": 0, "axis": "y", "origin": [-2, -5.5, -2]},
			"faces": {
				"north": {"uv": [0, 0, 16, 16], "texture": "#3"},
				"east": {"uv": [0, 0, 16, 16], "texture": "#3"},
				"south": {"uv": [0, 0, 16, 16], "texture": "#3"},
				"west": {"uv": [0, 0, 16, 16], "texture": "#3"},
				"up": {"uv": [0, 0, 16, 16], "rotation": 90, "texture": "#3"},
				"down": {"uv": [0, 0, 16, 16], "rotation": 270, "texture": "#3"}
			}
		},
		{
			"from": [4.5, 3.5, 5.5],
			"to": [5.5, 4.5, 6.5],
			"faces": {
				"north": {"uv": [1, 0, 16, 16], "texture": "#3"},
				"south": {"uv": [0, 0, 15, 16], "texture": "#3"},
				"west": {"uv": [0, 0, 16, 16], "texture": "#3"},
				"up": {"uv": [0, 0, 16, 16], "texture": "#3"},
				"down": {"uv": [0, 0, 16, 16], "texture": "#3"}
			}
		},
		{
			"from": [13.5, 3.5, 8.5],
			"to": [14.5, 4.5, 9.5],
			"rotation": {"angle": 0, "axis": "y", "origin": [-2, -5.5, -2]},
			"faces": {
				"north": {"uv": [0, 0, 16, 16], "texture": "#3"},
				"east": {"uv": [1, 0, 16, 16], "texture": "#3"},
				"west": {"uv": [0, 0, 15, 16], "texture": "#3"},
				"up": {"uv": [0, 0, 16, 16], "rotation": 90, "texture": "#3"},
				"down": {"uv": [0, 0, 16, 16], "rotation": 270, "texture": "#3"}
			}
		},
		{
			"from": [3.5, 6.5, 5.5],
			"to": [5.5, 7.5, 6.5],
			"faces": {
				"north": {"uv": [1, 0, 16, 16], "texture": "#3"},
				"south": {"uv": [0, 0, 15, 16], "texture": "#3"},
				"west": {"uv": [0, 0, 16, 16], "texture": "#3"},
				"up": {"uv": [0, 0, 16, 16], "texture": "#3"},
				"down": {"uv": [0, 0, 16, 16], "texture": "#3"}
			}
		},
		{
			"from": [13.5, 6.5, 7.5],
			"to": [14.5, 7.5, 9.5],
			"rotation": {"angle": 0, "axis": "y", "origin": [-2, -5.5, -2]},
			"faces": {
				"north": {"uv": [0, 0, 16, 16], "texture": "#3"},
				"east": {"uv": [1, 0, 16, 16], "texture": "#3"},
				"west": {"uv": [0, 0, 15, 16], "texture": "#3"},
				"up": {"uv": [0, 0, 16, 16], "rotation": 90, "texture": "#3"},
				"down": {"uv": [0, 0, 16, 16], "rotation": 270, "texture": "#3"}
			}
		},
		{
			"from": [1.5, 7.5, 5.5],
			"to": [2.5, 8.5, 6.5],
			"faces": {
				"north": {"uv": [0, 0, 16, 16], "texture": "#3"},
				"south": {"uv": [0, 0, 16, 16], "texture": "#3"},
				"west": {"uv": [0, 0, 16, 16], "texture": "#3"},
				"up": {"uv": [0, 0, 16, 16], "texture": "#3"},
				"down": {"uv": [0, 0, 16, 16], "texture": "#3"}
			}
		},
		{
			"from": [13.5, 7.5, 5.5],
			"to": [14.5, 8.5, 6.5],
			"rotation": {"angle": 0, "axis": "y", "origin": [-2, -5.5, -2]},
			"faces": {
				"north": {"uv": [0, 0, 16, 16], "texture": "#3"},
				"east": {"uv": [0, 0, 16, 16], "texture": "#3"},
				"west": {"uv": [0, 0, 16, 16], "texture": "#3"},
				"up": {"uv": [0, 0, 16, 16], "rotation": 90, "texture": "#3"},
				"down": {"uv": [0, 0, 16, 16], "rotation": 270, "texture": "#3"}
			}
		},
		{
			"from": [2.5, 7.5, 5.5],
			"to": [3.5, 8.5, 6.5],
			"faces": {
				"north": {"uv": [0, 0, 16, 16], "texture": "#4"},
				"east": {"uv": [0, 0, 16, 16], "texture": "#4"},
				"south": {"uv": [0, 0, 16, 16], "texture": "#4"},
				"up": {"uv": [0, 0, 16, 16], "texture": "#4"},
				"down": {"uv": [0, 0, 16, 16], "texture": "#4"}
			}
		},
		{
			"from": [13.5, 7.5, 6.5],
			"to": [14.5, 8.5, 7.5],
			"rotation": {"angle": 0, "axis": "y", "origin": [-2, -5.5, -2]},
			"faces": {
				"east": {"uv": [0, 0, 16, 16], "texture": "#4"},
				"south": {"uv": [0, 0, 16, 16], "texture": "#4"},
				"west": {"uv": [0, 0, 16, 16], "texture": "#4"},
				"up": {"uv": [0, 0, 16, 16], "rotation": 90, "texture": "#4"},
				"down": {"uv": [0, 0, 16, 16], "rotation": 270, "texture": "#4"}
			}
		},
		{
			"from": [6.5, 4.5, 5.5],
			"to": [7.5, 5.5, 6.5],
			"faces": {
				"north": {"uv": [0, 0, 15, 16], "texture": "#3"},
				"east": {"uv": [0, 0, 16, 16], "texture": "#3"},
				"south": {"uv": [1, 0, 16, 16], "texture": "#3"},
				"up": {"uv": [0, 0, 16, 16], "texture": "#3"},
				"down": {"uv": [0, 0, 16, 16], "texture": "#3"}
			}
		},
		{
			"from": [13.5, 4.5, 10.5],
			"to": [14.5, 5.5, 11.5],
			"rotation": {"angle": 0, "axis": "y", "origin": [-2, -5.5, -2]},
			"faces": {
				"east": {"uv": [0, 0, 15, 16], "texture": "#3"},
				"south": {"uv": [0, 0, 16, 16], "texture": "#3"},
				"west": {"uv": [1, 0, 16, 16], "texture": "#3"},
				"up": {"uv": [0, 0, 16, 16], "rotation": 90, "texture": "#3"},
				"down": {"uv": [0, 0, 16, 16], "rotation": 270, "texture": "#3"}
			}
		},
		{
			"from": [7.5, 5.5, 5.5],
			"to": [8.5, 6.5, 6.5],
			"faces": {
				"north": {"uv": [0, 0, 16, 16], "texture": "#3"},
				"east": {"uv": [0, 0, 16, 16], "texture": "#3"},
				"south": {"uv": [0, 0, 16, 16], "texture": "#3"},
				"west": {"uv": [0, 0, 16, 16], "texture": "#3"},
				"up": {"uv": [0, 0, 16, 16], "texture": "#3"},
				"down": {"uv": [0, 0, 16, 16], "texture": "#3"}
			}
		},
		{
			"from": [13.5, 5.5, 11.5],
			"to": [14.5, 6.5, 12.5],
			"rotation": {"angle": 0, "axis": "y", "origin": [-2, -5.5, -2]},
			"faces": {
				"north": {"uv": [0, 0, 16, 16], "texture": "#3"},
				"east": {"uv": [0, 0, 16, 16], "texture": "#3"},
				"south": {"uv": [0, 0, 16, 16], "texture": "#3"},
				"west": {"uv": [0, 0, 16, 16], "texture": "#3"},
				"up": {"uv": [0, 0, 16, 16], "rotation": 90, "texture": "#3"},
				"down": {"uv": [0, 0, 16, 16], "rotation": 270, "texture": "#3"}
			}
		},
		{
			"from": [6.5, 10.5, 5.5],
			"to": [8.5, 11.5, 6.5],
			"faces": {
				"north": {"uv": [0, 0, 16, 16], "texture": "#3"},
				"east": {"uv": [0, 0, 16, 16], "texture": "#3"},
				"south": {"uv": [0, 0, 16, 16], "texture": "#3"},
				"west": {"uv": [0, 0, 16, 16], "texture": "#3"},
				"up": {"uv": [0, 0, 16, 16], "texture": "#3"},
				"down": {"uv": [0, 0, 16, 16], "texture": "#3"}
			}
		},
		{
			"from": [13.5, 10.5, 10.5],
			"to": [14.5, 11.5, 12.5],
			"rotation": {"angle": 0, "axis": "y", "origin": [-2, -5.5, -2]},
			"faces": {
				"north": {"uv": [0, 0, 16, 16], "texture": "#3"},
				"east": {"uv": [0, 0, 16, 16], "texture": "#3"},
				"south": {"uv": [0, 0, 16, 16], "texture": "#3"},
				"west": {"uv": [0, 0, 16, 16], "texture": "#3"},
				"up": {"uv": [0, 0, 16, 16], "rotation": 90, "texture": "#3"},
				"down": {"uv": [0, 0, 16, 16], "rotation": 270, "texture": "#3"}
			}
		},
		{
			"from": [5.5, 6.5, 5.5],
			"to": [6.5, 10.5, 6.5],
			"faces": {
				"north": {"uv": [1, 0, 15, 15], "texture": "#3"},
				"east": {"uv": [1, 0, 15, 15], "texture": "#3"},
				"south": {"uv": [1, 0, 15, 15], "texture": "#3"},
				"west": {"uv": [1, 0, 15, 15], "texture": "#3"},
				"up": {"uv": [0, 0, 16, 16], "texture": "#3"}
			}
		},
		{
			"from": [13.5, 6.5, 9.5],
			"to": [14.5, 10.5, 10.5],
			"rotation": {"angle": 0, "axis": "y", "origin": [-2, -5.5, -2]},
			"faces": {
				"north": {"uv": [1, 0, 15, 15], "texture": "#3"},
				"east": {"uv": [1, 0, 15, 15], "texture": "#3"},
				"south": {"uv": [1, 0, 15, 15], "texture": "#3"},
				"west": {"uv": [1, 0, 15, 15], "texture": "#3"},
				"up": {"uv": [0, 0, 16, 16], "rotation": 90, "texture": "#3"}
			}
		},
		{
			"from": [5.5, 1.5, 5.5],
			"to": [6.5, 6.5, 6.5],
			"faces": {
				"north": {"uv": [1, 1, 15, 16], "texture": "#3"},
				"east": {"uv": [1, 1, 15, 16], "texture": "#3"},
				"south": {"uv": [1, 1, 15, 16], "texture": "#3"},
				"west": {"uv": [1, 1, 15, 16], "texture": "#3"}
			}
		},
		{
			"from": [13.5, 1.5, 9.5],
			"to": [14.5, 6.5, 10.5],
			"rotation": {"angle": 0, "axis": "y", "origin": [-2, -5.5, -2]},
			"faces": {
				"north": {"uv": [1, 1, 15, 16], "texture": "#3"},
				"east": {"uv": [1, 1, 15, 16], "texture": "#3"},
				"south": {"uv": [1, 1, 15, 16], "texture": "#3"},
				"west": {"uv": [1, 1, 15, 16], "texture": "#3"}
			}
		},
		{
			"from": [4.5, 9.5, 5.5],
			"to": [5.5, 10.5, 6.5],
			"faces": {
				"north": {"uv": [1, 0, 16, 16], "texture": "#3"},
				"south": {"uv": [0, 0, 15, 16], "texture": "#3"},
				"west": {"uv": [0, 0, 16, 16], "texture": "#3"},
				"up": {"uv": [0, 0, 16, 16], "texture": "#3"},
				"down": {"uv": [0, 0, 16, 16], "texture": "#3"}
			}
		},
		{
			"from": [13.5, 9.5, 8.5],
			"to": [14.5, 10.5, 9.5],
			"rotation": {"angle": 0, "axis": "y", "origin": [-2, -5.5, -2]},
			"faces": {
				"north": {"uv": [0, 0, 16, 16], "texture": "#3"},
				"east": {"uv": [1, 0, 16, 16], "texture": "#3"},
				"west": {"uv": [0, 0, 15, 16], "texture": "#3"},
				"up": {"uv": [0, 0, 16, 16], "rotation": 90, "texture": "#3"},
				"down": {"uv": [0, 0, 16, 16], "rotation": 270, "texture": "#3"}
			}
		},
		{
			"from": [3.5, 10.5, 5.5],
			"to": [4.5, 11.5, 6.5],
			"faces": {
				"north": {"uv": [0, 0, 16, 16], "texture": "#4"},
				"east": {"uv": [0, 0, 16, 16], "texture": "#4"},
				"south": {"uv": [0, 0, 16, 16], "texture": "#4"},
				"west": {"uv": [0, 0, 16, 16], "texture": "#4"},
				"up": {"uv": [0, 0, 16, 16], "texture": "#4"},
				"down": {"uv": [0, 0, 16, 16], "texture": "#4"}
			}
		},
		{
			"from": [13.5, 10.5, 7.5],
			"to": [14.5, 11.5, 8.5],
			"rotation": {"angle": 0, "axis": "y", "origin": [-2, -5.5, -2]},
			"faces": {
				"north": {"uv": [0, 0, 16, 16], "texture": "#4"},
				"east": {"uv": [0, 0, 16, 16], "texture": "#4"},
				"south": {"uv": [0, 0, 16, 16], "texture": "#4"},
				"west": {"uv": [0, 0, 16, 16], "texture": "#4"},
				"up": {"uv": [0, 0, 16, 16], "rotation": 90, "texture": "#4"},
				"down": {"uv": [0, 0, 16, 16], "rotation": 270, "texture": "#4"}
			}
		},
		{
			"from": [2.5, 9.5, 5.5],
			"to": [3.5, 10.5, 6.5],
			"faces": {
				"north": {"uv": [0, 0, 16, 16], "texture": "#3"},
				"east": {"uv": [0, 0, 16, 16], "texture": "#3"},
				"south": {"uv": [0, 0, 16, 16], "texture": "#3"},
				"west": {"uv": [0, 0, 16, 16], "texture": "#3"},
				"up": {"uv": [0, 0, 16, 16], "texture": "#3"},
				"down": {"uv": [0, 0, 16, 16], "texture": "#3"}
			}
		},
		{
			"from": [13.5, 9.5, 6.5],
			"to": [14.5, 10.5, 7.5],
			"rotation": {"angle": 0, "axis": "y", "origin": [-2, -5.5, -2]},
			"faces": {
				"north": {"uv": [0, 0, 16, 16], "texture": "#3"},
				"east": {"uv": [0, 0, 16, 16], "texture": "#3"},
				"south": {"uv": [0, 0, 16, 16], "texture": "#3"},
				"west": {"uv": [0, 0, 16, 16], "texture": "#3"},
				"up": {"uv": [0, 0, 16, 16], "rotation": 90, "texture": "#3"},
				"down": {"uv": [0, 0, 16, 16], "rotation": 270, "texture": "#3"}
			}
		},
		{
			"from": [6.5, 7.5, 5.5],
			"to": [7.5, 8.5, 6.5],
			"faces": {
				"north": {"uv": [0, 0, 15, 16], "texture": "#3"},
				"east": {"uv": [0, 0, 16, 16], "texture": "#3"},
				"south": {"uv": [1, 0, 16, 16], "texture": "#3"},
				"up": {"uv": [0, 0, 16, 16], "texture": "#3"},
				"down": {"uv": [0, 0, 16, 16], "texture": "#3"}
			}
		},
		{
			"from": [13.5, 7.5, 10.5],
			"to": [14.5, 8.5, 11.5],
			"rotation": {"angle": 0, "axis": "y", "origin": [-2, -5.5, -2]},
			"faces": {
				"east": {"uv": [0, 0, 15, 16], "texture": "#3"},
				"south": {"uv": [0, 0, 16, 16], "texture": "#3"},
				"west": {"uv": [1, 0, 16, 16], "texture": "#3"},
				"up": {"uv": [0, 0, 16, 16], "rotation": 90, "texture": "#3"},
				"down": {"uv": [0, 0, 16, 16], "rotation": 270, "texture": "#3"}
			}
		},
		{
			"from": [8.5, 8.5, 5.5],
			"to": [9.5, 9.5, 6.5],
			"faces": {
				"north": {"uv": [0, 0, 16, 16], "texture": "#3"},
				"east": {"uv": [0, 0, 16, 16], "texture": "#3"},
				"south": {"uv": [0, 0, 16, 16], "texture": "#3"},
				"up": {"uv": [0, 0, 16, 16], "texture": "#3"},
				"down": {"uv": [0, 0, 16, 16], "texture": "#3"}
			}
		},
		{
			"from": [13.5, 8.5, 12.5],
			"to": [14.5, 9.5, 13.5],
			"rotation": {"angle": 0, "axis": "y", "origin": [-2, -5.5, -2]},
			"faces": {
				"east": {"uv": [0, 0, 16, 16], "texture": "#3"},
				"south": {"uv": [0, 0, 16, 16], "texture": "#3"},
				"west": {"uv": [0, 0, 16, 16], "texture": "#3"},
				"up": {"uv": [0, 0, 16, 16], "rotation": 90, "texture": "#3"},
				"down": {"uv": [0, 0, 16, 16], "rotation": 270, "texture": "#3"}
			}
		},
		{
			"from": [7.5, 8.5, 5.5],
			"to": [8.5, 9.5, 6.5],
			"faces": {
				"north": {"uv": [0, 0, 16, 16], "texture": "#4"},
				"south": {"uv": [0, 0, 16, 16], "texture": "#4"},
				"west": {"uv": [0, 0, 16, 16], "texture": "#4"},
				"up": {"uv": [0, 0, 16, 16], "texture": "#4"},
				"down": {"uv": [0, 0, 16, 16], "texture": "#4"}
			}
		},
		{
			"from": [13.5, 8.5, 11.5],
			"to": [14.5, 9.5, 12.5],
			"rotation": {"angle": 0, "axis": "y", "origin": [-2, -5.5, -2]},
			"faces": {
				"north": {"uv": [0, 0, 16, 16], "texture": "#4"},
				"east": {"uv": [0, 0, 16, 16], "texture": "#4"},
				"west": {"uv": [0, 0, 16, 16], "texture": "#4"},
				"up": {"uv": [0, 0, 16, 16], "rotation": 90, "texture": "#4"},
				"down": {"uv": [0, 0, 16, 16], "rotation": 270, "texture": "#4"}
			}
		},
		{
			"from": [8.5, 6.5, 5.5],
			"to": [10.5, 7.5, 6.5],
			"faces": {
				"north": {"uv": [0, 0, 16, 16], "texture": "#3"},
				"east": {"uv": [0, 0, 16, 16], "texture": "#3"},
				"south": {"uv": [0, 0, 16, 16], "texture": "#3"},
				"west": {"uv": [0, 0, 16, 16], "texture": "#3"},
				"up": {"uv": [0, 0, 16, 16], "texture": "#3"},
				"down": {"uv": [0, 0, 16, 16], "texture": "#3"}
			}
		},
		{
			"from": [13.5, 6.5, 12.5],
			"to": [14.5, 7.5, 14.5],
			"rotation": {"angle": 0, "axis": "y", "origin": [-2, -5.5, -2]},
			"faces": {
				"north": {"uv": [0, 0, 16, 16], "texture": "#3"},
				"east": {"uv": [0, 0, 16, 16], "texture": "#3"},
				"south": {"uv": [0, 0, 16, 16], "texture": "#3"},
				"west": {"uv": [0, 0, 16, 16], "texture": "#3"},
				"up": {"uv": [0, 0, 16, 16], "rotation": 90, "texture": "#3"},
				"down": {"uv": [0, 0, 16, 16], "rotation": 270, "texture": "#3"}
			}
		},
		{
			"from": [10.5, 5.5, 5.5],
			"to": [11.5, 6.5, 6.5],
			"faces": {
				"north": {"uv": [0, 0, 16, 16], "texture": "#3"},
				"east": {"uv": [0, 0, 16, 16], "texture": "#3"},
				"south": {"uv": [0, 0, 16, 16], "texture": "#3"},
				"west": {"uv": [0, 0, 16, 16], "texture": "#3"},
				"up": {"uv": [0, 0, 16, 16], "texture": "#3"},
				"down": {"uv": [0, 0, 16, 16], "texture": "#3"}
			}
		},
		{
			"from": [13.5, 5.5, 14.5],
			"to": [14.5, 6.5, 15.5],
			"rotation": {"angle": 0, "axis": "y", "origin": [-2, -5.5, -2]},
			"faces": {
				"north": {"uv": [0, 0, 16, 16], "texture": "#3"},
				"east": {"uv": [0, 0, 16, 16], "texture": "#3"},
				"south": {"uv": [0, 0, 16, 16], "texture": "#3"},
				"west": {"uv": [0, 0, 16, 16], "texture": "#3"},
				"up": {"uv": [0, 0, 16, 16], "rotation": 90, "texture": "#3"},
				"down": {"uv": [0, 0, 16, 16], "rotation": 270, "texture": "#3"}
			}
		},
		{
			"from": [8.5, 3.5, 5.5],
			"to": [9.5, 4.5, 6.5],
			"faces": {
				"north": {"uv": [0, 0, 16, 16], "texture": "#3"},
				"east": {"uv": [0, 0, 16, 16], "texture": "#3"},
				"south": {"uv": [0, 0, 16, 16], "texture": "#3"},
				"west": {"uv": [0, 0, 16, 16], "texture": "#3"},
				"up": {"uv": [0, 0, 16, 16], "texture": "#3"},
				"down": {"uv": [0, 0, 16, 16], "texture": "#3"}
			}
		},
		{
			"from": [13.5, 3.5, 12.5],
			"to": [14.5, 4.5, 13.5],
			"rotation": {"angle": 0, "axis": "y", "origin": [-2, -5.5, -2]},
			"faces": {
				"north": {"uv": [0, 0, 16, 16], "texture": "#3"},
				"east": {"uv": [0, 0, 16, 16], "texture": "#3"},
				"south": {"uv": [0, 0, 16, 16], "texture": "#3"},
				"west": {"uv": [0, 0, 16, 16], "texture": "#3"},
				"up": {"uv": [0, 0, 16, 16], "rotation": 90, "texture": "#3"},
				"down": {"uv": [0, 0, 16, 16], "rotation": 270, "texture": "#3"}
			}
		},
		{
			"from": [9.5, 2.5, 5.5],
			"to": [10.5, 3.5, 6.5],
			"faces": {
				"north": {"uv": [0, 0, 16, 16], "texture": "#3"},
				"east": {"uv": [0, 0, 16, 16], "texture": "#3"},
				"south": {"uv": [0, 0, 16, 16], "texture": "#3"},
				"west": {"uv": [0, 0, 16, 16], "texture": "#3"},
				"up": {"uv": [0, 0, 16, 16], "texture": "#3"},
				"down": {"uv": [0, 0, 16, 16], "texture": "#3"}
			}
		},
		{
			"from": [13.5, 2.5, 13.5],
			"to": [14.5, 3.5, 14.5],
			"rotation": {"angle": 0, "axis": "y", "origin": [-2, -5.5, -2]},
			"faces": {
				"north": {"uv": [0, 0, 16, 16], "texture": "#3"},
				"east": {"uv": [0, 0, 16, 16], "texture": "#3"},
				"south": {"uv": [0, 0, 16, 16], "texture": "#3"},
				"west": {"uv": [0, 0, 16, 16], "texture": "#3"},
				"up": {"uv": [0, 0, 16, 16], "rotation": 90, "texture": "#3"},
				"down": {"uv": [0, 0, 16, 16], "rotation": 270, "texture": "#3"}
			}
		},
		{
			"from": [4.5, 1.5, 5.5],
			"to": [5.5, 2.5, 6.5],
			"faces": {
				"north": {"uv": [1, 0, 16, 16], "texture": "#3"},
				"south": {"uv": [0, 0, 15, 16], "texture": "#3"},
				"west": {"uv": [0, 0, 16, 16], "texture": "#3"},
				"up": {"uv": [0, 0, 16, 16], "texture": "#3"}
			}
		},
		{
			"from": [13.5, 1.5, 8.5],
			"to": [14.5, 2.5, 9.5],
			"rotation": {"angle": 0, "axis": "y", "origin": [-2, -5.5, -2]},
			"faces": {
				"north": {"uv": [0, 0, 16, 16], "texture": "#3"},
				"east": {"uv": [1, 0, 16, 16], "texture": "#3"},
				"west": {"uv": [0, 0, 15, 16], "texture": "#3"},
				"up": {"uv": [0, 0, 16, 16], "rotation": 90, "texture": "#3"}
			}
		},
		{
			"from": [2.5, 2.5, 5.5],
			"to": [4.5, 3.5, 6.5],
			"faces": {
				"north": {"uv": [0, 0, 16, 16], "texture": "#3"},
				"east": {"uv": [0, 0, 16, 16], "texture": "#3"},
				"south": {"uv": [0, 0, 16, 16], "texture": "#3"},
				"west": {"uv": [0, 0, 16, 16], "texture": "#3"},
				"up": {"uv": [0, 0, 16, 16], "texture": "#3"},
				"down": {"uv": [0, 0, 16, 16], "texture": "#3"}
			}
		},
		{
			"from": [13.5, 2.5, 6.5],
			"to": [14.5, 3.5, 8.5],
			"rotation": {"angle": 0, "axis": "y", "origin": [-2, -5.5, -2]},
			"faces": {
				"north": {"uv": [0, 0, 16, 16], "texture": "#3"},
				"east": {"uv": [0, 0, 16, 16], "texture": "#3"},
				"south": {"uv": [0, 0, 16, 16], "texture": "#3"},
				"west": {"uv": [0, 0, 16, 16], "texture": "#3"},
				"up": {"uv": [0, 0, 16, 16], "rotation": 90, "texture": "#3"},
				"down": {"uv": [0, 0, 16, 16], "rotation": 270, "texture": "#3"}
			}
		},
		{
			"from": [2.5, 4.5, 5.5],
			"to": [4.5, 5.5, 6.5],
			"faces": {
				"north": {"uv": [0, 0, 16, 16], "texture": "#3"},
				"east": {"uv": [0, 0, 16, 16], "texture": "#3"},
				"south": {"uv": [0, 0, 16, 16], "texture": "#3"},
				"west": {"uv": [0, 0, 16, 16], "texture": "#3"},
				"up": {"uv": [0, 0, 16, 16], "texture": "#3"},
				"down": {"uv": [0, 0, 16, 16], "texture": "#3"}
			}
		},
		{
			"from": [13.5, 4.5, 6.5],
			"to": [14.5, 5.5, 8.5],
			"rotation": {"angle": 0, "axis": "y", "origin": [-2, -5.5, -2]},
			"faces": {
				"north": {"uv": [0, 0, 16, 16], "texture": "#3"},
				"east": {"uv": [0, 0, 16, 16], "texture": "#3"},
				"south": {"uv": [0, 0, 16, 16], "texture": "#3"},
				"west": {"uv": [0, 0, 16, 16], "texture": "#3"},
				"up": {"uv": [0, 0, 16, 16], "rotation": 90, "texture": "#3"},
				"down": {"uv": [0, 0, 16, 16], "rotation": 270, "texture": "#3"}
			}
		},
		{
			"from": [1.5, 5.5, 5.5],
			"to": [2.5, 6.5, 6.5],
			"faces": {
				"north": {"uv": [0, 0, 16, 16], "texture": "#3"},
				"east": {"uv": [0, 0, 16, 16], "texture": "#3"},
				"south": {"uv": [0, 0, 16, 16], "texture": "#3"},
				"west": {"uv": [0, 0, 16, 16], "texture": "#3"},
				"up": {"uv": [0, 0, 16, 16], "texture": "#3"},
				"down": {"uv": [0, 0, 16, 16], "texture": "#3"}
			}
		},
		{
			"from": [13.5, 5.5, 5.5],
			"to": [14.5, 6.5, 6.5],
			"rotation": {"angle": 0, "axis": "y", "origin": [-2, -5.5, -2]},
			"faces": {
				"north": {"uv": [0, 0, 16, 16], "texture": "#3"},
				"east": {"uv": [0, 0, 16, 16], "texture": "#3"},
				"south": {"uv": [0, 0, 16, 16], "texture": "#3"},
				"west": {"uv": [0, 0, 16, 16], "texture": "#3"},
				"up": {"uv": [0, 0, 16, 16], "rotation": 90, "texture": "#3"},
				"down": {"uv": [0, 0, 16, 16], "rotation": 270, "texture": "#3"}
			}
		},
		{
			"from": [0.5, 4.5, 5.5],
			"to": [1.5, 5.5, 6.5],
			"faces": {
				"north": {"uv": [0, 0, 16, 16], "texture": "#3"},
				"east": {"uv": [0, 0, 16, 16], "texture": "#3"},
				"south": {"uv": [0, 0, 16, 16], "texture": "#3"},
				"west": {"uv": [0, 0, 16, 16], "texture": "#3"},
				"up": {"uv": [0, 0, 16, 16], "texture": "#3"},
				"down": {"uv": [0, 0, 16, 16], "texture": "#3"}
			}
		},
		{
			"from": [13.5, 4.5, 4.5],
			"to": [14.5, 5.5, 5.5],
			"rotation": {"angle": 0, "axis": "y", "origin": [-2, -5.5, -2]},
			"faces": {
				"north": {"uv": [0, 0, 16, 16], "texture": "#3"},
				"east": {"uv": [0, 0, 16, 16], "texture": "#3"},
				"south": {"uv": [0, 0, 16, 16], "texture": "#3"},
				"west": {"uv": [0, 0, 16, 16], "texture": "#3"},
				"up": {"uv": [0, 0, 16, 16], "rotation": 90, "texture": "#3"},
				"down": {"uv": [0, 0, 16, 16], "rotation": 270, "texture": "#3"}
			}
		},
		{
			"from": [4, -1.5, 4],
			"to": [8, 0, 8],
			"rotation": {"angle": 0, "axis": "y", "origin": [-2, -5.5, -2]},
			"faces": {
				"north": {"uv": [0, 0, 16, 16], "texture": "#1"},
				"east": {"uv": [0, 0, 16, 16], "texture": "#1"},
				"south": {"uv": [0, 0, 16, 16], "texture": "#1"},
				"west": {"uv": [0, 0, 16, 16], "texture": "#1"},
				"down": {"uv": [0, 0, 4, 4], "texture": "#1"}
			}
		},
		{
			"from": [12, -1.5, 8],
			"to": [16, 0, 12],
			"rotation": {"angle": 0, "axis": "y", "origin": [-2, -5.5, -2]},
			"faces": {
				"north": {"uv": [0, 0, 16, 16], "texture": "#1"},
				"east": {"uv": [0, 0, 16, 16], "texture": "#1"},
				"south": {"uv": [0, 0, 16, 16], "texture": "#1"},
				"west": {"uv": [0, 0, 16, 16], "texture": "#1"},
				"down": {"uv": [0, 0, 4, 4], "rotation": 270, "texture": "#1"}
			}
		}
	],
	"groups": [0, 1,
		{
			"name": "group",
			"origin": [-2, -5.5, -2],
			"children": [2, 3, 4, 5, 6, 7, 8, 9, 10, 11, 12, 13, 14, 15, 16, 17, 18, 19, 20, 21, 22, 23, 24, 25, 26, 27, 28, 29, 30, 31, 32, 33, 34, 35, 36, 37, 38, 39, 40, 41, 42, 43, 44, 45, 46, 47, 48, 49, 50, 51, 52, 53]
		},
		{
			"name": "group",
			"origin": [-2, -5.5, -2],
			"children": []
		},
		{
			"name": "carrots_stage0",
			"origin": [8, 8, 8],
			"children": [
				{
					"name": "group",
					"origin": [0, 0, 0],
					"children": [54, 55]
				},
				{
					"name": "group",
					"origin": [0, 0, 0],
					"children": []
				},
				{
					"name": "hexadecagon",
					"origin": [8, 8, 8],
					"children": []
				}
			]
		}
	]
}