{
	"credit": "Made with Blockbench",
	"ambientocclusion": false,
	"textures": {
		"0": "block/tools/wooden_square",
		"1": "block/tools/iron_square",
		"3": "block/items/rail_corner",
		"particle": "block/tools/wooden_square"
	},
	"elements": [
		{
			"from": [0, 0, 0],
			"to": [4, 1.5, 4],
			"rotation": {"angle": 0, "axis": "y", "origin": [16, 0, 16]},
			"faces": {
				"north": {"uv": [1, 0, 16, 16], "texture": "#0"},
				"west": {"uv": [0, 0, 15, 16], "texture": "#0"},
				"up": {"uv": [1, 1, 16, 16], "rotation": 180, "texture": "#0"},
				"down": {"uv": [1, 0, 16, 15], "rotation": 180, "texture": "#0"}
			}
		},
		{
			"from": [0, 3, 0],
			"to": [16, 3, 16],
			"rotation": {"angle": 0, "axis": "y", "origin": [16, 0, 16]},
			"faces": {
				"up": {"uv": [0, 0, 16, 16], "rotation": 180, "texture": "#3"},
				"down": {"uv": [0, 0, 16, 16], "rotation": 180, "texture": "#3"}
			}
		},
		{
			"from": [0, 0, 4],
			"to": [4, 1.5, 8],
			"rotation": {"angle": 0, "axis": "y", "origin": [16, 0, 16]},
			"faces": {
				"east": {"uv": [0, 0, 16, 16], "texture": "#0"},
				"west": {"uv": [1, 0, 16, 16], "texture": "#0"},
				"up": {"uv": [0, 0, 16, 15], "rotation": 180, "texture": "#0"},
				"down": {"uv": [0, 1, 16, 16], "rotation": 180, "texture": "#0"}
			}
		},
		{
			"from": [4, 0, 0],
			"to": [8, 1.5, 4],
			"rotation": {"angle": 0, "axis": "y", "origin": [16, 0, 16]},
			"faces": {
				"north": {"uv": [0, 0, 15, 16], "texture": "#0"},
				"south": {"uv": [0, 0, 16, 16], "texture": "#0"},
				"up": {"uv": [0, 0, 15, 16], "rotation": 180, "texture": "#0"},
				"down": {"uv": [0, 0, 15, 16], "rotation": 180, "texture": "#0"}
			}
		},
		{
			"from": [12, 0, 4],
			"to": [16, 1.5, 8],
			"rotation": {"angle": 0, "axis": "y", "origin": [16, 0, 16]},
			"faces": {
				"east": {"uv": [0, 0, 15, 16], "texture": "#0"},
				"west": {"uv": [0, 0, 16, 16], "texture": "#0"},
				"up": {"uv": [0, 0, 15, 16], "rotation": 270, "texture": "#0"},
				"down": {"uv": [0, 0, 15, 16], "rotation": 90, "texture": "#0"}
			}
		},
		{
			"from": [12, 0, 0],
			"to": [16, 1.5, 4],
			"rotation": {"angle": 0, "axis": "y", "origin": [16, 0, 16]},
			"faces": {
				"north": {"uv": [0, 0, 15, 16], "texture": "#0"},
				"east": {"uv": [1, 0, 16, 16], "texture": "#0"},
				"up": {"uv": [1, 1, 16, 16], "rotation": 270, "texture": "#0"},
				"down": {"uv": [1, 0, 16, 15], "rotation": 90, "texture": "#0"}
			}
		},
		{
			"from": [8, 0, 0],
			"to": [12, 1.5, 4],
			"rotation": {"angle": 0, "axis": "y", "origin": [16, 0, 16]},
			"faces": {
				"north": {"uv": [1, 0, 16, 16], "texture": "#0"},
				"south": {"uv": [0, 0, 16, 16], "texture": "#0"},
				"up": {"uv": [0, 0, 16, 15], "rotation": 270, "texture": "#0"},
				"down": {"uv": [0, 1, 16, 16], "rotation": 90, "texture": "#0"}
			}
		},
		{
			"from": [8, 0, 12],
			"to": [12, 1.5, 16],
			"rotation": {"angle": 0, "axis": "y", "origin": [16, 0, 16]},
			"faces": {
				"north": {"uv": [0, 0, 16, 16], "texture": "#0"},
				"south": {"uv": [0, 0, 15, 16], "texture": "#0"},
				"up": {"uv": [0, 0, 15, 16], "texture": "#0"},
				"down": {"uv": [0, 0, 15, 16], "texture": "#0"}
			}
		},
		{
			"from": [12, 0, 12],
			"to": [16, 1.5, 16],
			"rotation": {"angle": 0, "axis": "y", "origin": [16, 0, 16]},
			"faces": {
				"east": {"uv": [0, 0, 15, 16], "texture": "#0"},
				"south": {"uv": [1, 0, 16, 16], "texture": "#0"},
				"up": {"uv": [1, 1, 16, 16], "texture": "#0"},
				"down": {"uv": [1, 0, 16, 15], "texture": "#0"}
			}
		},
		{
			"from": [12, 0, 8],
			"to": [16, 1.5, 12],
			"rotation": {"angle": 0, "axis": "y", "origin": [16, 0, 16]},
			"faces": {
				"east": {"uv": [1, 0, 16, 16], "texture": "#0"},
				"west": {"uv": [0, 0, 16, 16], "texture": "#0"},
				"up": {"uv": [0, 0, 16, 15], "texture": "#0"},
				"down": {"uv": [0, 1, 16, 16], "texture": "#0"}
			}
		},
		{
			"from": [16, 1.5, 10],
			"to": [16, 3, 14],
			"rotation": {"angle": 0, "axis": "y", "origin": [16, 0, 16]},
			"faces": {
				"east": {"uv": [0, 0, 16, 16], "texture": "#1"},
				"west": {"uv": [0, 0, 16, 16], "texture": "#1"}
			}
		},
		{
			"from": [10, 1.5, 16],
			"to": [14, 3, 16],
			"rotation": {"angle": 0, "axis": "y", "origin": [16, 0, 16]},
			"faces": {
				"north": {"uv": [0, 0, 16, 16], "texture": "#1"},
				"south": {"uv": [0, 0, 16, 16], "texture": "#1"}
			}
		},
		{
			"from": [2, 1.5, 16],
			"to": [6, 3, 16],
			"rotation": {"angle": 0, "axis": "y", "origin": [16, 0, 16]},
			"faces": {
				"north": {"uv": [0, 0, 16, 16], "texture": "#1"},
				"south": {"uv": [0, 0, 16, 16], "texture": "#1"}
			}
		},
		{
			"from": [16, 1.5, 2],
			"to": [16, 3, 6],
			"rotation": {"angle": 0, "axis": "y", "origin": [16, 0, 16]},
			"faces": {
				"east": {"uv": [0, 0, 16, 16], "texture": "#1"},
				"west": {"uv": [0, 0, 16, 16], "texture": "#1"}
			}
		},
		{
			"from": [0, 0, 8],
			"to": [4, 1.5, 12],
			"rotation": {"angle": 0, "axis": "y", "origin": [16, 0, 16]},
			"faces": {
				"east": {"uv": [0, 0, 16, 16], "texture": "#0"},
				"west": {"uv": [0, 0, 15, 16], "texture": "#0"},
				"up": {"uv": [0, 0, 15, 16], "rotation": 90, "texture": "#0"},
				"down": {"uv": [0, 0, 15, 16], "rotation": 270, "texture": "#0"}
			}
		},
		{
			"from": [0, 0, 12],
			"to": [4, 1.5, 16],
			"rotation": {"angle": 0, "axis": "y", "origin": [16, 0, 16]},
			"faces": {
				"south": {"uv": [0, 0, 15, 16], "texture": "#0"},
				"west": {"uv": [1, 0, 16, 16], "texture": "#0"},
				"up": {"uv": [1, 1, 16, 16], "rotation": 90, "texture": "#0"},
				"down": {"uv": [1, 0, 16, 15], "rotation": 270, "texture": "#0"}
			}
		},
		{
			"from": [4, 0, 12],
			"to": [8, 1.5, 16],
			"rotation": {"angle": 0, "axis": "y", "origin": [16, 0, 16]},
			"faces": {
				"north": {"uv": [0, 0, 16, 16], "texture": "#0"},
				"south": {"uv": [1, 0, 16, 16], "texture": "#0"},
				"up": {"uv": [0, 0, 16, 15], "rotation": 90, "texture": "#0"},
				"down": {"uv": [0, 1, 16, 16], "rotation": 270, "texture": "#0"}
			}
		},
		{
			"name": "hexadecagon",
			"from": [15.60218, 1.5, 14],
			"to": [15.99782, 3, 14],
			"rotation": {"angle": 0, "axis": "y", "origin": [16, 2, 16]},
			"faces": {
				"north": {"uv": [1, 0, 15, 15], "texture": "#1"},
				"south": {"uv": [1, 0, 15, 15], "texture": "#1"}
			}
		},
		{
			"name": "hexadecagon",
			"from": [15.60218, 1.5, 14],
			"to": [16.39782, 3, 14],
			"rotation": {"angle": 22.5, "axis": "y", "origin": [16, 2, 16]},
			"faces": {
				"north": {"uv": [1, 0, 15, 15], "texture": "#1"},
				"south": {"uv": [1, 0, 15, 15], "texture": "#1"}
			}
		},
		{
			"name": "hexadecagon",
			"from": [15.60218, 1.5, 14],
			"to": [16.39782, 3, 14],
			"rotation": {"angle": 45, "axis": "y", "origin": [16, 2, 16]},
			"faces": {
				"north": {"uv": [1, 0, 15, 15], "texture": "#1"},
				"south": {"uv": [1, 0, 15, 15], "texture": "#1"}
			}
		},
		{
			"name": "hexadecagon",
			"from": [14, 1.5, 15.60218],
			"to": [14, 3, 16.39782],
			"rotation": {"angle": -22.5, "axis": "y", "origin": [16, 2, 16]},
			"faces": {
				"east": {"uv": [1, 0, 15, 15], "texture": "#1"},
				"west": {"uv": [1, 0, 15, 15], "texture": "#1"}
			}
		},
		{
			"name": "hexadecagon",
			"from": [14, 1.5, 15.60218],
			"to": [14, 3, 15.99782],
			"rotation": {"angle": 0, "axis": "y", "origin": [16, 2, 16]},
			"faces": {
				"east": {"uv": [1, 0, 15, 15], "texture": "#1"},
				"west": {"uv": [1, 0, 15, 15], "texture": "#1"}
			}
		},
		{
			"name": "hexadecagon",
			"from": [14.80653, 1.5, 10],
			"to": [15.99347, 3, 10],
			"rotation": {"angle": 0, "axis": "y", "origin": [16, 2, 16]},
			"faces": {
				"north": {"uv": [1, 0, 15, 15], "texture": "#1"},
				"south": {"uv": [1, 0, 15, 15], "texture": "#1"}
			}
		},
		{
			"name": "hexadecagon",
			"from": [14.80653, 1.5, 10],
			"to": [17.19347, 3, 10],
			"rotation": {"angle": 22.5, "axis": "y", "origin": [16, 2, 16]},
			"faces": {
				"north": {"uv": [1, 0, 15, 15], "texture": "#1"},
				"south": {"uv": [1, 0, 15, 15], "texture": "#1"}
			}
		},
		{
			"name": "hexadecagon",
			"from": [14.80653, 1.5, 10],
			"to": [17.19347, 3, 10],
			"rotation": {"angle": 45, "axis": "y", "origin": [16, 2, 16]},
			"faces": {
				"north": {"uv": [1, 0, 15, 15], "texture": "#1"},
				"south": {"uv": [1, 0, 15, 15], "texture": "#1"}
			}
		},
		{
			"name": "hexadecagon",
			"from": [10, 1.5, 14.80653],
			"to": [10, 3, 17.19347],
			"rotation": {"angle": -22.5, "axis": "y", "origin": [16, 2, 16]},
			"faces": {
				"east": {"uv": [1, 0, 15, 15], "texture": "#1"},
				"west": {"uv": [1, 0, 15, 15], "texture": "#1"}
			}
		},
		{
			"name": "hexadecagon",
			"from": [10, 1.5, 14.80653],
			"to": [10, 3, 15.99347],
			"rotation": {"angle": 0, "axis": "y", "origin": [16, 2, 16]},
			"faces": {
				"east": {"uv": [1, 0, 15, 15], "texture": "#1"},
				"west": {"uv": [1, 0, 15, 15], "texture": "#1"}
			}
		},
		{
			"name": "hexadecagon",
			"from": [13.21523, 1.5, 2],
			"to": [15.98477, 3, 2],
			"rotation": {"angle": 0, "axis": "y", "origin": [16, 2, 16]},
			"faces": {
				"north": {"uv": [1, 0, 15, 15], "texture": "#1"},
				"south": {"uv": [1, 0, 15, 15], "texture": "#1"}
			}
		},
		{
			"name": "hexadecagon",
			"from": [13.21523, 1.5, 2],
			"to": [18.78477, 3, 2],
			"rotation": {"angle": 22.5, "axis": "y", "origin": [16, 2, 16]},
			"faces": {
				"north": {"uv": [1, 0, 15, 15], "texture": "#1"},
				"south": {"uv": [1, 0, 15, 15], "texture": "#1"}
			}
		},
		{
			"name": "hexadecagon",
			"from": [13.21523, 1.5, 2],
			"to": [18.78477, 3, 2],
			"rotation": {"angle": 45, "axis": "y", "origin": [16, 2, 16]},
			"faces": {
				"north": {"uv": [1, 0, 15, 15], "texture": "#1"},
				"south": {"uv": [1, 0, 15, 15], "texture": "#1"}
			}
		},
		{
			"name": "hexadecagon",
			"from": [2, 1.5, 13.21523],
			"to": [2, 3, 18.78477],
			"rotation": {"angle": -22.5, "axis": "y", "origin": [16, 2, 16]},
			"faces": {
				"east": {"uv": [1, 0, 15, 15], "texture": "#1"},
				"west": {"uv": [1, 0, 15, 15], "texture": "#1"}
			}
		},
		{
			"name": "hexadecagon",
			"from": [2, 1.5, 13.21523],
			"to": [2, 3, 15.98477],
			"rotation": {"angle": 0, "axis": "y", "origin": [16, 2, 16]},
			"faces": {
				"east": {"uv": [1, 0, 15, 15], "texture": "#1"},
				"west": {"uv": [1, 0, 15, 15], "texture": "#1"}
			}
		},
		{
			"name": "hexadecagon",
			"from": [14.01088, 1.5, 6],
			"to": [15.98912, 3, 6],
			"rotation": {"angle": 0, "axis": "y", "origin": [16, 2, 16]},
			"faces": {
				"north": {"uv": [1, 0, 15, 15], "texture": "#1"},
				"south": {"uv": [1, 0, 15, 15], "texture": "#1"}
			}
		},
		{
			"name": "hexadecagon",
			"from": [14.01088, 1.5, 6],
			"to": [17.98912, 3, 6],
			"rotation": {"angle": 22.5, "axis": "y", "origin": [16, 2, 16]},
			"faces": {
				"north": {"uv": [1, 0, 15, 15], "texture": "#1"},
				"south": {"uv": [1, 0, 15, 15], "texture": "#1"}
			}
		},
		{
			"name": "hexadecagon",
			"from": [14.01088, 1.5, 6],
			"to": [17.98912, 3, 6],
			"rotation": {"angle": 45, "axis": "y", "origin": [16, 2, 16]},
			"faces": {
				"north": {"uv": [1, 0, 15, 15], "texture": "#1"},
				"south": {"uv": [1, 0, 15, 15], "texture": "#1"}
			}
		},
		{
			"name": "hexadecagon",
			"from": [6, 1.5, 14.01088],
			"to": [6, 3, 17.98912],
			"rotation": {"angle": -22.5, "axis": "y", "origin": [16, 2, 16]},
			"faces": {
				"east": {"uv": [1, 0, 15, 15], "texture": "#1"},
				"west": {"uv": [1, 0, 15, 15], "texture": "#1"}
			}
		},
		{
			"name": "hexadecagon",
			"from": [6, 1.5, 14.01088],
			"to": [6, 3, 15.98912],
			"rotation": {"angle": 0, "axis": "y", "origin": [16, 2, 16]},
			"faces": {
				"east": {"uv": [1, 0, 15, 15], "texture": "#1"},
				"west": {"uv": [1, 0, 15, 15], "texture": "#1"}
			}
		}
	],
	"groups": [0, 1, 2, 3, 4, 5, 6, 7, 8, 9, 10, 11, 12, 13, 14, 15, 16,
		{
			"name": "hexadecagon",
			"origin": [8, 8, 8],
			"color": 0,
			"children": [17, 18, 19, 20, 21]
		},
		{
			"name": "hexadecagon",
			"origin": [8, 8, 8],
			"color": 0,
			"children": [22, 23, 24, 25, 26]
		},
		{
			"name": "hexadecagon",
			"origin": [8, 8, 8],
			"color": 0,
			"children": [27, 28, 29, 30, 31]
		},
		{
			"name": "hexadecagon",
			"origin": [8, 8, 8],
			"color": 0,
			"children": [32, 33, 34, 35, 36]
		}
	]
}