{
	"credit": "Made with Blockbench",
	"ambientocclusion": false,
	"textures": {
		"0": "block/tools/wooden_square",
		"1": "block/tools/iron_square",
		"2": "block/items/rail_B",
		"particle": "block/tools/wooden_square"
	},
	"elements": [
		{
			"from": [0, 11.2, 23.2],
			"to": [8, 12.7, 27.2],
			"rotation": {"angle": -45, "axis": "x", "origin": [16, 0, 16]},
			"faces": {
				"north": {"uv": [0, 0, 16, 16], "texture": "#0"},
				"south": {"uv": [0, 0, 16, 16], "texture": "#0"},
				"west": {"uv": [0, 0, 16, 16], "texture": "#0"},
				"up": {"uv": [16, 16, 0, 0], "texture": "#0"},
				"down": {"uv": [16, 16, 0, 0], "texture": "#0"}
			}
		},
		{
			"from": [0, 11.2, 15.3],
			"to": [8, 12.7, 19.3],
			"rotation": {"angle": -45, "axis": "x", "origin": [16, 0, 16]},
			"faces": {
				"north": {"uv": [0, 0, 16, 16], "texture": "#0"},
				"south": {"uv": [0, 0, 16, 16], "texture": "#0"},
				"west": {"uv": [0, 0, 16, 16], "texture": "#0"},
				"up": {"uv": [16, 16, 0, 0], "texture": "#0"},
				"down": {"uv": [16, 16, 0, 0], "texture": "#0"}
			}
		},
		{
			"from": [8, 11.2, 15.3],
			"to": [16, 12.7, 19.3],
			"rotation": {"angle": -45, "axis": "x", "origin": [16, 0, 16]},
			"faces": {
				"north": {"uv": [0, 0, 16, 16], "texture": "#0"},
				"east": {"uv": [0, 0, 16, 16], "texture": "#0"},
				"south": {"uv": [0, 0, 16, 16], "texture": "#0"},
				"up": {"uv": [16, 16, 0, 0], "texture": "#0"},
				"down": {"uv": [16, 16, 0, 0], "texture": "#0"}
			}
		},
		{
			"from": [0, 11.2, 7.6],
			"to": [8, 12.7, 11.6],
			"rotation": {"angle": -45, "axis": "x", "origin": [16, 0, 16]},
			"faces": {
				"north": {"uv": [0, 0, 16, 16], "texture": "#0"},
				"south": {"uv": [0, 0, 16, 16], "texture": "#0"},
				"west": {"uv": [0, 0, 16, 16], "texture": "#0"},
				"up": {"uv": [16, 16, 0, 0], "texture": "#0"},
				"down": {"uv": [16, 16, 0, 0], "texture": "#0"}
			}
		},
		{
			"from": [8, 11.2, 7.6],
			"to": [16, 12.7, 11.6],
			"rotation": {"angle": -45, "axis": "x", "origin": [16, 0, 16]},
			"faces": {
				"north": {"uv": [0, 0, 16, 16], "texture": "#0"},
				"east": {"uv": [0, 0, 16, 16], "texture": "#0"},
				"south": {"uv": [0, 0, 16, 16], "texture": "#0"},
				"up": {"uv": [16, 16, 0, 0], "texture": "#0"},
				"down": {"uv": [16, 16, 0, 0], "texture": "#0"}
			}
		},
		{
			"from": [8, 11.2, 23.2],
			"to": [16, 12.7, 27.2],
			"rotation": {"angle": -45, "axis": "x", "origin": [16, 0, 16]},
			"faces": {
				"north": {"uv": [0, 0, 16, 16], "texture": "#0"},
				"east": {"uv": [0, 0, 16, 16], "texture": "#0"},
				"south": {"uv": [0, 0, 16, 16], "texture": "#0"},
				"up": {"uv": [16, 16, 0, 0], "texture": "#0"},
				"down": {"uv": [16, 16, 0, 0], "texture": "#0"}
			}
		},
		{
			"from": [10, 12.7, 17.3],
			"to": [14, 14.2, 27.2],
			"rotation": {"angle": -45, "axis": "x", "origin": [16, 0, 16]},
			"faces": {
				"east": {"uv": [0, 0, 15, 16], "texture": "#1"},
				"south": {"uv": [0, 0, 16, 16], "texture": "#1"},
				"west": {"uv": [1, 0, 16, 16], "texture": "#1"},
				"up": {"uv": [16, 15, 0, 0], "texture": "#1"},
				"down": {"uv": [16, 16, 0, 1], "texture": "#1"}
			}
		},
		{
			"from": [10, 14.2, 7.6],
			"to": [14, 14.2, 11.6],
			"rotation": {"angle": -45, "axis": "x", "origin": [16, 0, 16]},
			"faces": {
				"up": {"uv": [16, 16, 0, 1], "texture": "#2"}
			}
		},
		{
			"from": [10, 14.2, 11.6],
			"to": [14, 14.2, 17.3],
			"rotation": {"angle": -45, "axis": "x", "origin": [16, 0, 16]},
			"faces": {
				"up": {"uv": [16, 15, 0, 1], "texture": "#1"}
			}
		},
		{
			"from": [2, 14.2, 17.2],
			"to": [6, 14.2, 23.2],
			"rotation": {"angle": -45, "axis": "x", "origin": [16, 0, 16]},
			"faces": {
				"up": {"uv": [16, 15, 0, 1], "texture": "#1"}
			}
		},
		{
			"from": [2, 14.2, 23.2],
			"to": [6, 14.2, 27.2],
			"rotation": {"angle": -45, "axis": "x", "origin": [16, 0, 16]},
			"faces": {
				"up": {"uv": [16, 16, 0, 1], "rotation": 180, "texture": "#2"}
			}
		},
		{
			"from": [2, 12.7, 17.2],
			"to": [6, 14.2, 27.2],
			"rotation": {"angle": -45, "axis": "x", "origin": [16, 0, 16]},
			"faces": {
				"east": {"uv": [0, 0, 15, 16], "texture": "#1"},
				"south": {"uv": [0, 0, 16, 16], "texture": "#1"},
				"west": {"uv": [1, 0, 16, 16], "texture": "#1"},
				"down": {"uv": [16, 16, 0, 1], "texture": "#1"}
			}
		},
		{
			"from": [2, 12.7, 7.6],
			"to": [6, 14.2, 17.2],
			"rotation": {"angle": -45, "axis": "x", "origin": [16, 0, 16]},
			"faces": {
				"north": {"uv": [0, 0, 16, 16], "texture": "#1"},
				"east": {"uv": [1, 0, 16, 16], "texture": "#1"},
				"west": {"uv": [0, 0, 15, 16], "texture": "#1"},
				"up": {"uv": [16, 16, 0, 1], "texture": "#1"},
				"down": {"uv": [16, 15, 0, 0], "texture": "#1"}
			}
		},
		{
			"from": [10, 12.7, 7.6],
			"to": [14, 14.2, 17.3],
			"rotation": {"angle": -45, "axis": "x", "origin": [16, 0, 16]},
			"faces": {
				"north": {"uv": [0, 0, 16, 16], "texture": "#1"},
				"east": {"uv": [1, 0, 16, 16], "texture": "#1"},
				"west": {"uv": [0, 0, 15, 16], "texture": "#1"},
				"down": {"uv": [16, 15, 0, 0], "texture": "#1"}
			}
		}
	]
}