{
	"credit": "Made with Blockbench",
	"ambientocclusion": false,
	"textures": {
		"0": "block/torch/torch_redstone_off",
		"2": "block/torch/torch_base",
		"3": "block/torch/torch_B_redstone_off",
		"particle": "block/torch/torch_base"
	},
	"elements": [
		{
			"from": [7.96, 0, 7.96],
			"to": [12.04, 4, 12.04],
			"rotation": {"angle": 0, "axis": "y", "origin": [6, -4, 0]},
			"faces": {
				"north": {"uv": [0, 0, 4.08, 4], "texture": "#2"},
				"east": {"uv": [0, 0, 4.08, 4], "texture": "#2"},
				"south": {"uv": [0, 0, 4.08, 4], "texture": "#2"},
				"west": {"uv": [0, 0, 4.08, 4], "texture": "#2"},
				"up": {"uv": [0, 0, 4.08, 4.08], "rotation": 180, "texture": "#2"},
				"down": {"uv": [0, 0, 4.08, 4.08], "rotation": 180, "texture": "#2"}
			}
		},
		{
			"from": [7.96, 4, 7.96],
			"to": [12.04, 8, 12.04],
			"rotation": {"angle": 0, "axis": "y", "origin": [6, -4, 0]},
			"faces": {
				"north": {"uv": [0, 0, 4.08, 4], "texture": "#2"},
				"east": {"uv": [0, 0, 4.08, 4], "texture": "#2"},
				"south": {"uv": [0, 0, 4.08, 4], "texture": "#2"},
				"west": {"uv": [0, 0, 4.08, 4], "texture": "#2"},
				"up": {"uv": [0, 0, 4.08, 4.08], "rotation": 180, "texture": "#2"},
				"down": {"uv": [0, 0, 4.08, 4.08], "rotation": 180, "texture": "#2"}
			}
		},
		{
			"from": [7.96, 8, 7.96],
			"to": [12.04, 12, 12.04],
			"rotation": {"angle": 0, "axis": "y", "origin": [6, -4, 0]},
			"faces": {
				"north": {"uv": [0, 0, 4.08, 4], "texture": "#0"},
				"east": {"uv": [0, 0, 4.08, 4], "texture": "#0"},
				"south": {"uv": [0, 0, 4.08, 4], "texture": "#0"},
				"west": {"uv": [0, 0, 4.08, 4], "texture": "#0"},
				"up": {"uv": [0, 0, 4.08, 4.08], "rotation": 180, "texture": "#0"},
				"down": {"uv": [0, 0, 4.08, 4.08], "rotation": 180, "texture": "#0"}
			}
		},
		{
			"from": [8, 12.8, 8],
			"to": [12, 12.8, 12],
			"rotation": {"angle": 0, "axis": "y", "origin": [6, -4, 0]},
			"faces": {
				"north": {"uv": [0, 0, 4.08, 4], "texture": "#3"},
				"east": {"uv": [0, 0, 4.08, 4], "texture": "#3"},
				"south": {"uv": [0, 0, 4.08, 4], "texture": "#3"},
				"west": {"uv": [0, 0, 4.08, 4], "texture": "#3"},
				"up": {"uv": [0, 0, 4, 4], "rotation": 180, "texture": "#3"},
				"down": {"uv": [0, 0, 4.08, 4.08], "rotation": 180, "texture": "#3"}
			}
		},
		{
			"from": [7.96, -1.3, 7.96],
			"to": [12.04, 0, 12.04],
			"rotation": {"angle": 0, "axis": "y", "origin": [6, -4, 0]},
			"faces": {
				"north": {"uv": [0, 0, 4.08, 1.3], "texture": "#2"},
				"east": {"uv": [0, 0, 4.08, 1.3], "texture": "#2"},
				"south": {"uv": [0, 0, 4.08, 1.3], "texture": "#2"},
				"west": {"uv": [0, 0, 4.08, 1.3], "texture": "#2"},
				"up": {"uv": [0, 0, 4.08, 4.08], "rotation": 180, "texture": "#2"},
				"down": {"uv": [0, 0, 4.08, 4.08], "rotation": 180, "texture": "#2"}
			}
		},
		{
			"name": "hexadecagon",
			"from": [9.76131, 12, 8.8],
			"to": [10.23869, 12.8, 11.2],
			"rotation": {"angle": -45, "axis": "y", "origin": [10, 12.5, 10]},
			"faces": {
				"north": {"uv": [0, 0, 0.47739, 0.8], "texture": "#0"},
				"south": {"uv": [0, 0, 0.47739, 0.8], "texture": "#0"}
			}
		},
		{
			"name": "hexadecagon",
			"from": [9.76131, 12, 8.8],
			"to": [10.23869, 12.8, 11.2],
			"rotation": {"angle": -22.5, "axis": "y", "origin": [10, 12.5, 10]},
			"faces": {
				"north": {"uv": [0, 0, 0.47739, 0.8], "texture": "#0"},
				"south": {"uv": [0, 0, 0.47739, 0.8], "texture": "#0"}
			}
		},
		{
			"name": "hexadecagon",
			"from": [9.76131, 12, 8.8],
			"to": [10.23869, 12.8, 11.2],
			"rotation": {"angle": 0, "axis": "y", "origin": [10, 12.5, 10]},
			"faces": {
				"north": {"uv": [0, 0, 0.47739, 0.8], "texture": "#0"},
				"south": {"uv": [0, 0, 0.47739, 0.8], "texture": "#0"}
			}
		},
		{
			"name": "hexadecagon",
			"from": [9.76131, 12, 8.8],
			"to": [10.23869, 12.8, 11.2],
			"rotation": {"angle": 22.5, "axis": "y", "origin": [10, 12.5, 10]},
			"faces": {
				"north": {"uv": [0, 0, 0.47739, 0.8], "texture": "#0"},
				"south": {"uv": [0, 0, 0.47739, 0.8], "texture": "#0"}
			}
		},
		{
			"name": "hexadecagon",
			"from": [9.76131, 12, 8.8],
			"to": [10.23869, 12.8, 11.2],
			"rotation": {"angle": 45, "axis": "y", "origin": [10, 12.5, 10]},
			"faces": {
				"north": {"uv": [0, 0, 0.47739, 0.8], "texture": "#0"},
				"south": {"uv": [0, 0, 0.47739, 0.8], "texture": "#0"}
			}
		},
		{
			"name": "hexadecagon",
			"from": [8.8, 12, 9.76131],
			"to": [11.2, 12.8, 10.23869],
			"rotation": {"angle": -22.5, "axis": "y", "origin": [10, 12.5, 10]},
			"faces": {
				"east": {"uv": [0, 0, 1, 1], "texture": "#0"},
				"west": {"uv": [0, 0, 1, 1], "texture": "#0"}
			}
		},
		{
			"name": "hexadecagon",
			"from": [8.8, 12, 9.76131],
			"to": [11.2, 12.8, 10.23869],
			"rotation": {"angle": 0, "axis": "y", "origin": [10, 12.5, 10]},
			"faces": {
				"east": {"uv": [0, 0, 1, 1], "texture": "#0"},
				"west": {"uv": [0, 0, 1, 1], "texture": "#0"}
			}
		},
		{
			"name": "hexadecagon",
			"from": [8.8, 12, 9.76131],
			"to": [11.2, 12.8, 10.23869],
			"rotation": {"angle": 22.5, "axis": "y", "origin": [10, 12.5, 10]},
			"faces": {
				"east": {"uv": [0, 0, 1, 1], "texture": "#0"},
				"west": {"uv": [0, 0, 1, 1], "texture": "#0"}
			}
		}
	],
	"display": {
		"thirdperson_righthand": {
			"translation": [0, 4, 0]
		},
		"thirdperson_lefthand": {
			"translation": [0, 4, 0]
		},
		"firstperson_righthand": {
			"rotation": [4, 2, 4],
			"translation": [-3, 2.75, 0.25],
			"scale": [0.8, 0.8, 0.61]
		},
		"gui": {
			"rotation": [0, -45, -45],
			"translation": [1.5, 3, 0]
		}
	},
	"groups": [0, 1, 2, 3, 4,
		{
			"name": "hexadecagon",
			"origin": [8, 8, 8],
			"children": [5, 6, 7, 8, 9, 10, 11, 12]
		}
	]
}