{
	"credit": "Made with Blockbench",
	"ambientocclusion": false,
	"textures": {
		"0": "block/redstone_dust",
		"particle": "block/redstone_dust_B"
	},
	"elements": [
		{
			"from": [8, 1.6, 8],
			"to": [12, 3, 12],
			"faces": {
				"north": {"uv": [0, 0, 4, 1.4], "texture": "#0", "tintindex": 0},
				"east": {"uv": [0, 0, 4, 1.4], "texture": "#0", "tintindex": 0},
				"south": {"uv": [0, 0, 4, 1.4], "texture": "#0", "tintindex": 0},
				"west": {"uv": [0, 0, 4, 1.4], "texture": "#0", "tintindex": 0},
				"up": {"uv": [0, 0, 4, 4], "texture": "#0", "tintindex": 0},
				"down": {"uv": [0, 0, 4, 4], "texture": "#0", "tintindex": 0}
			}
		},
		{
			"from": [8, 0, 8],
			"to": [12, 1.6, 16],
			"faces": {
				"north": {"uv": [0, 0, 4, 1.6], "texture": "#0", "tintindex": 0},
				"east": {"uv": [0, 0, 8, 1.6], "texture": "#0", "tintindex": 0},
				"south": {"uv": [0, 0, 4, 1.6], "texture": "#0", "tintindex": 0},
				"west": {"uv": [0, 0, 8, 1.6], "texture": "#0", "tintindex": 0},
				"up": {"uv": [0, 0, 4, 8], "texture": "#0", "tintindex": 0},
				"down": {"uv": [0, 0, 4, 8], "texture": "#0", "tintindex": 0}
			}
		}
	]
}