{
	"credit": "Made with Blockbench",
	"ambientocclusion": false,
	"textures": {
		"0": "block/redstone_dust",
		"1": "block/redstone_dust_B",
		"particle": "block/redstone_dust_B"
	},
	"elements": [
		{
			"from": [4, 0, 1.6],
			"to": [8, 8, 3],
			"shade": false,
			"rotation": {"angle": 0, "axis": "y", "origin": [0, 0, 1.5]},
			"faces": {
				"north": {"uv": [4, 0, 0, 8], "texture": "#0", "tintindex": 0},
				"east": {"uv": [0, 0, 1.4, 8], "texture": "#0", "tintindex": 0},
				"south": {"uv": [0, 0, 4, 8], "texture": "#0", "tintindex": 0},
				"west": {"uv": [0, 0, 1.4, 8], "texture": "#0", "tintindex": 0},
				"up": {"uv": [0, 0, 4, 1.4], "texture": "#0", "tintindex": 0},
				"down": {"uv": [0, 0, 4, 1.4], "texture": "#0", "tintindex": 0}
			}
		},
		{
			"from": [4, 12, 1.6],
			"to": [8, 16, 3],
			"shade": false,
			"rotation": {"angle": 0, "axis": "y", "origin": [0, 0, 1.5]},
			"faces": {
				"north": {"uv": [4, 0, 0, 4], "texture": "#0", "tintindex": 0},
				"east": {"uv": [0, 0, 1.4, 4], "texture": "#0", "tintindex": 0},
				"south": {"uv": [0, 0, 4, 4], "texture": "#0", "tintindex": 0},
				"west": {"uv": [0, 0, 1.4, 4], "texture": "#0", "tintindex": 0},
				"up": {"uv": [0, 0, 4, 1.4], "texture": "#0", "tintindex": 0},
				"down": {"uv": [0, 0, 4, 1.4], "texture": "#0", "tintindex": 0}
			}
		},
		{
			"from": [4, 0, 0],
			"to": [8, 16, 1.6],
			"shade": false,
			"rotation": {"angle": 0, "axis": "y", "origin": [0, 0, 1.5]},
			"faces": {
				"north": {"uv": [4, 0, 0, 16], "texture": "#0", "tintindex": 0},
				"east": {"uv": [0, 0, 1.6, 16], "texture": "#0", "tintindex": 0},
				"south": {"uv": [0, 0, 4, 16], "texture": "#0", "tintindex": 0},
				"west": {"uv": [0, 0, 1.6, 16], "texture": "#0", "tintindex": 0},
				"up": {"uv": [0, 0, 4, 1.6], "texture": "#0", "tintindex": 0},
				"down": {"uv": [0, 0, 4, 1.6], "texture": "#0", "tintindex": 0}
			}
		},
		{
			"from": [4, 8, 2.4],
			"to": [8, 12, 2.4],
			"rotation": {"angle": 0, "axis": "y", "origin": [0, 0, 1.5]},
			"faces": {
				"north": {"uv": [0, 0, 4, 4], "texture": "#1", "tintindex": 0},
				"east": {"uv": [0, 0, 0, 4], "texture": "#1"},
				"south": {"uv": [0, 0, 4, 4], "texture": "#1", "tintindex": 0},
				"west": {"uv": [0, 0, 0, 4], "texture": "#1"},
				"up": {"uv": [0, 0, 4, 0], "texture": "#1"},
				"down": {"uv": [0, 0, 4, 0], "texture": "#1"}
			}
		},
		{
			"name": "hexadecagon",
			"from": [5.76131, 8.8, 1.6],
			"to": [6.23869, 11.2, 2.4],
			"rotation": {"angle": -45, "axis": "z", "origin": [6, 10, 2.1]},
			"faces": {
				"up": {"uv": [0, 0, 1, 1], "texture": "#0", "tintindex": 0},
				"down": {"uv": [0, 0, 1, 1], "texture": "#0", "tintindex": 0}
			}
		},
		{
			"name": "hexadecagon",
			"from": [5.76131, 8.8, 1.6],
			"to": [6.23869, 11.2, 2.4],
			"rotation": {"angle": -22.5, "axis": "z", "origin": [6, 10, 2.1]},
			"faces": {
				"up": {"uv": [0, 0, 1, 1], "texture": "#0", "tintindex": 0},
				"down": {"uv": [0, 0, 1, 1], "texture": "#0", "tintindex": 0}
			}
		},
		{
			"name": "hexadecagon",
			"from": [5.76131, 8.8, 1.6],
			"to": [6.23869, 11.2, 2.4],
			"rotation": {"angle": 0, "axis": "z", "origin": [6, 10, 2.1]},
			"faces": {
				"up": {"uv": [0, 0, 1, 1], "texture": "#0", "tintindex": 0},
				"down": {"uv": [0, 0, 1, 1], "texture": "#0", "tintindex": 0}
			}
		},
		{
			"name": "hexadecagon",
			"from": [5.76131, 8.8, 1.6],
			"to": [6.23869, 11.2, 2.4],
			"rotation": {"angle": 22.5, "axis": "z", "origin": [6, 10, 2.1]},
			"faces": {
				"up": {"uv": [0, 0, 1, 1], "texture": "#0", "tintindex": 0},
				"down": {"uv": [0, 0, 1, 1], "texture": "#0", "tintindex": 0}
			}
		},
		{
			"name": "hexadecagon",
			"from": [5.76131, 8.8, 1.6],
			"to": [6.23869, 11.2, 2.4],
			"rotation": {"angle": 45, "axis": "z", "origin": [6, 10, 2.1]},
			"faces": {
				"up": {"uv": [0, 0, 1, 1], "texture": "#0", "tintindex": 0},
				"down": {"uv": [0, 0, 1, 1], "texture": "#0", "tintindex": 0}
			}
		},
		{
			"name": "hexadecagon",
			"from": [4.8, 9.76131, 1.6],
			"to": [7.2, 10.23869, 2.4],
			"rotation": {"angle": -22.5, "axis": "z", "origin": [6, 10, 2.1]},
			"faces": {
				"east": {"uv": [0, 0, 1, 1], "texture": "#0", "tintindex": 0},
				"west": {"uv": [0, 0, 1, 1], "texture": "#0", "tintindex": 0}
			}
		},
		{
			"name": "hexadecagon",
			"from": [4.8, 9.76131, 1.6],
			"to": [7.2, 10.23869, 2.4],
			"rotation": {"angle": 0, "axis": "z", "origin": [6, 10, 2.1]},
			"faces": {
				"east": {"uv": [0, 0, 1, 1], "texture": "#0", "tintindex": 0},
				"west": {"uv": [0, 0, 1, 1], "texture": "#0", "tintindex": 0}
			}
		},
		{
			"name": "hexadecagon",
			"from": [4.8, 9.76131, 1.6],
			"to": [7.2, 10.23869, 2.4],
			"rotation": {"angle": 22.5, "axis": "z", "origin": [6, 10, 2.1]},
			"faces": {
				"east": {"uv": [0, 0, 1, 1], "texture": "#0", "tintindex": 0},
				"west": {"uv": [0, 0, 1, 1], "texture": "#0", "tintindex": 0}
			}
		}
	],
	"groups": [0, 1, 2, 3,
		{
			"name": "hexadecagon",
			"origin": [8, 8, 8],
			"children": [4, 5, 6, 7, 8, 9, 10, 11]
		}
	]
}