{
	"credit": "Made with Blockbench",
	"ambientocclusion": false,
	"textures": {
		"0": "block/redstone_dust",
		"1": "block/redstone_dust_B",
		"particle": "block/redstone_dust_B"
	},
	"elements": [
		{
			"from": [8, 1.6, 4],
			"to": [12, 3, 8],
			"rotation": {"angle": 0, "axis": "y", "origin": [0, 1.5, 0]},
			"faces": {
				"north": {"uv": [0, 0, 4, 1.4], "texture": "#0", "tintindex": 0},
				"east": {"uv": [0, 0, 4, 1.4], "texture": "#0", "tintindex": 0},
				"south": {"uv": [0, 0, 4, 1.4], "texture": "#0", "tintindex": 0},
				"west": {"uv": [0, 0, 4, 1.4], "texture": "#0", "tintindex": 0},
				"up": {"uv": [0, 0, 4, 4], "texture": "#0", "tintindex": 0}
			}
		},
		{
			"from": [8, 0, 8],
			"to": [12, 1.6, 12],
			"rotation": {"angle": 0, "axis": "y", "origin": [0, 1.5, 0]},
			"faces": {
				"east": {"uv": [0, 0, 4, 1.4], "texture": "#0", "tintindex": 0},
				"south": {"uv": [0, 0, 4, 1.4], "texture": "#0", "tintindex": 0},
				"west": {"uv": [0, 0, 4, 1.4], "texture": "#0", "tintindex": 0},
				"up": {"uv": [0, 0, 4, 4], "texture": "#0", "tintindex": 0},
				"down": {"uv": [0, 0, 4, 4], "texture": "#0", "tintindex": 0}
			}
		},
		{
			"from": [8, 0, 0],
			"to": [12, 1.6, 8],
			"rotation": {"angle": 0, "axis": "y", "origin": [0, 1.5, 0]},
			"faces": {
				"north": {"uv": [0, 0, 4, 1.6], "texture": "#0", "tintindex": 0},
				"east": {"uv": [0, 0, 8, 1.6], "texture": "#0", "tintindex": 0},
				"west": {"uv": [0, 0, 8, 1.6], "texture": "#0", "tintindex": 0},
				"up": {"uv": [0, 0, 4, 8], "texture": "#0", "tintindex": 0},
				"down": {"uv": [0, 0, 4, 8], "texture": "#0", "tintindex": 0}
			}
		},
		{
			"from": [8, 2.4, 0],
			"to": [12, 2.4, 4],
			"rotation": {"angle": 0, "axis": "y", "origin": [0, 1.5, 0]},
			"faces": {
				"up": {"uv": [0, 0, 4, 4], "texture": "#1", "tintindex": 0},
				"down": {"uv": [0, 0, 4, 4], "texture": "#1", "tintindex": 0}
			}
		},
		{
			"from": [8, 2.4, 8],
			"to": [12, 2.4, 12],
			"rotation": {"angle": 0, "axis": "y", "origin": [0, 1.5, 0]},
			"faces": {
				"up": {"uv": [0, 0, 4, 4], "texture": "#1", "tintindex": 0},
				"down": {"uv": [0, 0, 4, 4], "texture": "#1", "tintindex": 0}
			}
		},
		{
			"name": "hexadecagon",
			"from": [9.76131, 1.6, 0.8],
			"to": [10.23869, 2.4, 3.2],
			"rotation": {"angle": -45, "axis": "y", "origin": [10, 2.1, 2]},
			"faces": {
				"north": {"uv": [0, 0, 1, 1], "texture": "#0", "tintindex": 0},
				"south": {"uv": [0, 0, 1, 1], "texture": "#0", "tintindex": 0}
			}
		},
		{
			"name": "hexadecagon",
			"from": [9.76131, 1.6, 0.8],
			"to": [10.23869, 2.4, 3.2],
			"rotation": {"angle": -22.5, "axis": "y", "origin": [10, 2.1, 2]},
			"faces": {
				"north": {"uv": [0, 0, 1, 1], "texture": "#0", "tintindex": 0},
				"south": {"uv": [0, 0, 1, 1], "texture": "#0", "tintindex": 0}
			}
		},
		{
			"name": "hexadecagon",
			"from": [9.76131, 1.6, 0.8],
			"to": [10.23869, 2.4, 3.2],
			"rotation": {"angle": 0, "axis": "y", "origin": [10, 2.1, 2]},
			"faces": {
				"north": {"uv": [0, 0, 1, 1], "texture": "#0", "tintindex": 0},
				"south": {"uv": [0, 0, 1, 1], "texture": "#0", "tintindex": 0}
			}
		},
		{
			"name": "hexadecagon",
			"from": [9.76131, 1.6, 0.8],
			"to": [10.23869, 2.4, 3.2],
			"rotation": {"angle": 22.5, "axis": "y", "origin": [10, 2.1, 2]},
			"faces": {
				"north": {"uv": [0, 0, 1, 1], "texture": "#0", "tintindex": 0},
				"south": {"uv": [0, 0, 1, 1], "texture": "#0", "tintindex": 0}
			}
		},
		{
			"name": "hexadecagon",
			"from": [9.76131, 1.6, 0.8],
			"to": [10.23869, 2.4, 3.2],
			"rotation": {"angle": 45, "axis": "y", "origin": [10, 2.1, 2]},
			"faces": {
				"north": {"uv": [0, 0, 1, 1], "texture": "#0", "tintindex": 0},
				"south": {"uv": [0, 0, 1, 1], "texture": "#0", "tintindex": 0}
			}
		},
		{
			"name": "hexadecagon",
			"from": [8.8, 1.6, 1.76131],
			"to": [11.2, 2.4, 2.23869],
			"rotation": {"angle": -22.5, "axis": "y", "origin": [10, 2.1, 2]},
			"faces": {
				"east": {"uv": [0, 0, 1, 1], "texture": "#0", "tintindex": 0},
				"west": {"uv": [0, 0, 1, 1], "texture": "#0", "tintindex": 0}
			}
		},
		{
			"name": "hexadecagon",
			"from": [8.8, 1.6, 1.76131],
			"to": [11.2, 2.4, 2.23869],
			"rotation": {"angle": 0, "axis": "y", "origin": [10, 2.1, 2]},
			"faces": {
				"east": {"uv": [0, 0, 1, 1], "texture": "#0", "tintindex": 0},
				"west": {"uv": [0, 0, 1, 1], "texture": "#0", "tintindex": 0}
			}
		},
		{
			"name": "hexadecagon",
			"from": [8.8, 1.6, 1.76131],
			"to": [11.2, 2.4, 2.23869],
			"rotation": {"angle": 22.5, "axis": "y", "origin": [10, 2.1, 2]},
			"faces": {
				"east": {"uv": [0, 0, 1, 1], "texture": "#0", "tintindex": 0},
				"west": {"uv": [0, 0, 1, 1], "texture": "#0", "tintindex": 0}
			}
		},
		{
			"name": "hexadecagon",
			"from": [9.76131, 1.6, 8.8],
			"to": [10.23869, 2.4, 11.2],
			"rotation": {"angle": -45, "axis": "y", "origin": [10, 2.1, 10]},
			"faces": {
				"north": {"uv": [0, 0, 1, 1], "texture": "#0", "tintindex": 0},
				"south": {"uv": [0, 0, 1, 1], "texture": "#0", "tintindex": 0}
			}
		},
		{
			"name": "hexadecagon",
			"from": [9.76131, 1.6, 8.8],
			"to": [10.23869, 2.4, 11.2],
			"rotation": {"angle": -22.5, "axis": "y", "origin": [10, 2.1, 10]},
			"faces": {
				"north": {"uv": [0, 0, 1, 1], "texture": "#0", "tintindex": 0},
				"south": {"uv": [0, 0, 1, 1], "texture": "#0", "tintindex": 0}
			}
		},
		{
			"name": "hexadecagon",
			"from": [9.76131, 1.6, 8.8],
			"to": [10.23869, 2.4, 11.2],
			"rotation": {"angle": 0, "axis": "y", "origin": [10, 2.1, 10]},
			"faces": {
				"north": {"uv": [0, 0, 1, 1], "texture": "#0", "tintindex": 0},
				"south": {"uv": [0, 0, 1, 1], "texture": "#0", "tintindex": 0}
			}
		},
		{
			"name": "hexadecagon",
			"from": [9.76131, 1.6, 8.8],
			"to": [10.23869, 2.4, 11.2],
			"rotation": {"angle": 22.5, "axis": "y", "origin": [10, 2.1, 10]},
			"faces": {
				"north": {"uv": [0, 0, 1, 1], "texture": "#0", "tintindex": 0},
				"south": {"uv": [0, 0, 1, 1], "texture": "#0", "tintindex": 0}
			}
		},
		{
			"name": "hexadecagon",
			"from": [9.76131, 1.6, 8.8],
			"to": [10.23869, 2.4, 11.2],
			"rotation": {"angle": 45, "axis": "y", "origin": [10, 2.1, 10]},
			"faces": {
				"north": {"uv": [0, 0, 1, 1], "texture": "#0", "tintindex": 0},
				"south": {"uv": [0, 0, 1, 1], "texture": "#0", "tintindex": 0}
			}
		},
		{
			"name": "hexadecagon",
			"from": [8.8, 1.6, 9.76131],
			"to": [11.2, 2.4, 10.23869],
			"rotation": {"angle": -22.5, "axis": "y", "origin": [10, 2.1, 10]},
			"faces": {
				"east": {"uv": [0, 0, 1, 1], "texture": "#0", "tintindex": 0},
				"west": {"uv": [0, 0, 1, 1], "texture": "#0", "tintindex": 0}
			}
		},
		{
			"name": "hexadecagon",
			"from": [8.8, 1.6, 9.76131],
			"to": [11.2, 2.4, 10.23869],
			"rotation": {"angle": 0, "axis": "y", "origin": [10, 2.1, 10]},
			"faces": {
				"east": {"uv": [0, 0, 1, 1], "texture": "#0", "tintindex": 0},
				"west": {"uv": [0, 0, 1, 1], "texture": "#0", "tintindex": 0}
			}
		},
		{
			"name": "hexadecagon",
			"from": [8.8, 1.6, 9.76131],
			"to": [11.2, 2.4, 10.23869],
			"rotation": {"angle": 22.5, "axis": "y", "origin": [10, 2.1, 10]},
			"faces": {
				"east": {"uv": [0, 0, 1, 1], "texture": "#0", "tintindex": 0},
				"west": {"uv": [0, 0, 1, 1], "texture": "#0", "tintindex": 0}
			}
		}
	],
	"groups": [0, 1, 2, 3, 4,
		{
			"name": "hexadecagon",
			"origin": [8, 8, 8],
			"children": [5, 6, 7, 8, 9, 10, 11, 12]
		},
		{
			"name": "hexadecagon",
			"origin": [8, 8, 8],
			"children": [13, 14, 15, 16, 17, 18, 19, 20]
		}
	]
}