{
	"credit": "Made with Blockbench",
	"ambientocclusion": false,
	"textures": {
		"0": "block/torch/torch_redstone_off",
		"2": "block/torch/torch_base",
		"3": "block/torch/torch_B_redstone_off",
		"particle": "block/torch/torch_base"
	},
	"elements": [
		{
			"from": [0, 8, 4],
			"to": [1.6, 12, 8],
			"rotation": {"angle": 0, "axis": "y", "origin": [-0.4, 0, 0]},
			"faces": {
				"north": {"uv": [0, 0, 3, 4], "texture": "#2"},
				"east": {"uv": [0, 0, 4, 4], "texture": "#2"},
				"south": {"uv": [0, 0, 3, 4], "texture": "#2"},
				"west": {"uv": [0, 0, 4, 4], "texture": "#2"},
				"up": {"uv": [0, 0, 3, 4], "texture": "#2"},
				"down": {"uv": [0, 0, 3, 4], "texture": "#2"}
			}
		},
		{
			"from": [-1.4, 8, 4],
			"to": [0, 12, 8],
			"rotation": {"angle": 0, "axis": "y", "origin": [-0.4, 0, 0]},
			"faces": {
				"north": {"uv": [0, 0, 3, 4], "texture": "#2"},
				"east": {"uv": [0, 0, 4, 4], "texture": "#2"},
				"south": {"uv": [0, 0, 3, 4], "texture": "#2"},
				"west": {"uv": [0, 0, 4, 4], "texture": "#2"},
				"up": {"uv": [0, 0, 3, 4], "texture": "#2"},
				"down": {"uv": [0, 0, 3, 4], "texture": "#2"}
			}
		},
		{
			"from": [1.6, 8, 4],
			"to": [3.2, 12, 8],
			"rotation": {"angle": 0, "axis": "y", "origin": [-1.4, 0, 0]},
			"faces": {
				"north": {"uv": [0, 0, 1.6, 4], "texture": "#0"},
				"east": {"uv": [0, 0, 4, 4], "texture": "#0"},
				"south": {"uv": [0, 0, 1.6, 4], "texture": "#0"},
				"west": {"uv": [0, 0, 4, 4], "texture": "#0"},
				"up": {"uv": [0, 0, 1.6, 4], "texture": "#0"},
				"down": {"uv": [0, 0, 1.6, 4], "texture": "#0"}
			}
		},
		{
			"from": [4, 8, 4],
			"to": [4, 12, 8],
			"rotation": {"angle": 0, "axis": "y", "origin": [-1.4, 0, 0]},
			"faces": {
				"north": {"uv": [0, 0, 1.6, 4], "texture": "#3"},
				"east": {"uv": [0, 0, 4, 4], "texture": "#3"},
				"south": {"uv": [0, 0, 1.6, 4], "texture": "#3"},
				"west": {"uv": [0, 0, 4, 4], "texture": "#3"},
				"up": {"uv": [0, 0, 1.6, 4], "texture": "#3"},
				"down": {"uv": [0, 0, 1.6, 4], "texture": "#3"}
			}
		},
		{
			"name": "hexadecagon",
			"from": [3.2, 9.76131, 4.8],
			"to": [4, 10.23869, 7.2],
			"rotation": {"angle": -45, "axis": "x", "origin": [3.7, 10, 6]},
			"faces": {
				"north": {"uv": [0, 0, 1, 1], "texture": "#0"},
				"south": {"uv": [0, 0, 1, 1], "texture": "#0"}
			}
		},
		{
			"name": "hexadecagon",
			"from": [3.2, 9.76131, 4.8],
			"to": [4, 10.23869, 7.2],
			"rotation": {"angle": -22.5, "axis": "x", "origin": [3.7, 10, 6]},
			"faces": {
				"north": {"uv": [0, 0, 1, 1], "texture": "#0"},
				"south": {"uv": [0, 0, 1, 1], "texture": "#0"}
			}
		},
		{
			"name": "hexadecagon",
			"from": [3.2, 9.76131, 4.8],
			"to": [4, 10.23869, 7.2],
			"rotation": {"angle": 0, "axis": "x", "origin": [3.7, 10, 6]},
			"faces": {
				"north": {"uv": [0, 0, 1, 1], "texture": "#0"},
				"south": {"uv": [0, 0, 1, 1], "texture": "#0"}
			}
		},
		{
			"name": "hexadecagon",
			"from": [3.2, 9.76131, 4.8],
			"to": [4, 10.23869, 7.2],
			"rotation": {"angle": 22.5, "axis": "x", "origin": [3.7, 10, 6]},
			"faces": {
				"north": {"uv": [0, 0, 1, 1], "texture": "#0"},
				"south": {"uv": [0, 0, 1, 1], "texture": "#0"}
			}
		},
		{
			"name": "hexadecagon",
			"from": [3.2, 9.76131, 4.8],
			"to": [4, 10.23869, 7.2],
			"rotation": {"angle": 45, "axis": "x", "origin": [3.7, 10, 6]},
			"faces": {
				"north": {"uv": [0, 0, 1, 1], "texture": "#0"},
				"south": {"uv": [0, 0, 1, 1], "texture": "#0"}
			}
		},
		{
			"name": "hexadecagon",
			"from": [3.2, 8.8, 5.76131],
			"to": [4, 11.2, 6.23869],
			"rotation": {"angle": -22.5, "axis": "x", "origin": [3.7, 10, 6]},
			"faces": {
				"up": {"uv": [0, 0, 1, 1], "texture": "#0"},
				"down": {"uv": [0, 0, 1, 1], "texture": "#0"}
			}
		},
		{
			"name": "hexadecagon",
			"from": [3.2, 8.8, 5.76131],
			"to": [4, 11.2, 6.23869],
			"rotation": {"angle": 0, "axis": "x", "origin": [3.7, 10, 6]},
			"faces": {
				"up": {"uv": [0, 0, 1, 1], "texture": "#0"},
				"down": {"uv": [0, 0, 1, 1], "texture": "#0"}
			}
		},
		{
			"name": "hexadecagon",
			"from": [3.2, 8.8, 5.76131],
			"to": [4, 11.2, 6.23869],
			"rotation": {"angle": 22.5, "axis": "x", "origin": [3.7, 10, 6]},
			"faces": {
				"up": {"uv": [0, 0, 1, 1], "texture": "#0"},
				"down": {"uv": [0, 0, 1, 1], "texture": "#0"}
			}
		}
	],
	"groups": [0, 1, 2, 3,
		{
			"name": "hexadecagon",
			"origin": [8, 8, 8],
			"children": [4, 5, 6, 7, 8, 9, 10, 11]
		}
	]
}