{
	"credit": "Made with Blockbench",
	"textures": {
		"2": "block/flower/red_tulip_top",
		"3": "block/flower/red_tulip_B",
		"4": "block/crops/crops_leaves",
		"particle": "block/crops/crops_leaves",
		"1_2": "block/crops/crops_leaves_base"
	},
	"elements": [
		{
			"from": [8, 2, 5],
			"to": [9, 11, 6],
			"rotation": {"angle": 0, "axis": "y", "origin": [0, -2, 0]},
			"faces": {
				"north": {"uv": [0, 0, 16, 16], "texture": "#4"},
				"east": {"uv": [1, 0, 15, 16], "texture": "#4"},
				"south": {"uv": [0, 0, 16, 16], "texture": "#4"},
				"west": {"uv": [1, 0, 15, 16], "texture": "#4"},
				"up": {"uv": [0, 0, 16, 16], "texture": "#4"},
				"down": {"uv": [0, 0, 16, 16], "texture": "#4"}
			}
		},
		{
			"from": [8, 2, 10],
			"to": [9, 10, 11],
			"rotation": {"angle": 0, "axis": "y", "origin": [0, -2, 0]},
			"faces": {
				"north": {"uv": [0, 0, 16, 16], "texture": "#4"},
				"east": {"uv": [1, 0, 15, 16], "texture": "#4"},
				"south": {"uv": [0, 0, 16, 16], "texture": "#4"},
				"west": {"uv": [1, 0, 15, 16], "texture": "#4"},
				"up": {"uv": [0, 0, 16, 16], "texture": "#4"},
				"down": {"uv": [0, 0, 16, 16], "texture": "#4"}
			}
		},
		{
			"from": [8, 4, 9],
			"to": [9, 6, 10],
			"rotation": {"angle": 0, "axis": "y", "origin": [0, -2, 0]},
			"faces": {
				"east": {"uv": [1, 0, 15, 16], "texture": "#4"},
				"west": {"uv": [1, 0, 15, 16], "texture": "#4"},
				"up": {"uv": [0, 0, 16, 16], "texture": "#4"}
			}
		},
		{
			"from": [8, 4, 6],
			"to": [9, 6, 8],
			"rotation": {"angle": 0, "axis": "y", "origin": [0, -2, 0]},
			"faces": {
				"east": {"uv": [1, 0, 15, 16], "texture": "#4"},
				"west": {"uv": [1, 0, 15, 16], "texture": "#4"},
				"up": {"uv": [0, 0, 16, 16], "texture": "#4"}
			}
		},
		{
			"from": [8, 9, 11],
			"to": [9, 12, 12],
			"rotation": {"angle": 0, "axis": "y", "origin": [0, -2, 0]},
			"faces": {
				"north": {"uv": [0, 0, 16, 16], "texture": "#4"},
				"east": {"uv": [1, 0, 15, 16], "texture": "#4"},
				"south": {"uv": [0, 0, 16, 16], "texture": "#4"},
				"up": {"uv": [0, 0, 16, 16], "texture": "#4"},
				"down": {"uv": [0, 0, 16, 16], "texture": "#4"}
			}
		},
		{
			"from": [8, 11, 12],
			"to": [9, 14, 13],
			"rotation": {"angle": 0, "axis": "y", "origin": [0, -2, 0]},
			"faces": {
				"north": {"uv": [0, 1, 16, 16], "texture": "#4"},
				"east": {"uv": [1, 1, 15, 16], "texture": "#4"},
				"south": {"uv": [0, 0, 16, 16], "texture": "#4"},
				"west": {"uv": [1, 1, 15, 16], "texture": "#4"},
				"down": {"uv": [0, 0, 16, 16], "texture": "#4"}
			}
		},
		{
			"from": [8, 4, 8],
			"to": [9, 13, 9],
			"rotation": {"angle": 0, "axis": "y", "origin": [0, -2, 0]},
			"faces": {
				"north": {"uv": [0, 0, 16, 16], "texture": "#4"},
				"east": {"uv": [1, 0, 15, 16], "texture": "#4"},
				"south": {"uv": [0, 0, 16, 16], "texture": "#4"},
				"west": {"uv": [1, 0, 15, 16], "texture": "#4"},
				"up": {"uv": [0, 0, 16, 16], "texture": "#4"}
			}
		},
		{
			"from": [8, 11, 7],
			"to": [9, 14, 8],
			"rotation": {"angle": 0, "axis": "y", "origin": [0, -2, 0]},
			"faces": {
				"north": {"uv": [0, 1, 16, 16], "texture": "#4"},
				"east": {"uv": [1, 1, 15, 16], "texture": "#4"},
				"south": {"uv": [0, 1, 16, 16], "texture": "#4"},
				"west": {"uv": [1, 1, 15, 16], "texture": "#4"},
				"down": {"uv": [0, 0, 16, 16], "texture": "#4"}
			}
		},
		{
			"from": [8, 9, 4],
			"to": [9, 14, 5],
			"rotation": {"angle": 0, "axis": "y", "origin": [0, -2, 0]},
			"faces": {
				"north": {"uv": [0, 1, 16, 16], "texture": "#4"},
				"east": {"uv": [1, 1, 15, 16], "texture": "#4"},
				"south": {"uv": [0, 1, 16, 16], "texture": "#4"},
				"west": {"uv": [1, 1, 15, 16], "texture": "#4"},
				"down": {"uv": [0, 0, 16, 16], "texture": "#4"}
			}
		},
		{
			"from": [8, 5, 4],
			"to": [9, 6, 5],
			"rotation": {"angle": 0, "axis": "y", "origin": [0, -2, 0]},
			"faces": {
				"north": {"uv": [0, 0, 16, 16], "texture": "#4"},
				"east": {"uv": [1, 0, 16, 16], "texture": "#4"},
				"west": {"uv": [0, 0, 15, 16], "texture": "#4"},
				"up": {"uv": [0, 0, 16, 16], "texture": "#4"},
				"down": {"uv": [0, 0, 16, 16], "texture": "#4"}
			}
		},
		{
			"from": [8, 6, 11],
			"to": [9, 7, 12],
			"rotation": {"angle": 0, "axis": "y", "origin": [0, -2, 0]},
			"faces": {
				"east": {"uv": [0, 0, 16, 16], "texture": "#4"},
				"south": {"uv": [0, 0, 16, 16], "texture": "#4"},
				"west": {"uv": [1, 0, 16, 16], "texture": "#4"},
				"up": {"uv": [0, 0, 16, 16], "texture": "#4"},
				"down": {"uv": [0, 0, 16, 16], "texture": "#4"}
			}
		},
		{
			"from": [8, 7, 12],
			"to": [9, 8, 13],
			"rotation": {"angle": 0, "axis": "y", "origin": [0, -2, 0]},
			"faces": {
				"north": {"uv": [0, 0, 16, 16], "texture": "#4"},
				"east": {"uv": [0, 0, 16, 16], "texture": "#4"},
				"south": {"uv": [0, 0, 16, 16], "texture": "#4"},
				"west": {"uv": [0, 0, 16, 16], "texture": "#4"},
				"up": {"uv": [0, 0, 16, 16], "texture": "#4"},
				"down": {"uv": [0, 0, 16, 16], "texture": "#4"}
			}
		},
		{
			"from": [8, 13, 13],
			"to": [9, 14, 14],
			"rotation": {"angle": 0, "axis": "y", "origin": [0, -2, 0]},
			"faces": {
				"east": {"uv": [0, 0, 15, 16], "texture": "#4"},
				"south": {"uv": [0, 0, 16, 16], "texture": "#4"},
				"west": {"uv": [1, 0, 16, 16], "texture": "#4"},
				"up": {"uv": [0, 0, 16, 16], "texture": "#4"},
				"down": {"uv": [0, 0, 16, 16], "texture": "#4"}
			}
		},
		{
			"from": [8, 6, 3],
			"to": [9, 8, 4],
			"rotation": {"angle": 0, "axis": "y", "origin": [0, -2, 0]},
			"faces": {
				"north": {"uv": [0, 0, 16, 16], "texture": "#4"},
				"east": {"uv": [0, 0, 16, 16], "texture": "#4"},
				"south": {"uv": [0, 0, 16, 16], "texture": "#4"},
				"west": {"uv": [0, 0, 16, 16], "texture": "#4"},
				"up": {"uv": [0, 0, 16, 16], "texture": "#4"},
				"down": {"uv": [0, 0, 16, 16], "texture": "#4"}
			}
		},
		{
			"from": [7, 0, 6],
			"to": [10, 4, 10],
			"rotation": {"angle": 0, "axis": "y", "origin": [0, 1, 0]},
			"faces": {
				"north": {"uv": [0, 0, 16, 16], "texture": "#4", "tintindex": 0},
				"south": {"uv": [0, 0, 16, 16], "texture": "#4", "tintindex": 0},
				"up": {"uv": [0, 0, 16, 16], "texture": "#4", "tintindex": 0},
				"down": {"uv": [0, 0, 16, 16], "texture": "#4", "tintindex": 0}
			}
		},
		{
			"from": [7, 0, 6],
			"to": [7, 4, 10],
			"rotation": {"angle": 0, "axis": "y", "origin": [0, 1, 0]},
			"faces": {
				"west": {"uv": [0, 0, 16, 16], "texture": "#1_2", "tintindex": 0}
			}
		},
		{
			"from": [10, 0, 6],
			"to": [10, 4, 10],
			"rotation": {"angle": 0, "axis": "y", "origin": [0, 1, 0]},
			"faces": {
				"east": {"uv": [0, 0, 16, 16], "texture": "#1_2", "tintindex": 0}
			}
		},
		{
			"from": [9, 9, 3],
			"to": [10.5, 13, 7],
			"rotation": {"angle": 0, "axis": "y", "origin": [-0.4, -12, -10]},
			"faces": {
				"north": {"uv": [0, 0, 16, 16], "texture": "#2"},
				"east": {"uv": [0, 0, 16, 16], "texture": "#2"},
				"south": {"uv": [0, 0, 16, 16], "texture": "#2"},
				"west": {"uv": [0, 0, 16, 16], "texture": "#2"},
				"up": {"uv": [0, 0, 16, 16], "texture": "#2"},
				"down": {"uv": [0, 0, 16, 16], "texture": "#2"}
			}
		},
		{
			"from": [11.3, 9, 3],
			"to": [11.3, 13, 7],
			"rotation": {"angle": 0, "axis": "y", "origin": [-0.4, -12, -10]},
			"faces": {
				"east": {"uv": [0, 0, 16, 16], "texture": "#3"},
				"west": {"uv": [0, 0, 16, 16], "texture": "#3"}
			}
		},
		{
			"name": "hexadecagon",
			"from": [10.5, 10.76131, 3.8],
			"to": [11.3, 11.23869, 6.2],
			"rotation": {"angle": -45, "axis": "x", "origin": [11, 11, 5]},
			"faces": {
				"north": {"uv": [0, 1, 8, 15], "texture": "#2"},
				"south": {"uv": [8, 1, 16, 15], "texture": "#2"}
			}
		},
		{
			"name": "hexadecagon",
			"from": [10.5, 10.76131, 3.8],
			"to": [11.3, 11.23869, 6.2],
			"rotation": {"angle": -22.5, "axis": "x", "origin": [11, 11, 5]},
			"faces": {
				"north": {"uv": [0, 1, 8, 15], "texture": "#2"},
				"south": {"uv": [8, 1, 16, 15], "texture": "#2"}
			}
		},
		{
			"name": "hexadecagon",
			"from": [10.5, 10.76131, 3.8],
			"to": [11.3, 11.23869, 6.2],
			"rotation": {"angle": 0, "axis": "x", "origin": [11, 11, 5]},
			"faces": {
				"north": {"uv": [0, 1, 8, 15], "texture": "#2"},
				"south": {"uv": [8, 1, 16, 15], "texture": "#2"}
			}
		},
		{
			"name": "hexadecagon",
			"from": [10.5, 10.76131, 3.8],
			"to": [11.3, 11.23869, 6.2],
			"rotation": {"angle": 22.5, "axis": "x", "origin": [11, 11, 5]},
			"faces": {
				"north": {"uv": [0, 1, 8, 15], "texture": "#2"},
				"south": {"uv": [8, 1, 16, 15], "texture": "#2"}
			}
		},
		{
			"name": "hexadecagon",
			"from": [10.5, 10.76131, 3.8],
			"to": [11.3, 11.23869, 6.2],
			"rotation": {"angle": 45, "axis": "x", "origin": [11, 11, 5]},
			"faces": {
				"north": {"uv": [0, 1, 8, 15], "texture": "#2"},
				"south": {"uv": [8, 1, 16, 15], "texture": "#2"}
			}
		},
		{
			"name": "hexadecagon",
			"from": [10.5, 9.8, 4.76131],
			"to": [11.3, 12.2, 5.23869],
			"rotation": {"angle": -22.5, "axis": "x", "origin": [11, 11, 5]},
			"faces": {
				"up": {"uv": [8, 1, 16, 15], "texture": "#2"},
				"down": {"uv": [8, 1, 16, 15], "texture": "#2"}
			}
		},
		{
			"name": "hexadecagon",
			"from": [10.5, 9.8, 4.76131],
			"to": [11.3, 12.2, 5.23869],
			"rotation": {"angle": 0, "axis": "x", "origin": [11, 11, 5]},
			"faces": {
				"up": {"uv": [8, 1, 16, 15], "texture": "#2"},
				"down": {"uv": [8, 1, 16, 15], "texture": "#2"}
			}
		},
		{
			"name": "hexadecagon",
			"from": [10.5, 9.8, 4.76131],
			"to": [11.3, 12.2, 5.23869],
			"rotation": {"angle": 22.5, "axis": "x", "origin": [11, 11, 5]},
			"faces": {
				"up": {"uv": [8, 1, 16, 15], "texture": "#2"},
				"down": {"uv": [8, 1, 16, 15], "texture": "#2"}
			}
		},
		{
			"from": [6.5, 8, 10],
			"to": [8, 12, 14],
			"rotation": {"angle": 0, "axis": "y", "origin": [-2.9, -13, -3]},
			"faces": {
				"north": {"uv": [0, 0, 16, 16], "texture": "#2"},
				"east": {"uv": [0, 0, 16, 16], "texture": "#2"},
				"south": {"uv": [0, 0, 16, 16], "texture": "#2"},
				"west": {"uv": [0, 0, 16, 16], "texture": "#2"},
				"up": {"uv": [0, 0, 16, 16], "texture": "#2"},
				"down": {"uv": [0, 0, 16, 16], "texture": "#2"}
			}
		},
		{
			"from": [5.7, 8, 10],
			"to": [5.7, 12, 14],
			"rotation": {"angle": 0, "axis": "y", "origin": [-2.9, -13, -3]},
			"faces": {
				"east": {"uv": [0, 0, 16, 16], "texture": "#3"},
				"west": {"uv": [0, 0, 16, 16], "texture": "#3"}
			}
		},
		{
			"name": "hexadecagon",
			"from": [5.7, 9.76131, 10.8],
			"to": [6.5, 10.23869, 13.2],
			"rotation": {"angle": -45, "axis": "x", "origin": [6.2, 10, 12]},
			"faces": {
				"north": {"uv": [0, 1, 8, 15], "texture": "#2"},
				"south": {"uv": [8, 1, 16, 15], "texture": "#2"}
			}
		},
		{
			"name": "hexadecagon",
			"from": [5.7, 9.76131, 10.8],
			"to": [6.5, 10.23869, 13.2],
			"rotation": {"angle": -22.5, "axis": "x", "origin": [6.2, 10, 12]},
			"faces": {
				"north": {"uv": [0, 1, 8, 15], "texture": "#2"},
				"south": {"uv": [8, 1, 16, 15], "texture": "#2"}
			}
		},
		{
			"name": "hexadecagon",
			"from": [5.7, 9.76131, 10.8],
			"to": [6.5, 10.23869, 13.2],
			"rotation": {"angle": 0, "axis": "x", "origin": [6.2, 10, 12]},
			"faces": {
				"north": {"uv": [0, 1, 8, 15], "texture": "#2"},
				"south": {"uv": [8, 1, 16, 15], "texture": "#2"}
			}
		},
		{
			"name": "hexadecagon",
			"from": [5.7, 9.76131, 10.8],
			"to": [6.5, 10.23869, 13.2],
			"rotation": {"angle": 22.5, "axis": "x", "origin": [6.2, 10, 12]},
			"faces": {
				"north": {"uv": [0, 1, 8, 15], "texture": "#2"},
				"south": {"uv": [8, 1, 16, 15], "texture": "#2"}
			}
		},
		{
			"name": "hexadecagon",
			"from": [5.7, 9.76131, 10.8],
			"to": [6.5, 10.23869, 13.2],
			"rotation": {"angle": 45, "axis": "x", "origin": [6.2, 10, 12]},
			"faces": {
				"north": {"uv": [0, 1, 8, 15], "texture": "#2"},
				"south": {"uv": [8, 1, 16, 15], "texture": "#2"}
			}
		},
		{
			"name": "hexadecagon",
			"from": [5.7, 8.8, 11.76131],
			"to": [6.5, 11.2, 12.23869],
			"rotation": {"angle": -22.5, "axis": "x", "origin": [6.2, 10, 12]},
			"faces": {
				"up": {"uv": [8, 1, 16, 15], "texture": "#2"},
				"down": {"uv": [8, 1, 16, 15], "texture": "#2"}
			}
		},
		{
			"name": "hexadecagon",
			"from": [5.7, 8.8, 11.76131],
			"to": [6.5, 11.2, 12.23869],
			"rotation": {"angle": 0, "axis": "x", "origin": [6.2, 10, 12]},
			"faces": {
				"up": {"uv": [8, 1, 16, 15], "texture": "#2"},
				"down": {"uv": [8, 1, 16, 15], "texture": "#2"}
			}
		},
		{
			"name": "hexadecagon",
			"from": [5.7, 8.8, 11.76131],
			"to": [6.5, 11.2, 12.23869],
			"rotation": {"angle": 22.5, "axis": "x", "origin": [6.2, 10, 12]},
			"faces": {
				"up": {"uv": [8, 1, 16, 15], "texture": "#2"},
				"down": {"uv": [8, 1, 16, 15], "texture": "#2"}
			}
		}
	],
	"display": {
		"firstperson_righthand": {
			"translation": [0.25, 4, 0],
			"scale": [0.8, 0.8, 0.6]
		},
		"firstperson_lefthand": {
			"translation": [1, 4, 0],
			"scale": [0.8, 0.8, 0.6]
		},
		"ground": {
			"translation": [0, 6, 0]
		},
		"gui": {
			"rotation": [45, 53, 0],
			"translation": [-0.25, 0, 0]
		},
		"fixed": {
			"rotation": [0, 90, 0]
		}
	},
	"groups": [
		{
			"name": "group",
			"origin": [0, 0, 0],
			"children": []
		},
		{
			"name": "group",
			"origin": [0, 0, 0],
			"children": []
		},
		{
			"name": "group",
			"origin": [0, 0, 0],
			"children": []
		}, 0, 1, 2, 3, 4, 5, 6, 7, 8, 9, 10, 11, 12, 13,
		{
			"name": "grass",
			"origin": [8, 8, 8],
			"children": [14, 15, 16]
		},
		{
			"name": "group",
			"origin": [8, 8, 8],
			"children": [17, 18, 19, 20, 21, 22, 23, 24, 25, 26]
		},
		{
			"name": "group",
			"origin": [8, 8, 8],
			"children": [27, 28, 29, 30, 31, 32, 33, 34, 35, 36]
		}
	]
}