{
	"ambientocclusion": false,
	"textures": {
		"top": "block/jungle_log_top",
		"particle": "block/jungle_log",
		"side": "block/jungle_log"
	},
	"elements": [
		{
			"from": [10, -1, -4],
			"to": [12, 1, 20],
			"rotation": {"angle": -45, "axis": "y", "origin": [10, -1, 9]},
			"faces": {
				"north": {"uv": [6, 0, 8, 2], "texture": "#top"},
				"south": {"uv": [8, 0, 10, 2], "texture": "#top"},
				"up": {"uv": [8, 1, 10, 13], "texture": "#side"},
				"down": {"uv": [6, 1, 8, 13], "rotation": 180, "texture": "#side"}
			}
		},
		{
			"from": [6, -1, -6],
			"to": [10, 2, 22],
			"rotation": {"angle": -45, "axis": "y", "origin": [10, -1, 9]},
			"faces": {
				"north": {"uv": [8, 0, 12, 2], "texture": "#top"},
				"east": {"uv": [8, 0, 11, 14], "rotation": 90, "texture": "#side"},
				"south": {"uv": [4, 0, 8, 2], "texture": "#top"},
				"west": {"uv": [1, 0, 4, 14], "rotation": 270, "texture": "#side"},
				"up": {"uv": [4, 0, 8, 14], "texture": "#side"},
				"down": {"uv": [8, 0, 12, 14], "rotation": 180, "texture": "#side"}
			}
		},
		{
			"from": [12, -1, -5],
			"to": [14, 1, 25],
			"rotation": {"angle": -45, "axis": "y", "origin": [10, -1, 9]},
			"faces": {
				"north": {"uv": [4, 0, 6, 2], "texture": "#top"},
				"east": {"uv": [12, 0.5, 14, 15.5], "rotation": 90, "texture": "#side"},
				"south": {"uv": [10, 0, 12, 2], "texture": "#top"},
				"west": {"uv": [8, 0.5, 10, 15.5], "rotation": 270, "texture": "#side"},
				"up": {"uv": [10, 0.5, 12, 15.5], "texture": "#side"},
				"down": {"uv": [4, 0.5, 6, 15.5], "rotation": 180, "texture": "#side"}
			}
		}
	]
}