{
	"ambientocclusion": false,
	"textures": {
		"particle": "block/large_fern_bottom",
		"cross": "block/large_fern_bottom",
		"extra_bottom": "block/extra/large_fern_bottom_extra",
		"extra_top": "block/extra/large_fern_top_extra"
	},
	"elements": [
		{
			"from": [-1, 0, 8],
			"to": [17, 14, 8],
			"shade": false,
			"rotation": {"angle": 45, "axis": "y", "origin": [8, 8, 8]},
			"faces": {
				"north": {"uv": [0, 0, 16, 16], "texture": "#cross", "tintindex": 0},
				"south": {"uv": [16, 0, 0, 16], "texture": "#cross", "tintindex": 0}
			}
		},
		{
			"from": [8, 0, -1],
			"to": [8, 16, 17],
			"shade": false,
			"rotation": {"angle": 45, "axis": "y", "origin": [8, 8, 8]},
			"faces": {
				"east": {"uv": [0, 0, 16, 16], "texture": "#cross", "tintindex": 0},
				"west": {"uv": [16, 0, 0, 16], "texture": "#cross", "tintindex": 0}
			}
		},
		{
			"from": [-1, -1.1, 2],
			"to": [17, 13, 2],
			"shade": false,
			"rotation": {"angle": -22.5, "axis": "x", "origin": [8, 13, 2]},
			"faces": {
				"north": {"uv": [16, 0, 0, 16], "texture": "#extra_bottom", "tintindex": 0},
				"south": {"uv": [0, 0, 16, 16], "texture": "#extra_bottom", "tintindex": 0}
			}
		},
		{
			"from": [-1, -1.1, 14],
			"to": [17, 13, 14],
			"shade": false,
			"rotation": {"angle": 22.5, "axis": "x", "origin": [8, 13, 14]},
			"faces": {
				"north": {"uv": [0, 0, 16, 16], "texture": "#extra_bottom", "tintindex": 0},
				"south": {"uv": [16, 0, 0, 16], "texture": "#extra_bottom", "tintindex": 0}
			}
		},
		{
			"from": [2, -1.1, -1],
			"to": [2, 13, 17],
			"shade": false,
			"rotation": {"angle": 22.5, "axis": "z", "origin": [2, 13, 8]},
			"faces": {
				"east": {"uv": [0, 0, 16, 16], "texture": "#extra_bottom", "tintindex": 0},
				"west": {"uv": [16, 0, 0, 16], "texture": "#extra_bottom", "tintindex": 0}
			}
		},
		{
			"from": [14, -1.1, -1],
			"to": [14, 13, 17],
			"shade": false,
			"rotation": {"angle": -22.5, "axis": "z", "origin": [14, 13, 8]},
			"faces": {
				"east": {"uv": [16, 0, 0, 16], "texture": "#extra_bottom", "tintindex": 0},
				"west": {"uv": [0, 0, 16, 16], "texture": "#extra_bottom", "tintindex": 0}
			}
		},
		{
			"from": [-1, 0, 6],
			"to": [17, 10, 6],
			"shade": false,
			"rotation": {"angle": -45, "axis": "x", "origin": [8, 0, 6]},
			"faces": {
				"north": {"uv": [0, 0, 16, 16], "texture": "#extra_bottom", "tintindex": 0},
				"south": {"uv": [16, 0, 0, 16], "texture": "#extra_bottom", "tintindex": 0}
			}
		},
		{
			"from": [-1, 0, 10],
			"to": [17, 10, 10],
			"shade": false,
			"rotation": {"angle": 45, "axis": "x", "origin": [8, 0, 10]},
			"faces": {
				"north": {"uv": [16, 0, 0, 16], "texture": "#extra_bottom", "tintindex": 0},
				"south": {"uv": [0, 0, 16, 16], "texture": "#extra_bottom", "tintindex": 0}
			}
		},
		{
			"from": [6, 0, -1],
			"to": [6, 10, 17],
			"shade": false,
			"rotation": {"angle": 45, "axis": "z", "origin": [6, 0, 8]},
			"faces": {
				"east": {"uv": [16, 0, 0, 16], "texture": "#extra_bottom", "tintindex": 0},
				"west": {"uv": [0, 0, 16, 16], "texture": "#extra_bottom", "tintindex": 0}
			}
		},
		{
			"from": [10, 0, -1],
			"to": [10, 10, 17],
			"shade": false,
			"rotation": {"angle": -45, "axis": "z", "origin": [10, 0, 8]},
			"faces": {
				"east": {"uv": [0, 0, 16, 16], "texture": "#extra_bottom", "tintindex": 0},
				"west": {"uv": [16, 0, 0, 16], "texture": "#extra_bottom", "tintindex": 0}
			}
		},
		{
			"from": [-1, 7.45353, -14.99462],
			"to": [17, 7.45353, -0.99462],
			"shade": false,
			"rotation": {"angle": 22.5, "axis": "x", "origin": [8, 7.45353, -1.99462]},
			"faces": {
				"up": {"uv": [16, 0, 0, 16], "texture": "#extra_top", "tintindex": 0},
				"down": {"uv": [0, 0, 16, 16], "rotation": 180, "texture": "#extra_top", "tintindex": 0}
			}
		},
		{
			"from": [-1, 7.07014, 17.07145],
			"to": [17, 7.07014, 31.07145],
			"shade": false,
			"rotation": {"angle": -22.5, "axis": "x", "origin": [8, 7.07014, 17.07145]},
			"faces": {
				"up": {"uv": [16, 0, 0, 16], "rotation": 180, "texture": "#extra_top", "tintindex": 0},
				"down": {"uv": [0, 0, 16, 16], "texture": "#extra_top", "tintindex": 0}
			}
		},
		{
			"from": [-14.99462, 7.45353, -1],
			"to": [-0.99462, 7.45353, 17],
			"shade": false,
			"rotation": {"angle": -22.5, "axis": "z", "origin": [-1.99462, 7.45353, 8]},
			"faces": {
				"up": {"uv": [16, 0, 0, 16], "rotation": 270, "texture": "#extra_top", "tintindex": 0},
				"down": {"uv": [0, 0, 16, 16], "rotation": 270, "texture": "#extra_top", "tintindex": 0}
			}
		},
		{
			"from": [17.07145, 7.07014, -1],
			"to": [31.07145, 7.07014, 17],
			"shade": false,
			"rotation": {"angle": 22.5, "axis": "z", "origin": [17.07145, 7.07014, 8]},
			"faces": {
				"up": {"uv": [16, 0, 0, 16], "rotation": 90, "texture": "#extra_top", "tintindex": 0},
				"down": {"uv": [0, 0, 16, 16], "rotation": 90, "texture": "#extra_top", "tintindex": 0}
			}
		}
	]
}