{
	"textures": {
		"particle": "block/extra/moss_carpet_extra",
		"all": "block/extra/moss_carpet_extra"
	},
	"elements": [
		{
			"from": [-0.01, -6, -0.01],
			"to": [16.01, 0, 16.01],
			"faces": {
				"north": {"uv": [0, 0, 16, 8], "texture": "#all", "cullface": "north"},
				"south": {"uv": [0, 0, 16, 8], "texture": "#all", "cullface": "south"}
			}
		},
		{
			"from": [-0.01, -10, -0.01],
			"to": [16.01, 0, 16.01],
			"faces": {
				"east": {"uv": [0, 0, 16, 8], "texture": "#all", "cullface": "east"},
				"west": {"uv": [0, 0, 16, 8], "texture": "#all", "cullface": "west"}
			}
		}
	]
}