{
	"ambientocclusion": false,
	"textures": {
		"all": "block/ice",
		"particle": "block/ice"
	},
	"elements": [
		{
			"from": [6, 12, 3],
			"to": [7, 16, 4],
			"rotation": {"angle": 0, "axis": "y", "origin": [8, 16, 8]},
			"faces": {
				"north": {"uv": [9, 0, 10, 4], "texture": "#all"},
				"east": {"uv": [12, 0, 13, 4], "texture": "#all"},
				"south": {"uv": [6, 0, 7, 4], "texture": "#all"},
				"west": {"uv": [3, 0, 4, 4], "texture": "#all"},
				"up": {"uv": [6, 3, 7, 4], "texture": "#all", "cullface": "up"},
				"down": {"uv": [6, 12, 7, 13], "texture": "#all"}
			}
		},
		{
			"from": [10, 8, 9],
			"to": [12, 16, 11],
			"rotation": {"angle": 0, "axis": "y", "origin": [8, 16, 8]},
			"faces": {
				"north": {"uv": [4, 0, 6, 8], "texture": "#all"},
				"east": {"uv": [5, 0, 7, 8], "texture": "#all"},
				"south": {"uv": [10, 0, 12, 8], "texture": "#all"},
				"west": {"uv": [9, 0, 11, 8], "texture": "#all"},
				"up": {"uv": [10, 9, 12, 11], "texture": "#all", "cullface": "up"},
				"down": {"uv": [10, 5, 12, 7], "texture": "#all"}
			}
		}
	]
}