{
	"ambientocclusion": false,
	"textures": {
		"particle": "#all"
	},
	"elements": [
		{
			"from": [9, -2, 1],
			"to": [15, 2, 7],
			"rotation": {"angle": -22.5, "axis": "z", "origin": [12, 0, 4]},
			"faces": {
				"north": {"uv": [8, 0, 14, 4], "texture": "#all" },
				"east": {"uv": [8, 8, 14, 12], "texture": "#all" },
				"south": {"uv": [8, 4, 14, 8], "texture": "#all" },
				"west": {"uv": [8, 12, 14, 16], "texture": "#all" },
				"up": {"uv": [2, 10, 8, 16], "texture": "#all" }
			}
		},
		{
			"from": [3, -1, 11],
			"to": [7, 1, 15],
			"rotation": {"angle": 22.5, "axis": "x", "origin": [5, 0, 13]},
			"faces": {
				"north": {"uv": [12, 4, 16, 6], "texture": "#all" },
				"east": {"uv": [12, 10, 16, 12], "texture": "#all" },
				"south": {"uv": [12, 8, 16, 10], "texture": "#all" },
				"west": {"uv": [12, 6, 16, 8], "texture": "#all" },
				"up": {"uv": [12, 12, 16, 16], "texture": "#all" }
			}
		}
	]
}