{"parent": "minecraft:item/item", "elements": [{"from": [3, 1, 7], "to": [13, 3, 9], "rotation": {"angle": 0, "axis": "y", "origin": [8, 8, 8]}, "faces": {"north": {"uv": [13, 13, 3, 15], "texture": "#texture"}, "south": {"uv": [3, 13, 13, 15], "texture": "#texture"}, "up": {"uv": [13, 13, 3, 15], "rotation": 180, "texture": "#texture"}, "down": {"uv": [13, 13, 3, 15], "rotation": 180, "texture": "#texture"}}}, {"from": [3, 11, 7], "to": [13, 13, 9], "rotation": {"angle": 0, "axis": "y", "origin": [8, 8, 8]}, "faces": {"north": {"uv": [13, 3, 3, 5], "texture": "#texture"}, "south": {"uv": [3, 3, 13, 5], "texture": "#texture"}, "up": {"uv": [13, 3, 3, 5], "rotation": 180, "texture": "#texture"}, "down": {"uv": [13, 3, 3, 5], "rotation": 180, "texture": "#texture"}}}, {"from": [1, 1, 7], "to": [3, 13, 9], "rotation": {"angle": 0, "axis": "y", "origin": [8, 8, 8]}, "faces": {"north": {"uv": [3, 3, 1, 15], "texture": "#texture"}, "east": {"uv": [3, 3, 1, 15], "texture": "#texture"}, "south": {"uv": [1, 3, 3, 15], "texture": "#texture"}, "west": {"uv": [1, 3, 3, 15], "texture": "#texture"}, "up": {"uv": [3, 3, 1, 5], "rotation": 180, "texture": "#texture"}, "down": {"uv": [3, 13, 1, 15], "rotation": 180, "texture": "#texture"}}}, {"from": [13, 1, 7], "to": [15, 13, 9], "rotation": {"angle": 0, "axis": "y", "origin": [8, 8, 8]}, "faces": {"north": {"uv": [15, 3, 13, 15], "texture": "#texture"}, "east": {"uv": [13, 3, 15, 15], "texture": "#texture"}, "south": {"uv": [13, 3, 15, 15], "texture": "#texture"}, "west": {"uv": [13, 3, 15, 15], "texture": "#texture"}, "up": {"uv": [15, 3, 13, 5], "rotation": 180, "texture": "#texture"}, "down": {"uv": [15, 13, 13, 15], "rotation": 180, "texture": "#texture"}}}, {"from": [3, 3, 7], "to": [13, 11, 8], "rotation": {"angle": 0, "axis": "y", "origin": [8, 8, 8]}, "faces": {"north": {"uv": [13, 5, 3, 13], "texture": "#texture"}, "south": {"uv": [3, 5, 13, 13], "texture": "#texture"}}}, {"from": [9, 8, 8], "to": [11, 10, 8.5], "rotation": {"angle": 0, "axis": "y", "origin": [8, 8, 8]}, "faces": {"east": {"uv": [10, 6, 11, 8], "texture": "#texture"}, "south": {"uv": [9, 6, 11, 8], "texture": "#texture"}, "west": {"uv": [9, 6, 10, 8], "texture": "#texture"}, "up": {"uv": [11, 6, 9, 7], "rotation": 180, "texture": "#texture"}, "down": {"uv": [11, 7, 9, 8], "rotation": 180, "texture": "#texture"}}}, {"from": [5, 4, 8], "to": [6, 5, 8.5], "rotation": {"angle": 0, "axis": "y", "origin": [8, 8, 8]}, "faces": {"east": {"uv": [5, 11, 6, 12], "texture": "#texture"}, "south": {"uv": [5, 11, 6, 12], "texture": "#texture"}, "west": {"uv": [5, 11, 6, 12], "texture": "#texture"}, "up": {"uv": [6, 11, 5, 12], "rotation": 180, "texture": "#texture"}, "down": {"uv": [6, 11, 5, 12], "rotation": 180, "texture": "#texture"}}}, {"from": [6, 5, 8], "to": [9, 8, 8.5], "rotation": {"angle": 0, "axis": "y", "origin": [8, 8, 8]}, "faces": {"east": {"uv": [8, 8, 9, 11], "texture": "#texture"}, "south": {"uv": [6, 8, 9, 11], "texture": "#texture"}, "west": {"uv": [6, 8, 7, 11], "texture": "#texture"}, "up": {"uv": [9, 8, 6, 9], "rotation": 180, "texture": "#texture"}, "down": {"uv": [9, 10, 6, 11], "rotation": 180, "texture": "#texture"}}}, {"from": [8, 7, 8], "to": [10, 9, 8.5], "rotation": {"angle": 0, "axis": "y", "origin": [8, 8, 8]}, "faces": {"east": {"uv": [9, 7, 10, 9], "texture": "#texture"}, "south": {"uv": [8, 7, 10, 9], "texture": "#texture"}, "west": {"uv": [8, 7, 9, 9], "texture": "#texture"}, "up": {"uv": [10, 7, 8, 8], "rotation": 180, "texture": "#texture"}, "down": {"uv": [10, 8, 8, 9], "rotation": 180, "texture": "#texture"}}}], "groups": [0, 1, 2, 3, 4, {"name": "item", "origin": [0, 0, 0], "color": 0, "children": [5, 6, 7, 8]}]}