{"texture_size": [32, 32], "textures": {"0": "3d/trident"}, "elements": [{"name": "body", "from": [6.5, 25, 7.5], "to": [9.5, 27, 8.5], "faces": {"north": {"uv": [2.5, 0.5, 4, 1.5], "texture": "#0"}, "east": {"uv": [2, 0.5, 2.5, 1.5], "texture": "#0"}, "south": {"uv": [4.5, 0.5, 6, 1.5], "texture": "#0"}, "west": {"uv": [4, 0.5, 4.5, 1.5], "texture": "#0"}, "up": {"uv": [4, 0.5, 2.5, 0], "texture": "#0"}, "down": {"uv": [5.5, 0, 4, 0.5], "texture": "#0"}}}, {"name": "body", "from": [7.5, 0, 7.5], "to": [8.5, 31, 8.5], "faces": {"north": {"uv": [0.5, 0.5, 1, 16], "texture": "#0"}, "east": {"uv": [0, 0.5, 0.5, 16], "texture": "#0"}, "south": {"uv": [1.5, 0.5, 2, 16], "texture": "#0"}, "west": {"uv": [1, 0.5, 1.5, 16], "texture": "#0"}, "up": {"uv": [1, 0.5, 0.5, 0], "texture": "#0"}, "down": {"uv": [1.5, 0, 1, 0.5], "texture": "#0"}}}, {"name": "body", "from": [9.5, 26, 7.5], "to": [10.5, 30, 8.5], "faces": {"north": {"uv": [2.5, 2, 3, 4], "texture": "#0"}, "east": {"uv": [2, 2, 2.5, 4], "texture": "#0"}, "south": {"uv": [3.5, 2, 4, 4], "texture": "#0"}, "west": {"uv": [3, 2, 3.5, 4], "texture": "#0"}, "up": {"uv": [3, 2, 2.5, 1.5], "texture": "#0"}, "down": {"uv": [3.5, 1.5, 3, 2], "texture": "#0"}}}, {"name": "body", "from": [5.5, 26, 7.5], "to": [6.5, 30, 8.5], "faces": {"north": {"uv": [2.5, 2, 3, 4], "texture": "#0"}, "east": {"uv": [2, 2, 2.5, 4], "texture": "#0"}, "south": {"uv": [3.5, 2, 4, 4], "texture": "#0"}, "west": {"uv": [3, 2, 3.5, 4], "texture": "#0"}, "up": {"uv": [3, 2, 2.5, 1.5], "texture": "#0"}, "down": {"uv": [3.5, 1.5, 3, 2], "texture": "#0"}}}], "display": {"thirdperson_righthand": {"rotation": [0, 45, 0], "translation": [0, 0, 1]}, "thirdperson_lefthand": {"rotation": [0, 45, 0], "translation": [0, 0, 1]}, "firstperson_righthand": {"rotation": [0, -72, 0], "translation": [0, -7.75, 0]}, "firstperson_lefthand": {"rotation": [0, -72, 0], "translation": [0, -7.75, 0]}, "ground": {"translation": [0, 1.75, 0], "scale": [0.25, 0.25, 0.25]}, "gui": {"rotation": [0, -26, -45], "translation": [-3.25, -3.25, 0], "scale": [0.6, 0.6, 0.6]}, "fixed": {"translation": [0, -3.5, 0], "scale": [0.5, 0.5, 0.5]}}, "groups": [{"name": "body", "origin": [0, 27, 0], "children": [0, 1, 2, 3]}]}