{"parent": "block/cube_column", "textures": {"particle": "block/basalt_side", "side": "block/basalt_side", "end": "block/basalt_top"}, "elements": [{"from": [0, 0, 0], "to": [16, 16, 16], "faces": {"north": {"uv": [0, 0, 16, 16], "texture": "#side", "cullface": "north"}, "east": {"uv": [0, 0, 16, 16], "texture": "#side", "cullface": "east"}, "south": {"uv": [0, 0, 16, 16], "texture": "#side", "cullface": "south"}, "west": {"uv": [0, 0, 16, 16], "texture": "#side", "cullface": "west"}, "up": {"uv": [0, 0, 16, 16], "texture": "#end", "cullface": "up"}, "down": {"uv": [0, 0, 16, 16], "texture": "#end", "cullface": "down"}}}, {"from": [0, 16, 0], "to": [6, 16.5, 1], "faces": {"north": {"uv": [0, 0, 6, 1], "rotation": 180, "texture": "#end", "cullface": "up"}, "east": {"uv": [5, 0, 6, 1], "rotation": 90, "texture": "#end", "cullface": "up"}, "south": {"uv": [0, 0, 6, 1], "texture": "#end", "cullface": "up"}, "west": {"uv": [0, 0, 1, 1], "rotation": 270, "texture": "#end", "cullface": "up"}, "up": {"uv": [0, 0, 6, 1], "texture": "#end", "cullface": "up"}}}, {"from": [8, 16, 0], "to": [12, 16.5, 1], "faces": {"north": {"uv": [8, 0, 12, 1], "rotation": 180, "texture": "#end", "cullface": "up"}, "east": {"uv": [11, 0, 12, 1], "rotation": 90, "texture": "#end", "cullface": "up"}, "south": {"uv": [8, 0, 12, 1], "texture": "#end", "cullface": "up"}, "west": {"uv": [8, 0, 9, 1], "rotation": 270, "texture": "#end", "cullface": "up"}, "up": {"uv": [8, 0, 12, 1], "texture": "#end", "cullface": "up"}}}, {"from": [13, 16, 0], "to": [15, 16.5, 1], "faces": {"north": {"uv": [13, 0, 15, 1], "rotation": 180, "texture": "#end", "cullface": "up"}, "east": {"uv": [14, 0, 15, 1], "rotation": 90, "texture": "#end", "cullface": "up"}, "south": {"uv": [13, 0, 15, 1], "texture": "#end", "cullface": "up"}, "west": {"uv": [13, 0, 14, 1], "rotation": 270, "texture": "#end", "cullface": "up"}, "up": {"uv": [13, 0, 15, 1], "texture": "#end", "cullface": "up"}}}, {"from": [9, 16, 1], "to": [11, 16.5, 2], "faces": {"east": {"uv": [10, 1, 11, 2], "rotation": 90, "texture": "#end", "cullface": "up"}, "south": {"uv": [9, 1, 11, 2], "texture": "#end", "cullface": "up"}, "west": {"uv": [9, 1, 10, 2], "rotation": 270, "texture": "#end", "cullface": "up"}, "up": {"uv": [9, 1, 11, 2], "texture": "#end", "cullface": "up"}}}, {"from": [0, 16, 1], "to": [4, 16.5, 2], "faces": {"east": {"uv": [3, 1, 4, 2], "rotation": 90, "texture": "#end", "cullface": "up"}, "south": {"uv": [0, 1, 4, 2], "texture": "#end", "cullface": "up"}, "west": {"uv": [0, 1, 1, 2], "rotation": 270, "texture": "#end", "cullface": "up"}, "up": {"uv": [0, 1, 4, 2], "texture": "#end", "cullface": "up"}}}, {"from": [15, 16, 1], "to": [16, 16.5, 4], "faces": {"north": {"uv": [15, 1, 16, 2], "rotation": 180, "texture": "#end", "cullface": "up"}, "east": {"uv": [15, 1, 16, 4], "rotation": 90, "texture": "#end", "cullface": "up"}, "south": {"uv": [15, 3, 16, 4], "texture": "#end", "cullface": "up"}, "west": {"uv": [15, 1, 16, 4], "rotation": 270, "texture": "#end", "cullface": "up"}, "up": {"uv": [15, 1, 16, 4], "texture": "#end", "cullface": "up"}}}, {"from": [14, 16, 2], "to": [15, 16.5, 3], "faces": {"north": {"uv": [14, 2, 15, 3], "rotation": 180, "texture": "#end", "cullface": "up"}, "south": {"uv": [14, 2, 15, 3], "texture": "#end", "cullface": "up"}, "west": {"uv": [14, 2, 15, 3], "rotation": 270, "texture": "#end", "cullface": "up"}, "up": {"uv": [14, 2, 15, 3], "texture": "#end", "cullface": "up"}}}, {"from": [0, 16, 2], "to": [3, 16.5, 3], "faces": {"east": {"uv": [2, 2, 3, 3], "rotation": 90, "texture": "#end", "cullface": "up"}, "south": {"uv": [0, 2, 3, 3], "texture": "#end", "cullface": "up"}, "west": {"uv": [0, 2, 1, 3], "rotation": 270, "texture": "#end", "cullface": "up"}, "up": {"uv": [0, 2, 3, 3], "texture": "#end", "cullface": "up"}}}, {"from": [5, 16, 2], "to": [9, 16.5, 4], "faces": {"north": {"uv": [5, 2, 9, 3], "rotation": 180, "texture": "#end", "cullface": "up"}, "east": {"uv": [8, 2, 9, 4], "rotation": 90, "texture": "#end", "cullface": "up"}, "south": {"uv": [5, 3, 9, 4], "texture": "#end", "cullface": "up"}, "west": {"uv": [5, 2, 6, 4], "rotation": 270, "texture": "#end", "cullface": "up"}, "up": {"uv": [5, 2, 9, 4], "texture": "#end", "cullface": "up"}}}, {"from": [10, 16, 3], "to": [14, 16.5, 5], "faces": {"north": {"uv": [10, 3, 14, 4], "rotation": 180, "texture": "#end", "cullface": "up"}, "east": {"uv": [10, 6, 11, 8], "rotation": 90, "texture": "#end", "cullface": "up"}, "south": {"uv": [10, 4, 14, 5], "texture": "#end", "cullface": "up"}, "west": {"uv": [10, 3, 11, 5], "rotation": 270, "texture": "#end", "cullface": "up"}, "up": {"uv": [10, 3, 14, 5], "texture": "#end", "cullface": "up"}}}, {"from": [0, 16, 3], "to": [1, 16.5, 4], "faces": {"east": {"uv": [0, 3, 1, 4], "rotation": 90, "texture": "#end", "cullface": "up"}, "south": {"uv": [0, 3, 1, 4], "texture": "#end", "cullface": "up"}, "west": {"uv": [0, 3, 1, 4], "rotation": 270, "texture": "#end", "cullface": "up"}, "up": {"uv": [0, 3, 1, 4], "texture": "#end", "cullface": "up"}}}, {"from": [1, 16, 4], "to": [5, 16.5, 6], "faces": {"north": {"uv": [1, 4, 5, 5], "rotation": 180, "texture": "#end", "cullface": "up"}, "east": {"uv": [4, 4, 5, 6], "rotation": 90, "texture": "#end", "cullface": "up"}, "south": {"uv": [1, 5, 5, 6], "texture": "#end", "cullface": "up"}, "west": {"uv": [1, 4, 2, 6], "rotation": 270, "texture": "#end", "cullface": "up"}, "up": {"uv": [1, 4, 5, 6], "texture": "#end", "cullface": "up"}}}, {"from": [14, 16, 5], "to": [16, 16.5, 6], "faces": {"north": {"uv": [14, 5, 16, 6], "rotation": 180, "texture": "#end", "cullface": "up"}, "east": {"uv": [15, 5, 16, 6], "rotation": 90, "texture": "#end", "cullface": "up"}, "south": {"uv": [14, 5, 16, 6], "texture": "#end", "cullface": "up"}, "west": {"uv": [14, 5, 15, 6], "rotation": 270, "texture": "#end", "cullface": "up"}, "up": {"uv": [14, 5, 16, 6], "texture": "#end", "cullface": "up"}}}, {"from": [13, 16, 6], "to": [15, 16.5, 7], "faces": {"north": {"uv": [13, 6, 15, 7], "rotation": 180, "texture": "#end", "cullface": "up"}, "east": {"uv": [14, 6, 15, 7], "rotation": 90, "texture": "#end", "cullface": "up"}, "south": {"uv": [13, 6, 15, 7], "texture": "#end", "cullface": "up"}, "west": {"uv": [13, 6, 14, 7], "rotation": 270, "texture": "#end", "cullface": "up"}, "up": {"uv": [13, 6, 15, 7], "texture": "#end", "cullface": "up"}}}, {"from": [7, 16, 6], "to": [11, 16.5, 8], "faces": {"north": {"uv": [7, 6, 11, 7], "rotation": 180, "texture": "#end", "cullface": "up"}, "east": {"uv": [6, 8, 7, 10], "rotation": 90, "texture": "#end", "cullface": "up"}, "south": {"uv": [7, 7, 11, 8], "texture": "#end", "cullface": "up"}, "west": {"uv": [8, 6, 9, 8], "rotation": 270, "texture": "#end", "cullface": "up"}, "up": {"uv": [7, 6, 11, 8], "texture": "#end", "cullface": "up"}}}, {"from": [0, 16, 7], "to": [1, 16.5, 8], "faces": {"north": {"uv": [0, 7, 1, 8], "rotation": 180, "texture": "#end", "cullface": "up"}, "east": {"uv": [0, 7, 1, 8], "rotation": 90, "texture": "#end", "cullface": "up"}, "west": {"uv": [0, 7, 1, 8], "rotation": 270, "texture": "#end", "cullface": "up"}, "up": {"uv": [0, 7, 1, 8], "texture": "#end", "cullface": "up"}}}, {"from": [13, 16, 7], "to": [14, 16.5, 8], "faces": {"east": {"uv": [13, 7, 14, 8], "rotation": 90, "texture": "#end", "cullface": "up"}, "south": {"uv": [13, 7, 14, 8], "texture": "#end", "cullface": "up"}, "west": {"uv": [13, 7, 14, 8], "rotation": 270, "texture": "#end", "cullface": "up"}, "up": {"uv": [13, 7, 14, 8], "texture": "#end", "cullface": "up"}}}, {"from": [15, 16, 7], "to": [16, 16.5, 11], "faces": {"north": {"uv": [15, 7, 16, 8], "rotation": 180, "texture": "#end", "cullface": "up"}, "east": {"uv": [15, 7, 16, 11], "rotation": 90, "texture": "#end", "cullface": "up"}, "south": {"uv": [15, 10, 16, 11], "texture": "#end", "cullface": "up"}, "west": {"uv": [15, 7, 16, 11], "rotation": 270, "texture": "#end", "cullface": "up"}, "up": {"uv": [15, 7, 16, 11], "texture": "#end", "cullface": "up"}}}, {"from": [14, 16, 8], "to": [15, 16.5, 10], "faces": {"north": {"uv": [14, 8, 15, 9], "rotation": 180, "texture": "#end", "cullface": "up"}, "south": {"uv": [14, 9, 15, 10], "texture": "#end", "cullface": "up"}, "west": {"uv": [14, 8, 15, 10], "rotation": 270, "texture": "#end", "cullface": "up"}, "up": {"uv": [14, 8, 15, 10], "texture": "#end", "cullface": "up"}}}, {"from": [0, 16, 8], "to": [2, 16.5, 9], "faces": {"north": {"uv": [0, 8, 2, 9], "rotation": 180, "texture": "#end", "cullface": "up"}, "east": {"uv": [1, 8, 2, 9], "rotation": 90, "texture": "#end", "cullface": "up"}, "south": {"uv": [0, 8, 2, 9], "texture": "#end", "cullface": "up"}, "west": {"uv": [0, 8, 1, 9], "rotation": 270, "texture": "#end", "cullface": "up"}, "up": {"uv": [0, 8, 2, 9], "texture": "#end", "cullface": "up"}}}, {"from": [0, 16, 11], "to": [4, 16.5, 13], "faces": {"north": {"uv": [0, 11, 4, 12], "rotation": 180, "texture": "#end", "cullface": "up"}, "east": {"uv": [3, 11, 4, 13], "rotation": 90, "texture": "#end", "cullface": "up"}, "south": {"uv": [0, 12, 4, 13], "texture": "#end", "cullface": "up"}, "west": {"uv": [1, 11, 2, 13], "rotation": 270, "texture": "#end", "cullface": "up"}, "up": {"uv": [0, 11, 4, 13], "texture": "#end", "cullface": "up"}}}, {"from": [10, 16, 10], "to": [14, 16.5, 12], "faces": {"north": {"uv": [10, 10, 14, 11], "rotation": 180, "texture": "#end", "cullface": "up"}, "east": {"uv": [13, 10, 14, 12], "rotation": 90, "texture": "#end", "cullface": "up"}, "south": {"uv": [10, 11, 14, 12], "texture": "#end", "cullface": "up"}, "west": {"uv": [10, 10, 11, 12], "rotation": 270, "texture": "#end", "cullface": "up"}, "up": {"uv": [10, 10, 14, 12], "texture": "#end", "cullface": "up"}}}, {"from": [13, 16, 13], "to": [15, 16.5, 14], "faces": {"north": {"uv": [13, 13, 15, 14], "rotation": 180, "texture": "#end", "cullface": "up"}, "east": {"uv": [14, 13, 15, 14], "rotation": 90, "texture": "#end", "cullface": "up"}, "west": {"uv": [13, 13, 14, 14], "rotation": 270, "texture": "#end", "cullface": "up"}, "up": {"uv": [13, 13, 15, 14], "texture": "#end", "cullface": "up"}}}, {"from": [12, 16, 14], "to": [16, 16.5, 16], "faces": {"north": {"uv": [12, 14, 16, 15], "rotation": 180, "texture": "#end", "cullface": "up"}, "east": {"uv": [15, 14, 16, 16], "rotation": 90, "texture": "#end", "cullface": "up"}, "south": {"uv": [12, 15, 16, 16], "texture": "#end", "cullface": "up"}, "west": {"uv": [12, 14, 13, 16], "rotation": 270, "texture": "#end", "cullface": "up"}, "up": {"uv": [12, 14, 16, 16], "texture": "#end", "cullface": "up"}}}, {"from": [8, 16, 15], "to": [12, 16.5, 16], "faces": {"north": {"uv": [8, 15, 12, 16], "rotation": 180, "texture": "#end", "cullface": "up"}, "south": {"uv": [8, 15, 12, 16], "texture": "#end", "cullface": "up"}, "west": {"uv": [8, 15, 9, 16], "rotation": 270, "texture": "#end", "cullface": "up"}, "up": {"uv": [8, 15, 12, 16], "texture": "#end", "cullface": "up"}}}, {"from": [9, 16, 14], "to": [11, 16.5, 15], "faces": {"north": {"uv": [9, 14, 11, 15], "rotation": 180, "texture": "#end", "cullface": "up"}, "east": {"uv": [10, 14, 11, 15], "rotation": 90, "texture": "#end", "cullface": "up"}, "west": {"uv": [9, 14, 10, 15], "rotation": 270, "texture": "#end", "cullface": "up"}, "up": {"uv": [9, 14, 11, 15], "texture": "#end", "cullface": "up"}}}, {"from": [6, 16, 11], "to": [10, 16.5, 13], "faces": {"north": {"uv": [6, 11, 10, 12], "rotation": 180, "texture": "#end", "cullface": "up"}, "east": {"uv": [9, 11, 10, 13], "rotation": 90, "texture": "#end", "cullface": "up"}, "south": {"uv": [6, 12, 10, 13], "texture": "#end", "cullface": "up"}, "west": {"uv": [6, 11, 7, 13], "rotation": 270, "texture": "#end", "cullface": "up"}, "up": {"uv": [6, 11, 10, 13], "texture": "#end", "cullface": "up"}}}, {"from": [1, 16, 15], "to": [7, 16.5, 16], "faces": {"north": {"uv": [1, 15, 7, 16], "rotation": 180, "texture": "#end", "cullface": "up"}, "east": {"uv": [6, 15, 7, 16], "rotation": 90, "texture": "#end", "cullface": "up"}, "south": {"uv": [1, 15, 7, 16], "texture": "#end", "cullface": "up"}, "west": {"uv": [1, 15, 2, 16], "rotation": 270, "texture": "#end", "cullface": "up"}, "up": {"uv": [1, 15, 7, 16], "texture": "#end", "cullface": "up"}}}, {"from": [3, 16, 14], "to": [7, 16.5, 15], "faces": {"north": {"uv": [3, 14, 7, 15], "rotation": 180, "texture": "#end", "cullface": "up"}, "east": {"uv": [6, 14, 7, 15], "rotation": 90, "texture": "#end", "cullface": "up"}, "west": {"uv": [3, 14, 4, 15], "rotation": 270, "texture": "#end", "cullface": "up"}, "up": {"uv": [3, 14, 7, 15], "texture": "#end", "cullface": "up"}}}, {"from": [4, 16, 13], "to": [6, 16.5, 14], "faces": {"north": {"uv": [4, 13, 6, 14], "rotation": 180, "texture": "#end", "cullface": "up"}, "east": {"uv": [5, 13, 6, 14], "rotation": 90, "texture": "#end", "cullface": "up"}, "west": {"uv": [4, 13, 5, 14], "rotation": 270, "texture": "#end", "cullface": "up"}, "up": {"uv": [4, 13, 6, 14], "texture": "#end", "cullface": "up"}}}, {"from": [3, 16, 8], "to": [7, 16.5, 10], "faces": {"north": {"uv": [3, 8, 7, 9], "rotation": 180, "texture": "#end", "cullface": "up"}, "east": {"uv": [6, 8, 7, 10], "rotation": 90, "texture": "#end", "cullface": "up"}, "south": {"uv": [3, 9, 7, 10], "texture": "#end", "cullface": "up"}, "west": {"uv": [3, 8, 4, 10], "rotation": 270, "texture": "#end", "cullface": "up"}, "up": {"uv": [3, 8, 7, 10], "texture": "#end", "cullface": "up"}}}, {"from": [6, 16, 1], "to": [8, 16.5, 5], "faces": {"north": {"uv": [6, 1, 8, 2], "rotation": 180, "texture": "#end", "cullface": "up"}, "east": {"uv": [7, 1, 8, 5], "rotation": 270, "texture": "#end", "cullface": "up"}, "south": {"uv": [6, 4, 8, 5], "texture": "#end", "cullface": "up"}, "west": {"uv": [6, 1, 7, 5], "rotation": 90, "texture": "#end", "cullface": "up"}, "up": {"uv": [6, 1, 8, 5], "texture": "#end", "cullface": "up"}}}, {"from": [2, 16, 3], "to": [4, 16.5, 7], "faces": {"north": {"uv": [2, 3, 4, 4], "rotation": 180, "texture": "#end", "cullface": "up"}, "east": {"uv": [3, 3, 4, 7], "rotation": 270, "texture": "#end", "cullface": "up"}, "south": {"uv": [2, 6, 4, 7], "texture": "#end", "cullface": "up"}, "west": {"uv": [2, 3, 3, 7], "rotation": 90, "texture": "#end", "cullface": "up"}, "up": {"uv": [2, 3, 4, 7], "texture": "#end", "cullface": "up"}}}, {"from": [4, 16, 7], "to": [6, 16.5, 11], "faces": {"north": {"uv": [4, 7, 6, 8], "rotation": 180, "texture": "#end", "cullface": "up"}, "east": {"uv": [5, 7, 6, 11], "rotation": 270, "texture": "#end", "cullface": "up"}, "south": {"uv": [4, 10, 6, 11], "texture": "#end", "cullface": "up"}, "west": {"uv": [4, 7, 5, 11], "rotation": 90, "texture": "#end", "cullface": "up"}, "up": {"uv": [4, 7, 6, 11], "texture": "#end", "cullface": "up"}}}, {"from": [1, 16, 10], "to": [3, 16.5, 14], "faces": {"north": {"uv": [1, 10, 3, 11], "rotation": 180, "texture": "#end", "cullface": "up"}, "east": {"uv": [2, 10, 3, 14], "rotation": 270, "texture": "#end", "cullface": "up"}, "south": {"uv": [1, 13, 3, 14], "texture": "#end", "cullface": "up"}, "west": {"uv": [1, 10, 2, 14], "rotation": 90, "texture": "#end", "cullface": "up"}, "up": {"uv": [1, 10, 3, 14], "texture": "#end", "cullface": "up"}}}, {"from": [7, 16, 10], "to": [9, 16.5, 14], "faces": {"north": {"uv": [7, 10, 9, 11], "rotation": 180, "texture": "#end", "cullface": "up"}, "east": {"uv": [8, 10, 9, 14], "rotation": 270, "texture": "#end", "cullface": "up"}, "south": {"uv": [7, 13, 9, 14], "texture": "#end", "cullface": "up"}, "west": {"uv": [7, 10, 8, 14], "rotation": 90, "texture": "#end", "cullface": "up"}, "up": {"uv": [7, 10, 9, 14], "texture": "#end", "cullface": "up"}}}, {"from": [11, 16, 9], "to": [13, 16.5, 13], "faces": {"north": {"uv": [11, 9, 13, 10], "rotation": 180, "texture": "#end", "cullface": "up"}, "east": {"uv": [12, 9, 13, 13], "rotation": 270, "texture": "#end", "cullface": "up"}, "south": {"uv": [11, 12, 13, 13], "texture": "#end", "cullface": "up"}, "west": {"uv": [11, 9, 12, 13], "rotation": 90, "texture": "#end", "cullface": "up"}, "up": {"uv": [11, 9, 13, 13], "texture": "#end", "cullface": "up"}}}, {"from": [8, 16, 5], "to": [10, 16.5, 9], "faces": {"north": {"uv": [8, 5, 10, 6], "rotation": 180, "texture": "#end", "cullface": "up"}, "east": {"uv": [9, 5, 10, 9], "rotation": 270, "texture": "#end", "cullface": "up"}, "south": {"uv": [8, 8, 10, 9], "texture": "#end", "cullface": "up"}, "west": {"uv": [8, 5, 9, 9], "rotation": 90, "texture": "#end", "cullface": "up"}, "up": {"uv": [8, 5, 10, 9], "texture": "#end", "cullface": "up"}}}, {"from": [11, 16, 2], "to": [13, 16.5, 6], "faces": {"north": {"uv": [11, 2, 13, 3], "rotation": 180, "texture": "#end", "cullface": "up"}, "east": {"uv": [12, 2, 13, 6], "rotation": 270, "texture": "#end", "cullface": "up"}, "south": {"uv": [11, 5, 13, 6], "texture": "#end", "cullface": "up"}, "west": {"uv": [11, 2, 12, 6], "rotation": 90, "texture": "#end", "cullface": "up"}, "up": {"uv": [11, 2, 13, 6], "texture": "#end", "cullface": "up"}}}, {"from": [0, -0.5, 15], "to": [6, 0, 16], "faces": {"north": {"uv": [0, 0, 6, 1], "rotation": 180, "texture": "#end", "cullface": "down"}, "east": {"uv": [5, 0, 6, 1], "rotation": 270, "texture": "#end", "cullface": "down"}, "south": {"uv": [0, 0, 6, 1], "texture": "#end", "cullface": "down"}, "west": {"uv": [0, 0, 1, 1], "rotation": 90, "texture": "#end", "cullface": "down"}, "down": {"uv": [0, 0, 6, 1], "texture": "#end", "cullface": "down"}}}, {"from": [8, -0.5, 15], "to": [12, 0, 16], "faces": {"north": {"uv": [8, 0, 12, 1], "rotation": 180, "texture": "#end", "cullface": "down"}, "east": {"uv": [11, 0, 12, 1], "rotation": 270, "texture": "#end", "cullface": "down"}, "south": {"uv": [8, 0, 12, 1], "texture": "#end", "cullface": "down"}, "west": {"uv": [8, 0, 9, 1], "rotation": 90, "texture": "#end", "cullface": "down"}, "down": {"uv": [8, 0, 12, 1], "texture": "#end", "cullface": "down"}}}, {"from": [13, -0.5, 15], "to": [15, 0, 16], "faces": {"north": {"uv": [13, 0, 15, 1], "rotation": 180, "texture": "#end", "cullface": "down"}, "east": {"uv": [14, 0, 15, 1], "rotation": 270, "texture": "#end", "cullface": "down"}, "south": {"uv": [13, 0, 15, 1], "texture": "#end", "cullface": "down"}, "west": {"uv": [13, 0, 14, 1], "rotation": 90, "texture": "#end", "cullface": "down"}, "down": {"uv": [13, 0, 15, 1], "texture": "#end", "cullface": "down"}}}, {"from": [9, -0.5, 14], "to": [11, 0, 15], "faces": {"north": {"uv": [9, 1, 11, 2], "rotation": 180, "texture": "#end", "cullface": "down"}, "east": {"uv": [10, 1, 11, 2], "rotation": 270, "texture": "#end", "cullface": "down"}, "west": {"uv": [9, 1, 10, 2], "rotation": 90, "texture": "#end", "cullface": "down"}, "down": {"uv": [9, 1, 11, 2], "texture": "#end", "cullface": "down"}}}, {"from": [0, -0.5, 14], "to": [4, 0, 15], "faces": {"north": {"uv": [0, 1, 4, 2], "rotation": 180, "texture": "#end", "cullface": "down"}, "east": {"uv": [3, 1, 4, 2], "rotation": 270, "texture": "#end", "cullface": "down"}, "west": {"uv": [0, 1, 1, 2], "rotation": 90, "texture": "#end", "cullface": "down"}, "down": {"uv": [0, 1, 4, 2], "texture": "#end", "cullface": "down"}}}, {"from": [15, -0.5, 12], "to": [16, 0, 15], "faces": {"north": {"uv": [15, 3, 16, 4], "rotation": 180, "texture": "#end", "cullface": "down"}, "east": {"uv": [15, 1, 16, 4], "rotation": 270, "texture": "#end", "cullface": "down"}, "south": {"uv": [15, 1, 16, 2], "texture": "#end", "cullface": "down"}, "west": {"uv": [15, 1, 16, 4], "rotation": 90, "texture": "#end", "cullface": "down"}, "down": {"uv": [15, 1, 16, 4], "texture": "#end", "cullface": "down"}}}, {"from": [14, -0.5, 13], "to": [15, 0, 14], "faces": {"north": {"uv": [14, 2, 15, 3], "rotation": 180, "texture": "#end", "cullface": "down"}, "south": {"uv": [14, 2, 15, 3], "texture": "#end", "cullface": "down"}, "west": {"uv": [14, 2, 15, 3], "rotation": 90, "texture": "#end", "cullface": "down"}, "down": {"uv": [14, 2, 15, 3], "texture": "#end", "cullface": "down"}}}, {"from": [0, -0.5, 13], "to": [3, 0, 14], "faces": {"north": {"uv": [0, 2, 3, 3], "rotation": 180, "texture": "#end", "cullface": "down"}, "east": {"uv": [2, 2, 3, 3], "rotation": 270, "texture": "#end", "cullface": "down"}, "west": {"uv": [0, 2, 1, 3], "rotation": 90, "texture": "#end", "cullface": "down"}, "down": {"uv": [0, 2, 3, 3], "texture": "#end", "cullface": "down"}}}, {"from": [5, -0.5, 12], "to": [9, 0, 14], "faces": {"north": {"uv": [5, 3, 9, 4], "rotation": 180, "texture": "#end", "cullface": "down"}, "east": {"uv": [8, 2, 9, 4], "rotation": 270, "texture": "#end", "cullface": "down"}, "south": {"uv": [5, 2, 9, 3], "texture": "#end", "cullface": "down"}, "west": {"uv": [5, 2, 6, 4], "rotation": 90, "texture": "#end", "cullface": "down"}, "down": {"uv": [5, 2, 9, 4], "texture": "#end", "cullface": "down"}}}, {"from": [10, -0.5, 11], "to": [14, 0, 13], "faces": {"north": {"uv": [10, 4, 14, 5], "rotation": 180, "texture": "#end", "cullface": "down"}, "east": {"uv": [10, 6, 11, 8], "rotation": 270, "texture": "#end", "cullface": "down"}, "south": {"uv": [10, 3, 14, 4], "texture": "#end", "cullface": "down"}, "west": {"uv": [10, 3, 11, 5], "rotation": 90, "texture": "#end", "cullface": "down"}, "down": {"uv": [10, 3, 14, 5], "texture": "#end", "cullface": "down"}}}, {"from": [0, -0.5, 12], "to": [1, 0, 13], "faces": {"north": {"uv": [0, 3, 1, 4], "rotation": 180, "texture": "#end", "cullface": "down"}, "east": {"uv": [0, 3, 1, 4], "rotation": 270, "texture": "#end", "cullface": "down"}, "west": {"uv": [0, 3, 1, 4], "rotation": 90, "texture": "#end", "cullface": "down"}, "down": {"uv": [0, 3, 1, 4], "texture": "#end", "cullface": "down"}}}, {"from": [1, -0.5, 10], "to": [5, 0, 12], "faces": {"north": {"uv": [1, 5, 5, 6], "rotation": 180, "texture": "#end", "cullface": "down"}, "east": {"uv": [4, 4, 5, 6], "rotation": 270, "texture": "#end", "cullface": "down"}, "south": {"uv": [1, 4, 5, 5], "texture": "#end", "cullface": "down"}, "west": {"uv": [1, 4, 2, 6], "rotation": 90, "texture": "#end", "cullface": "down"}, "down": {"uv": [1, 4, 5, 6], "texture": "#end", "cullface": "down"}}}, {"from": [14, -0.5, 10], "to": [16, 0, 11], "faces": {"north": {"uv": [14, 5, 16, 6], "rotation": 180, "texture": "#end", "cullface": "down"}, "east": {"uv": [15, 5, 16, 6], "rotation": 270, "texture": "#end", "cullface": "down"}, "south": {"uv": [14, 5, 16, 6], "texture": "#end", "cullface": "down"}, "west": {"uv": [14, 5, 15, 6], "rotation": 90, "texture": "#end", "cullface": "down"}, "down": {"uv": [14, 5, 16, 6], "texture": "#end", "cullface": "down"}}}, {"from": [13, -0.5, 9], "to": [15, 0, 10], "faces": {"north": {"uv": [13, 6, 15, 7], "rotation": 180, "texture": "#end", "cullface": "down"}, "east": {"uv": [14, 6, 15, 7], "rotation": 270, "texture": "#end", "cullface": "down"}, "south": {"uv": [13, 6, 15, 7], "texture": "#end", "cullface": "down"}, "west": {"uv": [13, 6, 14, 7], "rotation": 90, "texture": "#end", "cullface": "down"}, "down": {"uv": [13, 6, 15, 7], "texture": "#end", "cullface": "down"}}}, {"from": [7, -0.5, 8], "to": [11, 0, 10], "faces": {"north": {"uv": [7, 7, 11, 8], "rotation": 180, "texture": "#end", "cullface": "down"}, "east": {"uv": [6, 8, 7, 10], "rotation": 270, "texture": "#end", "cullface": "down"}, "south": {"uv": [7, 6, 11, 7], "texture": "#end", "cullface": "down"}, "west": {"uv": [8, 6, 9, 8], "rotation": 90, "texture": "#end", "cullface": "down"}, "down": {"uv": [7, 6, 11, 8], "texture": "#end", "cullface": "down"}}}, {"from": [0, -0.5, 8], "to": [1, 0, 9], "faces": {"east": {"uv": [0, 7, 1, 8], "rotation": 270, "texture": "#end", "cullface": "down"}, "south": {"uv": [0, 7, 1, 8], "texture": "#end", "cullface": "down"}, "west": {"uv": [0, 7, 1, 8], "rotation": 90, "texture": "#end", "cullface": "down"}, "down": {"uv": [0, 7, 1, 8], "texture": "#end", "cullface": "down"}}}, {"from": [13, -0.5, 8], "to": [14, 0, 9], "faces": {"north": {"uv": [13, 7, 14, 8], "rotation": 180, "texture": "#end", "cullface": "down"}, "east": {"uv": [13, 7, 14, 8], "rotation": 270, "texture": "#end", "cullface": "down"}, "west": {"uv": [13, 7, 14, 8], "rotation": 90, "texture": "#end", "cullface": "down"}, "down": {"uv": [13, 7, 14, 8], "texture": "#end", "cullface": "down"}}}, {"from": [15, -0.5, 5], "to": [16, 0, 9], "faces": {"north": {"uv": [15, 10, 16, 11], "rotation": 180, "texture": "#end", "cullface": "down"}, "east": {"uv": [15, 7, 16, 11], "rotation": 270, "texture": "#end", "cullface": "down"}, "south": {"uv": [15, 7, 16, 8], "texture": "#end", "cullface": "down"}, "west": {"uv": [15, 7, 16, 11], "rotation": 90, "texture": "#end", "cullface": "down"}, "down": {"uv": [15, 7, 16, 11], "texture": "#end", "cullface": "down"}}}, {"from": [14, -0.5, 6], "to": [15, 0, 8], "faces": {"north": {"uv": [14, 9, 15, 10], "rotation": 180, "texture": "#end", "cullface": "down"}, "south": {"uv": [14, 8, 15, 9], "texture": "#end", "cullface": "down"}, "west": {"uv": [14, 8, 15, 10], "rotation": 90, "texture": "#end", "cullface": "down"}, "down": {"uv": [14, 8, 15, 10], "texture": "#end", "cullface": "down"}}}, {"from": [0, -0.5, 7], "to": [2, 0, 8], "faces": {"north": {"uv": [0, 8, 2, 9], "rotation": 180, "texture": "#end", "cullface": "down"}, "east": {"uv": [1, 8, 2, 9], "rotation": 270, "texture": "#end", "cullface": "down"}, "south": {"uv": [0, 8, 2, 9], "texture": "#end", "cullface": "down"}, "west": {"uv": [0, 8, 1, 9], "rotation": 90, "texture": "#end", "cullface": "down"}, "down": {"uv": [0, 8, 2, 9], "texture": "#end", "cullface": "down"}}}, {"from": [0, -0.5, 3], "to": [4, 0, 5], "faces": {"north": {"uv": [0, 12, 4, 13], "rotation": 180, "texture": "#end", "cullface": "down"}, "east": {"uv": [3, 11, 4, 13], "rotation": 270, "texture": "#end", "cullface": "down"}, "south": {"uv": [0, 11, 4, 12], "texture": "#end", "cullface": "down"}, "west": {"uv": [1, 11, 2, 13], "rotation": 90, "texture": "#end", "cullface": "down"}, "down": {"uv": [0, 11, 4, 13], "texture": "#end", "cullface": "down"}}}, {"from": [10, -0.5, 4], "to": [14, 0, 6], "faces": {"north": {"uv": [10, 11, 14, 12], "rotation": 180, "texture": "#end", "cullface": "down"}, "east": {"uv": [13, 10, 14, 12], "rotation": 270, "texture": "#end", "cullface": "down"}, "south": {"uv": [10, 10, 14, 11], "texture": "#end", "cullface": "down"}, "west": {"uv": [10, 10, 11, 12], "rotation": 90, "texture": "#end", "cullface": "down"}, "down": {"uv": [10, 10, 14, 12], "texture": "#end", "cullface": "down"}}}, {"from": [13, -0.5, 2], "to": [15, 0, 3], "faces": {"east": {"uv": [14, 13, 15, 14], "rotation": 270, "texture": "#end", "cullface": "down"}, "south": {"uv": [13, 13, 15, 14], "texture": "#end", "cullface": "down"}, "west": {"uv": [13, 13, 14, 14], "rotation": 90, "texture": "#end", "cullface": "down"}, "down": {"uv": [13, 13, 15, 14], "texture": "#end", "cullface": "down"}}}, {"from": [12, -0.5, 0], "to": [16, 0, 2], "faces": {"north": {"uv": [12, 15, 16, 16], "rotation": 180, "texture": "#end", "cullface": "down"}, "east": {"uv": [15, 14, 16, 16], "rotation": 270, "texture": "#end", "cullface": "down"}, "south": {"uv": [12, 14, 16, 15], "texture": "#end", "cullface": "down"}, "west": {"uv": [12, 14, 13, 16], "rotation": 90, "texture": "#end", "cullface": "down"}, "down": {"uv": [12, 14, 16, 16], "texture": "#end", "cullface": "down"}}}, {"from": [8, -0.5, 0], "to": [12, 0, 1], "faces": {"north": {"uv": [8, 15, 12, 16], "rotation": 180, "texture": "#end", "cullface": "down"}, "south": {"uv": [8, 15, 12, 16], "texture": "#end", "cullface": "down"}, "west": {"uv": [8, 15, 9, 16], "rotation": 90, "texture": "#end", "cullface": "down"}, "down": {"uv": [8, 15, 12, 16], "texture": "#end", "cullface": "down"}}}, {"from": [9, -0.5, 1], "to": [11, 0, 2], "faces": {"east": {"uv": [10, 14, 11, 15], "rotation": 270, "texture": "#end", "cullface": "down"}, "south": {"uv": [9, 14, 11, 15], "texture": "#end", "cullface": "down"}, "west": {"uv": [9, 14, 10, 15], "rotation": 90, "texture": "#end", "cullface": "down"}, "down": {"uv": [9, 14, 11, 15], "texture": "#end", "cullface": "down"}}}, {"from": [6, -0.5, 3], "to": [10, 0, 5], "faces": {"north": {"uv": [6, 12, 10, 13], "rotation": 180, "texture": "#end", "cullface": "down"}, "east": {"uv": [9, 11, 10, 13], "rotation": 270, "texture": "#end", "cullface": "down"}, "south": {"uv": [6, 11, 10, 12], "texture": "#end", "cullface": "down"}, "west": {"uv": [6, 11, 7, 13], "rotation": 90, "texture": "#end", "cullface": "down"}, "down": {"uv": [6, 11, 10, 13], "texture": "#end", "cullface": "down"}}}, {"from": [1, -0.5, 0], "to": [7, 0, 1], "faces": {"north": {"uv": [1, 15, 7, 16], "rotation": 180, "texture": "#end", "cullface": "down"}, "east": {"uv": [6, 15, 7, 16], "rotation": 270, "texture": "#end", "cullface": "down"}, "south": {"uv": [1, 15, 7, 16], "texture": "#end", "cullface": "down"}, "west": {"uv": [1, 15, 2, 16], "rotation": 90, "texture": "#end", "cullface": "down"}, "down": {"uv": [1, 15, 7, 16], "texture": "#end", "cullface": "down"}}}, {"from": [3, -0.5, 1], "to": [7, 0, 2], "faces": {"east": {"uv": [6, 14, 7, 15], "rotation": 270, "texture": "#end", "cullface": "down"}, "south": {"uv": [3, 14, 7, 15], "texture": "#end", "cullface": "down"}, "west": {"uv": [3, 14, 4, 15], "rotation": 90, "texture": "#end", "cullface": "down"}, "down": {"uv": [3, 14, 7, 15], "texture": "#end", "cullface": "down"}}}, {"from": [4, -0.5, 2], "to": [6, 0, 3], "faces": {"east": {"uv": [5, 13, 6, 14], "rotation": 270, "texture": "#end", "cullface": "down"}, "south": {"uv": [4, 13, 6, 14], "texture": "#end", "cullface": "down"}, "west": {"uv": [4, 13, 5, 14], "rotation": 90, "texture": "#end", "cullface": "down"}, "down": {"uv": [4, 13, 6, 14], "texture": "#end", "cullface": "down"}}}, {"from": [3, -0.5, 6], "to": [7, 0, 8], "faces": {"north": {"uv": [3, 9, 7, 10], "rotation": 180, "texture": "#end", "cullface": "down"}, "east": {"uv": [6, 8, 7, 10], "rotation": 270, "texture": "#end", "cullface": "down"}, "south": {"uv": [3, 8, 7, 9], "texture": "#end", "cullface": "down"}, "west": {"uv": [3, 8, 4, 10], "rotation": 90, "texture": "#end", "cullface": "down"}, "down": {"uv": [3, 8, 7, 10], "texture": "#end", "cullface": "down"}}}, {"from": [6, -0.5, 11], "to": [8, 0, 15], "faces": {"north": {"uv": [6, 4, 8, 5], "rotation": 180, "texture": "#end", "cullface": "down"}, "east": {"uv": [7, 1, 8, 5], "rotation": 90, "texture": "#end", "cullface": "down"}, "south": {"uv": [6, 1, 8, 2], "texture": "#end", "cullface": "down"}, "west": {"uv": [6, 1, 7, 5], "rotation": 270, "texture": "#end", "cullface": "down"}, "down": {"uv": [6, 1, 8, 5], "texture": "#end", "cullface": "down"}}}, {"from": [2, -0.5, 9], "to": [4, 0, 13], "faces": {"north": {"uv": [2, 6, 4, 7], "rotation": 180, "texture": "#end", "cullface": "down"}, "east": {"uv": [3, 3, 4, 7], "rotation": 90, "texture": "#end", "cullface": "down"}, "south": {"uv": [2, 3, 4, 4], "texture": "#end", "cullface": "down"}, "west": {"uv": [2, 3, 3, 7], "rotation": 270, "texture": "#end", "cullface": "down"}, "down": {"uv": [2, 3, 4, 7], "texture": "#end", "cullface": "down"}}}, {"from": [4, -0.5, 5], "to": [6, 0, 9], "faces": {"north": {"uv": [4, 10, 6, 11], "rotation": 180, "texture": "#end", "cullface": "down"}, "east": {"uv": [5, 7, 6, 11], "rotation": 90, "texture": "#end", "cullface": "down"}, "south": {"uv": [4, 7, 6, 8], "texture": "#end", "cullface": "down"}, "west": {"uv": [4, 7, 5, 11], "rotation": 270, "texture": "#end", "cullface": "down"}, "down": {"uv": [4, 7, 6, 11], "texture": "#end", "cullface": "down"}}}, {"from": [1, -0.5, 2], "to": [3, 0, 6], "faces": {"north": {"uv": [1, 13, 3, 14], "rotation": 180, "texture": "#end", "cullface": "down"}, "east": {"uv": [2, 10, 3, 14], "rotation": 90, "texture": "#end", "cullface": "down"}, "south": {"uv": [1, 10, 3, 11], "texture": "#end", "cullface": "down"}, "west": {"uv": [1, 10, 2, 14], "rotation": 270, "texture": "#end", "cullface": "down"}, "down": {"uv": [1, 10, 3, 14], "texture": "#end", "cullface": "down"}}}, {"from": [7, -0.5, 2], "to": [9, 0, 6], "faces": {"north": {"uv": [7, 13, 9, 14], "rotation": 180, "texture": "#end", "cullface": "down"}, "east": {"uv": [8, 10, 9, 14], "rotation": 90, "texture": "#end", "cullface": "down"}, "south": {"uv": [7, 10, 9, 11], "texture": "#end", "cullface": "down"}, "west": {"uv": [7, 10, 8, 14], "rotation": 270, "texture": "#end", "cullface": "down"}, "down": {"uv": [7, 10, 9, 14], "texture": "#end", "cullface": "down"}}}, {"from": [11, -0.5, 3], "to": [13, 0, 7], "faces": {"north": {"uv": [11, 12, 13, 13], "rotation": 180, "texture": "#end", "cullface": "down"}, "east": {"uv": [12, 9, 13, 13], "rotation": 90, "texture": "#end", "cullface": "down"}, "south": {"uv": [11, 9, 13, 10], "texture": "#end", "cullface": "down"}, "west": {"uv": [11, 9, 12, 13], "rotation": 270, "texture": "#end", "cullface": "down"}, "down": {"uv": [11, 9, 13, 13], "texture": "#end", "cullface": "down"}}}, {"from": [8, -0.5, 7], "to": [10, 0, 11], "faces": {"north": {"uv": [8, 8, 10, 9], "rotation": 180, "texture": "#end", "cullface": "down"}, "east": {"uv": [9, 5, 10, 9], "rotation": 90, "texture": "#end", "cullface": "down"}, "south": {"uv": [8, 5, 10, 6], "texture": "#end", "cullface": "down"}, "west": {"uv": [8, 5, 9, 9], "rotation": 270, "texture": "#end", "cullface": "down"}, "down": {"uv": [8, 5, 10, 9], "texture": "#end", "cullface": "down"}}}, {"from": [11, -0.5, 10], "to": [13, 0, 14], "faces": {"north": {"uv": [11, 5, 13, 6], "rotation": 180, "texture": "#end", "cullface": "down"}, "east": {"uv": [12, 2, 13, 6], "rotation": 90, "texture": "#end", "cullface": "down"}, "south": {"uv": [11, 2, 13, 3], "texture": "#end", "cullface": "down"}, "west": {"uv": [11, 2, 12, 6], "rotation": 270, "texture": "#end", "cullface": "down"}, "down": {"uv": [11, 2, 13, 6], "texture": "#end", "cullface": "down"}}}], "groups": [0, {"name": "top", "origin": [8, 8, 8], "color": 0, "children": [1, 2, 3, 4, 5, 6, 7, 8, 9, 10, 11, 12, 13, 14, 15, 16, 17, 18, 19, 20, 21, 22, 23, 24, 25, 26, 27, 28, 29, 30, 31, 32, 33, 34, 35, 36, 37, 38, 39]}, {"name": "bottom", "origin": [8, 8, 8], "color": 0, "children": [40, 41, 42, 43, 44, 45, 46, 47, 48, 49, 50, 51, 52, 53, 54, 55, 56, 57, 58, 59, 60, 61, 62, 63, 64, 65, 66, 67, 68, 69, 70, 71, 72, 73, 74, 75, 76, 77, 78]}]}