{"parent": "block/template_torch", "ambientocclusion": false, "textures": {"particle": "block/comparator_on", "top": "block/comparator_on", "unlit": "block/redstone_torch_off", "slab": "block/smooth_stone", "torch": "block/redstone_torch"}, "elements": [{"from": [0, 0, 0], "to": [16, 2, 16], "faces": {"north": {"uv": [0, 14, 16, 16], "texture": "#slab", "cullface": "north"}, "east": {"uv": [0, 14, 16, 16], "texture": "#slab", "cullface": "east"}, "south": {"uv": [0, 14, 16, 16], "texture": "#slab", "cullface": "south"}, "west": {"uv": [0, 14, 16, 16], "texture": "#slab", "cullface": "west"}, "up": {"uv": [0, 0, 16, 16], "texture": "#top"}, "down": {"uv": [0, 0, 16, 16], "texture": "#slab", "cullface": "down"}}}, {"from": [4, 2, 11], "to": [6, 5, 13], "faces": {"north": {"uv": [7, 8, 9, 11], "texture": "#unlit"}, "east": {"uv": [7, 8, 9, 11], "texture": "#unlit"}, "south": {"uv": [7, 8, 9, 11], "texture": "#unlit"}, "west": {"uv": [7, 8, 9, 11], "texture": "#unlit"}}}, {"from": [6, 4.99, 13], "to": [6.75, 6.99, 13.75], "rotation": {"angle": 0, "axis": "y", "origin": [5, 5, 12]}, "faces": {"north": {"uv": [9, 6, 10, 8], "texture": "#torch"}, "east": {"uv": [9, 6, 10, 8], "texture": "#torch"}, "south": {"uv": [9, 6, 10, 8], "texture": "#torch"}, "west": {"uv": [9, 6, 10, 8], "texture": "#torch"}, "up": {"uv": [9, 6, 10, 8], "texture": "#torch"}, "down": {"uv": [9, 6, 10, 8], "texture": "#torch"}}}, {"from": [3.25, 4.99, 13], "to": [4, 6.99, 13.75], "rotation": {"angle": 0, "axis": "y", "origin": [5, 5, 12]}, "faces": {"north": {"uv": [9, 6, 10, 8], "texture": "#torch"}, "east": {"uv": [9, 6, 10, 8], "texture": "#torch"}, "south": {"uv": [9, 6, 10, 8], "texture": "#torch"}, "west": {"uv": [9, 6, 10, 8], "texture": "#torch"}, "up": {"uv": [9, 6, 10, 8], "texture": "#torch"}, "down": {"uv": [9, 6, 10, 8], "texture": "#torch"}}}, {"from": [6, 4.99, 10.25], "to": [6.75, 6.99, 11], "rotation": {"angle": 0, "axis": "y", "origin": [5, 5, 12]}, "faces": {"north": {"uv": [9, 6, 10, 8], "texture": "#torch"}, "east": {"uv": [9, 6, 10, 8], "texture": "#torch"}, "south": {"uv": [9, 6, 10, 8], "texture": "#torch"}, "west": {"uv": [9, 6, 10, 8], "texture": "#torch"}, "up": {"uv": [9, 6, 10, 8], "texture": "#torch"}, "down": {"uv": [9, 6, 10, 8], "texture": "#torch"}}}, {"from": [3.25, 4.99, 10.25], "to": [4, 6.99, 11], "rotation": {"angle": 0, "axis": "y", "origin": [5, 5, 12]}, "faces": {"north": {"uv": [9, 6, 10, 8], "texture": "#torch"}, "east": {"uv": [9, 6, 10, 8], "texture": "#torch"}, "south": {"uv": [9, 6, 10, 8], "texture": "#torch"}, "west": {"uv": [9, 6, 10, 8], "texture": "#torch"}, "up": {"uv": [9, 6, 10, 8], "texture": "#torch"}, "down": {"uv": [9, 6, 10, 8], "texture": "#torch"}}}, {"from": [4, 6.99, 13], "to": [6, 7.74, 13.75], "rotation": {"angle": 0, "axis": "y", "origin": [5, 5, 12]}, "faces": {"north": {"uv": [7, 5, 9, 6], "texture": "#torch"}, "east": {"uv": [7, 5, 9, 6], "texture": "#torch"}, "south": {"uv": [7, 5, 9, 6], "texture": "#torch"}, "west": {"uv": [7, 5, 9, 6], "texture": "#torch"}, "up": {"uv": [7, 5, 9, 6], "texture": "#torch"}, "down": {"uv": [7, 5, 9, 6], "texture": "#torch"}}}, {"from": [3.25, 6.99, 11], "to": [4, 7.74, 13], "rotation": {"angle": 0, "axis": "y", "origin": [5, 5, 12]}, "faces": {"north": {"uv": [7, 5, 9, 6], "rotation": 90, "texture": "#torch"}, "east": {"uv": [7, 5, 9, 6], "rotation": 90, "texture": "#torch"}, "south": {"uv": [7, 5, 9, 6], "rotation": 90, "texture": "#torch"}, "west": {"uv": [7, 5, 9, 6], "rotation": 90, "texture": "#torch"}, "up": {"uv": [7, 5, 9, 6], "rotation": 90, "texture": "#torch"}, "down": {"uv": [7, 5, 9, 6], "rotation": 90, "texture": "#torch"}}}, {"from": [4, 6.99, 10.25], "to": [6, 7.74, 11], "rotation": {"angle": 0, "axis": "y", "origin": [5, 5, 12]}, "faces": {"north": {"uv": [7, 5, 9, 6], "rotation": 180, "texture": "#torch"}, "east": {"uv": [7, 5, 9, 6], "rotation": 180, "texture": "#torch"}, "south": {"uv": [7, 5, 9, 6], "rotation": 180, "texture": "#torch"}, "west": {"uv": [7, 5, 9, 6], "rotation": 180, "texture": "#torch"}, "up": {"uv": [7, 5, 9, 6], "rotation": 180, "texture": "#torch"}, "down": {"uv": [7, 5, 9, 6], "rotation": 180, "texture": "#torch"}}}, {"from": [6, 6.99, 11], "to": [6.75, 7.74, 13], "rotation": {"angle": 0, "axis": "y", "origin": [5, 5, 12]}, "faces": {"north": {"uv": [7, 5, 9, 6], "texture": "#torch"}, "east": {"uv": [7, 5, 9, 6], "texture": "#torch"}, "south": {"uv": [7, 5, 9, 6], "texture": "#torch"}, "west": {"uv": [7, 5, 9, 6], "texture": "#torch"}, "up": {"uv": [7, 5, 9, 6], "texture": "#torch"}, "down": {"uv": [7, 5, 9, 6], "texture": "#torch"}}}, {"from": [6, 4.24, 11], "to": [6.75, 4.99, 13], "rotation": {"angle": 0, "axis": "y", "origin": [5, 5, 12]}, "faces": {"north": {"uv": [8, 8, 9, 9], "texture": "#torch"}, "east": {"uv": [7, 8, 9, 9], "texture": "#torch"}, "south": {"uv": [7, 8, 8, 9], "texture": "#torch"}, "up": {"uv": [7, 8, 9, 9], "rotation": 270, "texture": "#torch"}, "down": {"uv": [7, 8, 9, 9], "rotation": 90, "texture": "#torch"}}}, {"from": [4, 4.24, 13], "to": [6, 4.99, 13.75], "rotation": {"angle": 0, "axis": "y", "origin": [5, 5, 12]}, "faces": {"east": {"uv": [8, 8, 9, 9], "texture": "#torch"}, "south": {"uv": [7, 8, 9, 9], "texture": "#torch"}, "west": {"uv": [7, 8, 8, 9], "texture": "#torch"}, "up": {"uv": [7, 8, 9, 9], "texture": "#torch"}, "down": {"uv": [7, 8, 9, 9], "texture": "#torch"}}}, {"from": [3.25, 4.25, 11], "to": [4, 5, 13], "rotation": {"angle": 0, "axis": "y", "origin": [5, 5, 12]}, "faces": {"north": {"uv": [7, 8, 8, 9], "texture": "#torch"}, "south": {"uv": [8, 8, 9, 9], "texture": "#torch"}, "west": {"uv": [7, 8, 9, 9], "texture": "#torch"}, "up": {"uv": [7, 8, 9, 9], "rotation": 90, "texture": "#torch"}, "down": {"uv": [7, 8, 9, 9], "rotation": 270, "texture": "#torch"}}}, {"from": [4, 4.24, 10.25], "to": [6, 4.99, 11], "rotation": {"angle": 0, "axis": "y", "origin": [5, 5, 12]}, "faces": {"north": {"uv": [7, 8, 9, 9], "texture": "#torch"}, "east": {"uv": [7, 8, 8, 9], "texture": "#torch"}, "west": {"uv": [8, 8, 9, 9], "texture": "#torch"}, "up": {"uv": [7, 8, 9, 9], "rotation": 180, "texture": "#torch"}, "down": {"uv": [7, 8, 9, 9], "rotation": 180, "texture": "#torch"}}}, {"from": [4, 5, 11], "to": [6, 7, 13], "rotation": {"angle": 0, "axis": "y", "origin": [5, 5, 12]}, "faces": {"north": {"uv": [7, 6, 9, 8], "texture": "#torch"}, "east": {"uv": [7, 6, 9, 8], "texture": "#torch"}, "south": {"uv": [7, 6, 9, 8], "texture": "#torch"}, "west": {"uv": [7, 6, 9, 8], "texture": "#torch"}, "up": {"uv": [7, 6, 9, 8], "texture": "#torch"}}}, {"from": [10, 2, 11], "to": [12, 5, 13], "faces": {"north": {"uv": [7, 8, 9, 11], "texture": "#unlit"}, "east": {"uv": [7, 8, 9, 11], "texture": "#unlit"}, "south": {"uv": [7, 8, 9, 11], "texture": "#unlit"}, "west": {"uv": [7, 8, 9, 11], "texture": "#unlit"}}}, {"from": [12, 4.99, 13], "to": [12.75, 6.99, 13.75], "rotation": {"angle": 0, "axis": "y", "origin": [11, 5, 12]}, "faces": {"north": {"uv": [9, 6, 10, 8], "texture": "#torch"}, "east": {"uv": [9, 6, 10, 8], "texture": "#torch"}, "south": {"uv": [9, 6, 10, 8], "texture": "#torch"}, "west": {"uv": [9, 6, 10, 8], "texture": "#torch"}, "up": {"uv": [9, 6, 10, 8], "texture": "#torch"}, "down": {"uv": [9, 6, 10, 8], "texture": "#torch"}}}, {"from": [9.25, 4.99, 10.25], "to": [10, 6.99, 11], "rotation": {"angle": 0, "axis": "y", "origin": [11, 5, 12]}, "faces": {"north": {"uv": [9, 6, 10, 8], "texture": "#torch"}, "east": {"uv": [9, 6, 10, 8], "texture": "#torch"}, "south": {"uv": [9, 6, 10, 8], "texture": "#torch"}, "west": {"uv": [9, 6, 10, 8], "texture": "#torch"}, "up": {"uv": [9, 6, 10, 8], "texture": "#torch"}, "down": {"uv": [9, 6, 10, 8], "texture": "#torch"}}}, {"from": [9.25, 4.99, 13], "to": [10, 6.99, 13.75], "rotation": {"angle": 0, "axis": "y", "origin": [11, 5, 12]}, "faces": {"north": {"uv": [9, 6, 10, 8], "texture": "#torch"}, "east": {"uv": [9, 6, 10, 8], "texture": "#torch"}, "south": {"uv": [9, 6, 10, 8], "texture": "#torch"}, "west": {"uv": [9, 6, 10, 8], "texture": "#torch"}, "up": {"uv": [9, 6, 10, 8], "texture": "#torch"}, "down": {"uv": [9, 6, 10, 8], "texture": "#torch"}}}, {"from": [12, 4.99, 10.25], "to": [12.75, 6.99, 11], "rotation": {"angle": 0, "axis": "y", "origin": [11, 5, 12]}, "faces": {"north": {"uv": [9, 6, 10, 8], "texture": "#torch"}, "east": {"uv": [9, 6, 10, 8], "texture": "#torch"}, "south": {"uv": [9, 6, 10, 8], "texture": "#torch"}, "west": {"uv": [9, 6, 10, 8], "texture": "#torch"}, "up": {"uv": [9, 6, 10, 8], "texture": "#torch"}, "down": {"uv": [9, 6, 10, 8], "texture": "#torch"}}}, {"from": [10, 6.99, 13], "to": [12, 7.74, 13.75], "rotation": {"angle": 0, "axis": "y", "origin": [11, 5, 12]}, "faces": {"north": {"uv": [7, 5, 9, 6], "texture": "#torch"}, "east": {"uv": [7, 5, 9, 6], "texture": "#torch"}, "south": {"uv": [7, 5, 9, 6], "texture": "#torch"}, "west": {"uv": [7, 5, 9, 6], "texture": "#torch"}, "up": {"uv": [7, 5, 9, 6], "texture": "#torch"}, "down": {"uv": [7, 5, 9, 6], "texture": "#torch"}}}, {"from": [9.25, 6.99, 11], "to": [10, 7.74, 13], "rotation": {"angle": 0, "axis": "y", "origin": [11, 5, 12]}, "faces": {"north": {"uv": [7, 5, 9, 6], "rotation": 90, "texture": "#torch"}, "east": {"uv": [7, 5, 9, 6], "rotation": 90, "texture": "#torch"}, "south": {"uv": [7, 5, 9, 6], "rotation": 90, "texture": "#torch"}, "west": {"uv": [7, 5, 9, 6], "rotation": 90, "texture": "#torch"}, "up": {"uv": [7, 5, 9, 6], "rotation": 90, "texture": "#torch"}, "down": {"uv": [7, 5, 9, 6], "rotation": 90, "texture": "#torch"}}}, {"from": [10, 6.99, 10.25], "to": [12, 7.74, 11], "rotation": {"angle": 0, "axis": "y", "origin": [11, 5, 12]}, "faces": {"north": {"uv": [7, 5, 9, 6], "rotation": 180, "texture": "#torch"}, "east": {"uv": [7, 5, 9, 6], "rotation": 180, "texture": "#torch"}, "south": {"uv": [7, 5, 9, 6], "rotation": 180, "texture": "#torch"}, "west": {"uv": [7, 5, 9, 6], "rotation": 180, "texture": "#torch"}, "up": {"uv": [7, 5, 9, 6], "rotation": 180, "texture": "#torch"}, "down": {"uv": [7, 5, 9, 6], "rotation": 180, "texture": "#torch"}}}, {"from": [12, 6.99, 11], "to": [12.75, 7.74, 13], "rotation": {"angle": 0, "axis": "y", "origin": [11, 5, 12]}, "faces": {"north": {"uv": [7, 5, 9, 6], "texture": "#torch"}, "east": {"uv": [7, 5, 9, 6], "texture": "#torch"}, "south": {"uv": [7, 5, 9, 6], "texture": "#torch"}, "west": {"uv": [7, 5, 9, 6], "texture": "#torch"}, "up": {"uv": [7, 5, 9, 6], "texture": "#torch"}, "down": {"uv": [7, 5, 9, 6], "texture": "#torch"}}}, {"from": [12, 4.24, 11], "to": [12.75, 4.99, 13], "rotation": {"angle": 0, "axis": "y", "origin": [11, 5, 12]}, "faces": {"north": {"uv": [8, 8, 9, 9], "texture": "#torch"}, "east": {"uv": [7, 8, 9, 9], "texture": "#torch"}, "south": {"uv": [7, 8, 8, 9], "texture": "#torch"}, "up": {"uv": [7, 8, 9, 9], "rotation": 270, "texture": "#torch"}, "down": {"uv": [7, 8, 9, 9], "rotation": 90, "texture": "#torch"}}}, {"name": "cube ", "from": [10, 4.24, 13], "to": [12, 4.99, 13.75], "rotation": {"angle": 0, "axis": "y", "origin": [11, 5, 12]}, "faces": {"east": {"uv": [8, 8, 9, 9], "texture": "#torch"}, "south": {"uv": [7, 8, 9, 9], "texture": "#torch"}, "west": {"uv": [7, 8, 8, 9], "texture": "#torch"}, "up": {"uv": [7, 8, 9, 9], "texture": "#torch"}, "down": {"uv": [7, 8, 9, 9], "texture": "#torch"}}}, {"from": [9.25, 4.25, 11], "to": [10, 5, 13], "rotation": {"angle": 0, "axis": "y", "origin": [11, 5, 12]}, "faces": {"north": {"uv": [7, 8, 8, 9], "texture": "#torch"}, "south": {"uv": [8, 8, 9, 9], "texture": "#torch"}, "west": {"uv": [7, 8, 9, 9], "texture": "#torch"}, "up": {"uv": [7, 8, 9, 9], "rotation": 90, "texture": "#torch"}, "down": {"uv": [7, 8, 9, 9], "rotation": 270, "texture": "#torch"}}}, {"from": [10, 4.24, 10.25], "to": [12, 4.99, 11], "rotation": {"angle": 0, "axis": "y", "origin": [11, 5, 12]}, "faces": {"north": {"uv": [7, 8, 9, 9], "texture": "#torch"}, "east": {"uv": [7, 8, 8, 9], "texture": "#torch"}, "west": {"uv": [8, 8, 9, 9], "texture": "#torch"}, "up": {"uv": [7, 8, 9, 9], "rotation": 180, "texture": "#torch"}, "down": {"uv": [7, 8, 9, 9], "rotation": 180, "texture": "#torch"}}}, {"from": [10, 5, 11], "to": [12, 7, 13], "rotation": {"angle": 0, "axis": "y", "origin": [11, 5, 12]}, "faces": {"north": {"uv": [7, 6, 9, 8], "texture": "#torch"}, "east": {"uv": [7, 6, 9, 8], "texture": "#torch"}, "south": {"uv": [7, 6, 9, 8], "texture": "#torch"}, "west": {"uv": [7, 6, 9, 8], "texture": "#torch"}, "up": {"uv": [7, 6, 9, 8], "texture": "#torch"}}}, {"from": [7, 3, 1.5], "to": [9, 5, 2.5], "rotation": {"angle": 0, "axis": "y", "origin": [8, 2, 3]}, "faces": {"north": {"uv": [7, 6, 9, 8], "texture": "#unlit"}, "east": {"uv": [7, 6, 8, 8], "texture": "#unlit"}, "west": {"uv": [8, 6, 9, 8], "texture": "#unlit"}, "up": {"uv": [7, 6, 9, 7], "rotation": 180, "texture": "#unlit"}, "down": {"uv": [7, 7, 9, 8], "rotation": 180, "texture": "#unlit"}}}, {"from": [6.5, 3, 2], "to": [7.5, 5, 4], "rotation": {"angle": 0, "axis": "y", "origin": [8, 2, 3]}, "faces": {"north": {"uv": [7, 6, 8, 8], "texture": "#unlit"}, "south": {"uv": [8, 6, 9, 8], "texture": "#unlit"}, "west": {"uv": [7, 6, 9, 8], "texture": "#unlit"}, "up": {"uv": [7, 6, 9, 7], "rotation": 90, "texture": "#unlit"}, "down": {"uv": [7, 7, 9, 8], "rotation": 270, "texture": "#unlit"}}}, {"from": [7, 3, 3.5], "to": [9, 5, 4.5], "rotation": {"angle": 0, "axis": "y", "origin": [8, 2, 3]}, "faces": {"east": {"uv": [8, 6, 9, 8], "texture": "#unlit"}, "south": {"uv": [7, 6, 9, 8], "texture": "#unlit"}, "west": {"uv": [7, 6, 8, 8], "texture": "#unlit"}, "up": {"uv": [7, 6, 9, 7], "texture": "#unlit"}, "down": {"uv": [7, 7, 9, 8], "texture": "#unlit"}}}, {"from": [8.5, 3, 2], "to": [9.5, 5, 4], "rotation": {"angle": 0, "axis": "y", "origin": [8, 2, 3]}, "faces": {"north": {"uv": [8, 6, 9, 8], "texture": "#unlit"}, "east": {"uv": [7, 6, 9, 8], "texture": "#unlit"}, "south": {"uv": [7, 6, 8, 8], "texture": "#unlit"}, "up": {"uv": [7, 6, 9, 7], "rotation": 270, "texture": "#unlit"}, "down": {"uv": [7, 7, 9, 8], "rotation": 90, "texture": "#unlit"}}}, {"from": [7, 4.5, 2], "to": [9, 5.5, 4], "rotation": {"angle": 0, "axis": "y", "origin": [8, 2, 3]}, "faces": {"north": {"uv": [7, 6, 9, 8], "rotation": 90, "texture": "#unlit"}, "east": {"uv": [7, 7, 9, 8], "texture": "#unlit"}, "south": {"uv": [7, 6, 9, 8], "rotation": 270, "texture": "#unlit"}, "west": {"uv": [8, 6, 9, 8], "rotation": 270, "texture": "#unlit"}, "up": {"uv": [7, 6, 9, 8], "rotation": 270, "texture": "#unlit"}}}, {"from": [7, 2, 2], "to": [9, 3, 4], "faces": {"north": {"uv": [7, 8, 9, 9], "texture": "#unlit"}, "east": {"uv": [7, 8, 9, 9], "texture": "#unlit"}, "south": {"uv": [7, 8, 9, 9], "texture": "#unlit"}, "west": {"uv": [7, 8, 9, 9], "texture": "#unlit"}}}], "display": {"thirdperson_righthand": {"translation": [0, 3, 1], "scale": [0.55, 0.55, 0.55]}, "thirdperson_lefthand": {"translation": [0, 3, 1], "scale": [0.55, 0.55, 0.55]}, "firstperson_righthand": {"rotation": [0, -90, 25], "translation": [1.13, 3.2, 1.13], "scale": [0.68, 0.68, 0.68]}, "firstperson_lefthand": {"rotation": [0, -90, 25], "translation": [1.13, 3.2, 1.13], "scale": [0.68, 0.68, 0.68]}, "ground": {"translation": [0, 2, 0], "scale": [0.5, 0.5, 0.5]}, "gui": {"rotation": [30, 225, 0], "translation": [0, 2, 0]}, "head": {"rotation": [0, 180, 0], "translation": [0, 13, 7]}, "fixed": {"rotation": [0, 180, 0], "translation": [0, 0, -1]}}, "groups": [0, {"name": "redstone torch 1", "origin": [8, 8, 8], "color": 0, "children": [1, 2, 3, 4, 5, 6, 7, 8, 9, 10, 11, 12, 13, 14]}, {"name": "redstone torch 2", "origin": [11, 5, 12], "color": 0, "children": [15, 16, 17, 18, 19, 20, 21, 22, 23, 24, 25, 26, 27, 28]}, {"name": "redstone torch 3", "origin": [11, 5, 12], "color": 0, "children": [29, 30, 31, 32, 33, 34]}]}