{"parent": "block/template_daylight_detector", "textures": {"particle": "block/daylight_detector_top", "top": "block/daylight_detector_top", "side": "block/daylight_detector_side"}, "elements": [{"from": [0, 5, 0], "to": [16, 6, 1], "faces": {"north": {"uv": [0, 10, 16, 11], "texture": "#side", "cullface": "north"}, "east": {"uv": [15, 10, 16, 11], "texture": "#side", "cullface": "east"}, "south": {"uv": [0, 10, 16, 11], "texture": "#side"}, "west": {"uv": [0, 10, 1, 11], "texture": "#side", "cullface": "west"}, "up": {"uv": [0, 15, 16, 16], "texture": "#top"}}}, {"from": [0, 5, 15], "to": [16, 6, 16], "faces": {"north": {"uv": [0, 10, 16, 11], "texture": "#side"}, "east": {"uv": [15, 10, 16, 11], "texture": "#side", "cullface": "east"}, "south": {"uv": [0, 10, 16, 11], "texture": "#side", "cullface": "south"}, "west": {"uv": [0, 10, 1, 11], "texture": "#side", "cullface": "west"}, "up": {"uv": [0, 0, 16, 1], "texture": "#top"}}}, {"from": [15, 5, 1], "to": [16, 6, 15], "faces": {"east": {"uv": [1, 10, 15, 11], "texture": "#side", "cullface": "east"}, "west": {"uv": [0, 10, 1, 11], "texture": "#side"}, "up": {"uv": [0, 1, 1, 15], "texture": "#top"}}}, {"from": [10, 5, 1], "to": [11, 6, 15], "faces": {"east": {"uv": [0, 1, 1, 15], "texture": "#top"}, "west": {"uv": [0, 1, 1, 15], "texture": "#top"}, "up": {"uv": [0, 1, 1, 15], "texture": "#top"}}}, {"from": [5, 5, 1], "to": [6, 6, 15], "faces": {"east": {"uv": [0, 1, 1, 15], "texture": "#top"}, "west": {"uv": [0, 1, 1, 15], "texture": "#top"}, "up": {"uv": [0, 1, 1, 15], "texture": "#top"}}}, {"from": [0, 5, 1], "to": [1, 6, 15], "faces": {"east": {"uv": [0, 1, 1, 15], "texture": "#top"}, "west": {"uv": [0, 1, 1, 15], "texture": "#top", "cullface": "west"}, "up": {"uv": [0, 1, 1, 15], "texture": "#top"}}}, {"from": [1, 5, 10], "to": [15, 6, 11], "faces": {"north": {"uv": [0, 1, 1, 15], "texture": "#top"}, "south": {"uv": [0, 1, 1, 15], "texture": "#top"}, "up": {"uv": [0, 1, 1, 15], "rotation": 270, "texture": "#top"}}}, {"name": "cube  ", "from": [1, 5, 5], "to": [15, 6, 6], "faces": {"north": {"uv": [0, 1, 1, 15], "texture": "#top"}, "south": {"uv": [0, 1, 1, 15], "texture": "#top"}, "up": {"uv": [0, 1, 1, 15], "rotation": 270, "texture": "#top"}}}, {"name": "cube ", "from": [0, 0, 0], "to": [16, 5, 16], "faces": {"north": {"uv": [0, 11, 16, 16], "texture": "#side", "cullface": "north"}, "east": {"uv": [0, 11, 16, 16], "texture": "#side", "cullface": "east"}, "south": {"uv": [0, 11, 16, 16], "texture": "#side", "cullface": "south"}, "west": {"uv": [0, 11, 16, 16], "texture": "#side", "cullface": "west"}, "down": {"uv": [0, 0, 16, 16], "texture": "#side", "cullface": "down"}}}, {"from": [1, 4, 1], "to": [2, 5, 2], "rotation": {"angle": 0, "axis": "y", "origin": [8, 7, 8]}, "faces": {"up": {"uv": [1, 14, 2, 15], "texture": "#top"}}}, {"from": [6, 4, 1], "to": [7, 5, 2], "rotation": {"angle": 0, "axis": "y", "origin": [13, 7, 8]}, "faces": {"up": {"uv": [1, 14, 2, 15], "texture": "#top"}}}, {"from": [11, 4, 1], "to": [12, 5, 2], "rotation": {"angle": 0, "axis": "y", "origin": [18, 7, 8]}, "faces": {"up": {"uv": [1, 14, 2, 15], "texture": "#top"}}}, {"from": [11, 4, 6], "to": [12, 5, 7], "rotation": {"angle": 0, "axis": "y", "origin": [18, 7, 13]}, "faces": {"up": {"uv": [1, 14, 2, 15], "texture": "#top"}}}, {"from": [11, 4, 11], "to": [12, 5, 12], "rotation": {"angle": 0, "axis": "y", "origin": [18, 7, 18]}, "faces": {"up": {"uv": [1, 14, 2, 15], "texture": "#top"}}}, {"from": [6, 4, 11], "to": [7, 5, 12], "rotation": {"angle": 0, "axis": "y", "origin": [13, 7, 18]}, "faces": {"up": {"uv": [1, 14, 2, 15], "texture": "#top"}}}, {"from": [1, 4, 11], "to": [2, 5, 12], "rotation": {"angle": 0, "axis": "y", "origin": [8, 7, 18]}, "faces": {"up": {"uv": [1, 14, 2, 15], "texture": "#top"}}}, {"from": [1, 4, 6], "to": [2, 5, 7], "rotation": {"angle": 0, "axis": "y", "origin": [8, 7, 13]}, "faces": {"up": {"uv": [1, 14, 2, 15], "texture": "#top"}}}, {"from": [6, 4, 6], "to": [7, 5, 7], "rotation": {"angle": 0, "axis": "y", "origin": [13, 7, 13]}, "faces": {"up": {"uv": [1, 14, 2, 15], "texture": "#top"}}}, {"from": [4, 4, 1], "to": [5, 5, 2], "rotation": {"angle": 0, "axis": "y", "origin": [8, 7, 8]}, "faces": {"up": {"uv": [1, 14, 2, 15], "texture": "#top"}}}, {"from": [9, 4, 1], "to": [10, 5, 2], "rotation": {"angle": 0, "axis": "y", "origin": [13, 7, 8]}, "faces": {"up": {"uv": [1, 14, 2, 15], "texture": "#top"}}}, {"from": [14, 4, 1], "to": [15, 5, 2], "rotation": {"angle": 0, "axis": "y", "origin": [18, 7, 8]}, "faces": {"up": {"uv": [1, 14, 2, 15], "texture": "#top"}}}, {"from": [14, 4, 6], "to": [15, 5, 7], "rotation": {"angle": 0, "axis": "y", "origin": [18, 7, 13]}, "faces": {"up": {"uv": [1, 14, 2, 15], "texture": "#top"}}}, {"from": [14, 4, 11], "to": [15, 5, 12], "rotation": {"angle": 0, "axis": "y", "origin": [18, 7, 18]}, "faces": {"up": {"uv": [1, 14, 2, 15], "texture": "#top"}}}, {"from": [9, 4, 11], "to": [10, 5, 12], "rotation": {"angle": 0, "axis": "y", "origin": [13, 7, 18]}, "faces": {"up": {"uv": [1, 14, 2, 15], "texture": "#top"}}}, {"from": [4, 4, 11], "to": [5, 5, 12], "rotation": {"angle": 0, "axis": "y", "origin": [8, 7, 18]}, "faces": {"up": {"uv": [1, 14, 2, 15], "texture": "#top"}}}, {"from": [4, 4, 6], "to": [5, 5, 7], "rotation": {"angle": 0, "axis": "y", "origin": [8, 7, 13]}, "faces": {"up": {"uv": [1, 14, 2, 15], "texture": "#top"}}}, {"from": [9, 4, 6], "to": [10, 5, 7], "rotation": {"angle": 0, "axis": "y", "origin": [13, 7, 13]}, "faces": {"up": {"uv": [1, 14, 2, 15], "texture": "#top"}}}, {"from": [4, 4, 4], "to": [5, 5, 5], "rotation": {"angle": 0, "axis": "y", "origin": [8, 7, 8]}, "faces": {"up": {"uv": [1, 14, 2, 15], "texture": "#top"}}}, {"from": [9, 4, 4], "to": [10, 5, 5], "rotation": {"angle": 0, "axis": "y", "origin": [13, 7, 8]}, "faces": {"up": {"uv": [1, 14, 2, 15], "texture": "#top"}}}, {"from": [14, 4, 4], "to": [15, 5, 5], "rotation": {"angle": 0, "axis": "y", "origin": [18, 7, 8]}, "faces": {"up": {"uv": [1, 14, 2, 15], "texture": "#top"}}}, {"from": [14, 4, 9], "to": [15, 5, 10], "rotation": {"angle": 0, "axis": "y", "origin": [18, 7, 13]}, "faces": {"up": {"uv": [1, 14, 2, 15], "texture": "#top"}}}, {"from": [14, 4, 14], "to": [15, 5, 15], "rotation": {"angle": 0, "axis": "y", "origin": [18, 7, 18]}, "faces": {"up": {"uv": [1, 14, 2, 15], "texture": "#top"}}}, {"from": [9, 4, 14], "to": [10, 5, 15], "rotation": {"angle": 0, "axis": "y", "origin": [13, 7, 18]}, "faces": {"up": {"uv": [1, 14, 2, 15], "texture": "#top"}}}, {"from": [4, 4, 14], "to": [5, 5, 15], "rotation": {"angle": 0, "axis": "y", "origin": [8, 7, 18]}, "faces": {"up": {"uv": [1, 14, 2, 15], "texture": "#top"}}}, {"from": [4, 4, 9], "to": [5, 5, 10], "rotation": {"angle": 0, "axis": "y", "origin": [8, 7, 13]}, "faces": {"up": {"uv": [1, 14, 2, 15], "texture": "#top"}}}, {"from": [9, 4, 9], "to": [10, 5, 10], "rotation": {"angle": 0, "axis": "y", "origin": [13, 7, 13]}, "faces": {"up": {"uv": [1, 14, 2, 15], "texture": "#top"}}}, {"from": [1, 4, 4], "to": [2, 5, 5], "rotation": {"angle": 0, "axis": "y", "origin": [8, 7, 8]}, "faces": {"up": {"uv": [1, 14, 2, 15], "texture": "#top"}}}, {"from": [6, 4, 4], "to": [7, 5, 5], "rotation": {"angle": 0, "axis": "y", "origin": [13, 7, 8]}, "faces": {"up": {"uv": [1, 14, 2, 15], "texture": "#top"}}}, {"from": [11, 4, 4], "to": [12, 5, 5], "rotation": {"angle": 0, "axis": "y", "origin": [18, 7, 8]}, "faces": {"up": {"uv": [1, 14, 2, 15], "texture": "#top"}}}, {"from": [11, 4, 9], "to": [12, 5, 10], "rotation": {"angle": 0, "axis": "y", "origin": [18, 7, 13]}, "faces": {"up": {"uv": [1, 14, 2, 15], "texture": "#top"}}}, {"from": [11, 4, 14], "to": [12, 5, 15], "rotation": {"angle": 0, "axis": "y", "origin": [18, 7, 18]}, "faces": {"up": {"uv": [1, 14, 2, 15], "texture": "#top"}}}, {"from": [6, 4, 14], "to": [7, 5, 15], "rotation": {"angle": 0, "axis": "y", "origin": [13, 7, 18]}, "faces": {"up": {"uv": [1, 14, 2, 15], "texture": "#top"}}}, {"from": [1, 4, 14], "to": [2, 5, 15], "rotation": {"angle": 0, "axis": "y", "origin": [8, 7, 18]}, "faces": {"up": {"uv": [1, 14, 2, 15], "texture": "#top"}}}, {"from": [1, 4, 9], "to": [2, 5, 10], "rotation": {"angle": 0, "axis": "y", "origin": [8, 7, 13]}, "faces": {"up": {"uv": [1, 14, 2, 15], "texture": "#top"}}}, {"from": [6, 4, 9], "to": [7, 5, 10], "rotation": {"angle": 0, "axis": "y", "origin": [13, 7, 13]}, "faces": {"up": {"uv": [1, 14, 2, 15], "texture": "#top"}}}, {"from": [7, 5, 6], "to": [9, 5.5, 10], "rotation": {"angle": 0, "axis": "y", "origin": [13, 8, 13]}, "faces": {"east": {"uv": [2, 14, 3, 15], "texture": "#top"}, "west": {"uv": [2, 14, 3, 15], "texture": "#top"}, "up": {"uv": [2, 11, 4, 15], "texture": "#top"}}}, {"from": [12, 5, 6], "to": [14, 5.5, 10], "rotation": {"angle": 0, "axis": "y", "origin": [18, 8, 13]}, "faces": {"east": {"uv": [2, 14, 3, 15], "texture": "#top"}, "west": {"uv": [2, 14, 3, 15], "texture": "#top"}, "up": {"uv": [2, 11, 4, 15], "texture": "#top"}}}, {"from": [12, 5, 11], "to": [14, 5.5, 15], "rotation": {"angle": 0, "axis": "y", "origin": [18, 8, 18]}, "faces": {"east": {"uv": [2, 14, 3, 15], "texture": "#top"}, "west": {"uv": [2, 14, 3, 15], "texture": "#top"}, "up": {"uv": [2, 11, 4, 15], "texture": "#top"}}}, {"from": [7, 5, 11], "to": [9, 5.5, 15], "rotation": {"angle": 0, "axis": "y", "origin": [13, 8, 18]}, "faces": {"east": {"uv": [2, 14, 3, 15], "texture": "#top"}, "west": {"uv": [2, 14, 3, 15], "texture": "#top"}, "up": {"uv": [2, 11, 4, 15], "texture": "#top"}}}, {"from": [2, 5, 11], "to": [4, 5.5, 15], "rotation": {"angle": 0, "axis": "y", "origin": [8, 8, 18]}, "faces": {"east": {"uv": [2, 14, 3, 15], "texture": "#top"}, "west": {"uv": [2, 14, 3, 15], "texture": "#top"}, "up": {"uv": [2, 11, 4, 15], "texture": "#top"}}}, {"from": [2, 5, 6], "to": [4, 5.5, 10], "rotation": {"angle": 0, "axis": "y", "origin": [8, 8, 13]}, "faces": {"east": {"uv": [2, 14, 3, 15], "texture": "#top"}, "west": {"uv": [2, 14, 3, 15], "texture": "#top"}, "up": {"uv": [2, 11, 4, 15], "texture": "#top"}}}, {"from": [2, 5, 1], "to": [4, 5.5, 5], "faces": {"east": {"uv": [2, 14, 3, 15], "texture": "#top"}, "west": {"uv": [2, 14, 3, 15], "texture": "#top"}, "up": {"uv": [2, 11, 4, 15], "texture": "#top"}}}, {"from": [7, 5, 1], "to": [9, 5.5, 5], "rotation": {"angle": 0, "axis": "y", "origin": [13, 8, 8]}, "faces": {"east": {"uv": [2, 14, 3, 15], "texture": "#top"}, "west": {"uv": [2, 14, 3, 15], "texture": "#top"}, "up": {"uv": [2, 11, 4, 15], "texture": "#top"}}}, {"from": [12, 5, 1], "to": [14, 5.5, 5], "rotation": {"angle": 0, "axis": "y", "origin": [18, 8, 8]}, "faces": {"east": {"uv": [2, 14, 3, 15], "texture": "#top"}, "west": {"uv": [2, 14, 3, 15], "texture": "#top"}, "up": {"uv": [2, 11, 4, 15], "texture": "#top"}}}, {"from": [9, 5, 7], "to": [10, 5.5, 9], "rotation": {"angle": 0, "axis": "y", "origin": [13, 8, 13]}, "faces": {"north": {"uv": [4, 12, 5, 14], "texture": "#top"}, "south": {"uv": [4, 12, 5, 14], "texture": "#top"}, "up": {"uv": [4, 12, 5, 14], "texture": "#top"}}}, {"from": [14, 5, 7], "to": [15, 5.5, 9], "rotation": {"angle": 0, "axis": "y", "origin": [18, 8, 13]}, "faces": {"north": {"uv": [4, 12, 5, 14], "texture": "#top"}, "south": {"uv": [4, 12, 5, 14], "texture": "#top"}, "up": {"uv": [4, 12, 5, 14], "texture": "#top"}}}, {"from": [14, 5, 12], "to": [15, 5.5, 14], "rotation": {"angle": 0, "axis": "y", "origin": [18, 8, 18]}, "faces": {"north": {"uv": [4, 12, 5, 14], "texture": "#top"}, "south": {"uv": [4, 12, 5, 14], "texture": "#top"}, "up": {"uv": [4, 12, 5, 14], "texture": "#top"}}}, {"from": [9, 5, 12], "to": [10, 5.5, 14], "rotation": {"angle": 0, "axis": "y", "origin": [13, 8, 18]}, "faces": {"north": {"uv": [4, 12, 5, 14], "texture": "#top"}, "south": {"uv": [4, 12, 5, 14], "texture": "#top"}, "up": {"uv": [4, 12, 5, 14], "texture": "#top"}}}, {"from": [4, 5, 12], "to": [5, 5.5, 14], "rotation": {"angle": 0, "axis": "y", "origin": [8, 8, 18]}, "faces": {"north": {"uv": [4, 12, 5, 14], "texture": "#top"}, "south": {"uv": [4, 12, 5, 14], "texture": "#top"}, "up": {"uv": [4, 12, 5, 14], "texture": "#top"}}}, {"from": [4, 5, 7], "to": [5, 5.5, 9], "rotation": {"angle": 0, "axis": "y", "origin": [8, 8, 13]}, "faces": {"north": {"uv": [4, 12, 5, 14], "texture": "#top"}, "south": {"uv": [4, 12, 5, 14], "texture": "#top"}, "up": {"uv": [4, 12, 5, 14], "texture": "#top"}}}, {"from": [4, 5, 2], "to": [5, 5.5, 4], "faces": {"north": {"uv": [4, 12, 5, 14], "texture": "#top"}, "south": {"uv": [4, 12, 5, 14], "texture": "#top"}, "up": {"uv": [4, 12, 5, 14], "texture": "#top"}}}, {"from": [9, 5, 2], "to": [10, 5.5, 4], "rotation": {"angle": 0, "axis": "y", "origin": [13, 8, 8]}, "faces": {"north": {"uv": [4, 12, 5, 14], "texture": "#top"}, "south": {"uv": [4, 12, 5, 14], "texture": "#top"}, "up": {"uv": [4, 12, 5, 14], "texture": "#top"}}}, {"from": [14, 5, 2], "to": [15, 5.5, 4], "rotation": {"angle": 0, "axis": "y", "origin": [18, 8, 8]}, "faces": {"north": {"uv": [4, 12, 5, 14], "texture": "#top"}, "south": {"uv": [4, 12, 5, 14], "texture": "#top"}, "up": {"uv": [4, 12, 5, 14], "texture": "#top"}}}, {"from": [6, 5, 7], "to": [7, 5.5, 9], "rotation": {"angle": 0, "axis": "y", "origin": [13, 8, 13]}, "faces": {"north": {"uv": [4, 12, 5, 14], "texture": "#top"}, "south": {"uv": [4, 12, 5, 14], "texture": "#top"}, "up": {"uv": [4, 12, 5, 14], "texture": "#top"}}}, {"from": [11, 5, 7], "to": [12, 5.5, 9], "rotation": {"angle": 0, "axis": "y", "origin": [18, 8, 13]}, "faces": {"north": {"uv": [4, 12, 5, 14], "texture": "#top"}, "south": {"uv": [4, 12, 5, 14], "texture": "#top"}, "up": {"uv": [4, 12, 5, 14], "texture": "#top"}}}, {"from": [11, 5, 12], "to": [12, 5.5, 14], "rotation": {"angle": 0, "axis": "y", "origin": [18, 8, 18]}, "faces": {"north": {"uv": [4, 12, 5, 14], "texture": "#top"}, "south": {"uv": [4, 12, 5, 14], "texture": "#top"}, "up": {"uv": [4, 12, 5, 14], "texture": "#top"}}}, {"from": [6, 5, 12], "to": [7, 5.5, 14], "rotation": {"angle": 0, "axis": "y", "origin": [13, 8, 18]}, "faces": {"north": {"uv": [4, 12, 5, 14], "texture": "#top"}, "south": {"uv": [4, 12, 5, 14], "texture": "#top"}, "up": {"uv": [4, 12, 5, 14], "texture": "#top"}}}, {"from": [1, 5, 12], "to": [2, 5.5, 14], "rotation": {"angle": 0, "axis": "y", "origin": [8, 8, 18]}, "faces": {"north": {"uv": [4, 12, 5, 14], "texture": "#top"}, "south": {"uv": [4, 12, 5, 14], "texture": "#top"}, "up": {"uv": [4, 12, 5, 14], "texture": "#top"}}}, {"from": [1, 5, 7], "to": [2, 5.5, 9], "rotation": {"angle": 0, "axis": "y", "origin": [8, 8, 13]}, "faces": {"north": {"uv": [4, 12, 5, 14], "texture": "#top"}, "south": {"uv": [4, 12, 5, 14], "texture": "#top"}, "up": {"uv": [4, 12, 5, 14], "texture": "#top"}}}, {"from": [1, 5, 2], "to": [2, 5.5, 4], "faces": {"north": {"uv": [4, 12, 5, 14], "texture": "#top"}, "south": {"uv": [4, 12, 5, 14], "texture": "#top"}, "up": {"uv": [4, 12, 5, 14], "texture": "#top"}}}, {"from": [6, 5, 2], "to": [7, 5.5, 4], "rotation": {"angle": 0, "axis": "y", "origin": [13, 8, 8]}, "faces": {"north": {"uv": [4, 12, 5, 14], "texture": "#top"}, "south": {"uv": [4, 12, 5, 14], "texture": "#top"}, "up": {"uv": [4, 12, 5, 14], "texture": "#top"}}}, {"from": [11, 5, 2], "to": [12, 5.5, 4], "rotation": {"angle": 0, "axis": "y", "origin": [18, 8, 8]}, "faces": {"north": {"uv": [4, 12, 5, 14], "texture": "#top"}, "south": {"uv": [4, 12, 5, 14], "texture": "#top"}, "up": {"uv": [4, 12, 5, 14], "texture": "#top"}}}], "groups": [{"name": "base", "origin": [8, 8, 8], "children": [0, 1, 2, 3, 4, 5, 6, 7, 8]}, {"name": "group", "origin": [8, 8, 8], "children": [9, 10, 11, 12, 13, 14, 15, 16, 17, 18, 19, 20, 21, 22, 23, 24, 25, 26, 27, 28, 29, 30, 31, 32, 33, 34, 35, 36, 37, 38, 39, 40, 41, 42, 43, 44, 45, 46, 47, 48, 49, 50, 51, 52, 53, 54, 55, 56, 57, 58, 59, 60, 61, 62, 63, 64, 65, 66, 67, 68, 69, 70, 71]}]}