{"parent": "block/cube_all", "ambientocclusion": false, "textures": {"particle": "block/deepslate_tiles", "all": "block/deepslate_tiles"}, "elements": [{"from": [4, 0, 5], "to": [12, 14, 11], "rotation": {"angle": 0, "axis": "y", "origin": [8, 8, 8]}, "faces": {"north": {"uv": [4, 2, 12, 16], "texture": "#all"}, "south": {"uv": [4, 2, 12, 16], "texture": "#all"}, "up": {"uv": [4, 5, 12, 11], "texture": "#all"}, "down": {"uv": [4, 5, 12, 11], "texture": "#all", "cullface": "down"}}}, {"from": [4, 0, 4.5], "to": [8, 2, 5], "rotation": {"angle": 0, "axis": "y", "origin": [8, 8, 8]}, "faces": {"north": {"uv": [8, 14, 12, 16], "texture": "#all"}, "east": {"uv": [8, 14, 9, 16], "texture": "#all"}, "west": {"uv": [11, 14, 12, 16], "texture": "#all"}, "up": {"uv": [8, 14, 12, 15], "rotation": 180, "texture": "#all"}, "down": {"uv": [8, 15, 12, 16], "rotation": 180, "texture": "#all"}}}, {"from": [9, 0, 4.5], "to": [12, 2, 5], "rotation": {"angle": 0, "axis": "y", "origin": [8, 8, 8]}, "faces": {"north": {"uv": [4, 14, 7, 16], "texture": "#all"}, "west": {"uv": [6, 14, 7, 16], "texture": "#all"}, "up": {"uv": [4, 14, 7, 15], "rotation": 180, "texture": "#all"}, "down": {"uv": [4, 15, 7, 16], "rotation": 180, "texture": "#all"}}}, {"from": [4, 3, 4.5], "to": [11, 6, 5], "rotation": {"angle": 0, "axis": "y", "origin": [8, 8, 8]}, "faces": {"north": {"uv": [5, 10, 12, 13], "texture": "#all"}, "east": {"uv": [5, 10, 6, 13], "texture": "#all"}, "up": {"uv": [5, 10, 12, 11], "rotation": 180, "texture": "#all"}, "down": {"uv": [5, 12, 12, 13], "rotation": 180, "texture": "#all"}}}, {"from": [8, 7, 4.5], "to": [12, 10, 5], "rotation": {"angle": 0, "axis": "y", "origin": [8, 8, 8]}, "faces": {"north": {"uv": [4, 6, 8, 9], "texture": "#all"}, "west": {"uv": [7, 6, 8, 9], "texture": "#all"}, "up": {"uv": [4, 6, 8, 7], "rotation": 180, "texture": "#all"}, "down": {"uv": [4, 8, 8, 9], "rotation": 180, "texture": "#all"}}}, {"from": [4, 7, 4.5], "to": [7, 10, 5], "rotation": {"angle": 0, "axis": "y", "origin": [8, 8, 8]}, "faces": {"north": {"uv": [9, 6, 12, 9], "texture": "#all"}, "east": {"uv": [9, 6, 10, 9], "texture": "#all"}, "up": {"uv": [9, 6, 12, 7], "rotation": 180, "texture": "#all"}, "down": {"uv": [9, 8, 12, 9], "rotation": 180, "texture": "#all"}}}, {"from": [4, 11, 4.5], "to": [12, 14, 5], "rotation": {"angle": 0, "axis": "y", "origin": [8, 8, 8]}, "faces": {"north": {"uv": [4, 2, 12, 5], "texture": "#all"}, "east": {"uv": [4, 2, 5, 5], "texture": "#all"}, "up": {"uv": [4, 2, 12, 3], "rotation": 180, "texture": "#all"}, "down": {"uv": [4, 4, 12, 5], "rotation": 180, "texture": "#all"}}}, {"from": [8, 0, 11], "to": [12, 2, 11.5], "rotation": {"angle": 0, "axis": "y", "origin": [8, 8, 8]}, "faces": {"east": {"uv": [11, 14, 12, 16], "texture": "#all"}, "south": {"uv": [8, 14, 12, 16], "texture": "#all"}, "west": {"uv": [8, 14, 9, 16], "texture": "#all"}, "up": {"uv": [8, 14, 12, 15], "texture": "#all"}, "down": {"uv": [8, 15, 12, 16], "texture": "#all"}}}, {"from": [4, 0, 11], "to": [7, 2, 11.5], "rotation": {"angle": 0, "axis": "y", "origin": [8, 8, 8]}, "faces": {"east": {"uv": [6, 14, 7, 16], "texture": "#all"}, "south": {"uv": [4, 14, 7, 16], "texture": "#all"}, "up": {"uv": [4, 14, 7, 15], "texture": "#all"}, "down": {"uv": [4, 15, 7, 16], "texture": "#all"}}}, {"from": [5, 3, 11], "to": [12, 6, 11.5], "rotation": {"angle": 0, "axis": "y", "origin": [8, 8, 8]}, "faces": {"south": {"uv": [5, 10, 12, 13], "texture": "#all"}, "west": {"uv": [5, 10, 6, 13], "texture": "#all"}, "up": {"uv": [5, 10, 12, 11], "texture": "#all"}, "down": {"uv": [5, 12, 12, 13], "texture": "#all"}}}, {"from": [4, 7, 11], "to": [8, 10, 11.5], "rotation": {"angle": 0, "axis": "y", "origin": [8, 8, 8]}, "faces": {"east": {"uv": [7, 6, 8, 9], "texture": "#all"}, "south": {"uv": [4, 6, 8, 9], "texture": "#all"}, "up": {"uv": [4, 6, 8, 7], "texture": "#all"}, "down": {"uv": [4, 8, 8, 9], "texture": "#all"}}}, {"from": [9, 7, 11], "to": [12, 10, 11.5], "rotation": {"angle": 0, "axis": "y", "origin": [8, 8, 8]}, "faces": {"south": {"uv": [9, 6, 12, 9], "texture": "#all"}, "west": {"uv": [9, 6, 10, 9], "texture": "#all"}, "up": {"uv": [9, 6, 12, 7], "texture": "#all"}, "down": {"uv": [9, 8, 12, 9], "texture": "#all"}}}, {"from": [4, 11, 11], "to": [12, 14, 11.5], "rotation": {"angle": 0, "axis": "y", "origin": [8, 8, 8]}, "faces": {"south": {"uv": [4, 2, 12, 5], "texture": "#all"}, "west": {"uv": [4, 2, 5, 5], "texture": "#all"}, "up": {"uv": [4, 2, 12, 3], "texture": "#all"}, "down": {"uv": [4, 4, 12, 5], "texture": "#all"}}}, {"from": [4, 14, 6], "to": [8, 14.5, 9], "rotation": {"angle": 0, "axis": "y", "origin": [8, 8, 8]}, "faces": {"north": {"uv": [4, 6, 8, 7], "rotation": 180, "texture": "#all"}, "east": {"uv": [7, 6, 8, 9], "rotation": 90, "texture": "#all"}, "south": {"uv": [4, 8, 8, 9], "texture": "#all"}, "west": {"uv": [4, 6, 5, 9], "rotation": 270, "texture": "#all"}, "up": {"uv": [4, 6, 8, 9], "texture": "#all"}}}, {"from": [9, 14, 6], "to": [12, 14.5, 9], "rotation": {"angle": 0, "axis": "y", "origin": [8, 8, 8]}, "faces": {"north": {"uv": [9, 6, 12, 7], "rotation": 180, "texture": "#all"}, "east": {"uv": [11, 6, 12, 9], "rotation": 90, "texture": "#all"}, "south": {"uv": [9, 8, 12, 9], "texture": "#all"}, "west": {"uv": [9, 6, 10, 9], "rotation": 270, "texture": "#all"}, "up": {"uv": [9, 6, 12, 9], "texture": "#all"}}}, {"from": [5, 14, 10], "to": [12, 14.5, 11], "rotation": {"angle": 0, "axis": "y", "origin": [8, 8, 8]}, "faces": {"north": {"uv": [5, 10, 12, 11], "rotation": 180, "texture": "#all"}, "east": {"uv": [11, 10, 12, 11], "rotation": 90, "texture": "#all"}, "south": {"uv": [5, 10, 12, 11], "texture": "#all"}, "west": {"uv": [5, 10, 6, 11], "rotation": 270, "texture": "#all"}, "up": {"uv": [5, 10, 12, 11], "texture": "#all"}}}, {"from": [4, -0.5, 7], "to": [8, 0, 10], "rotation": {"angle": 0, "axis": "x", "origin": [8, 8, 8]}, "faces": {"north": {"uv": [4, 8, 8, 9], "rotation": 180, "texture": "#all", "cullface": "down"}, "east": {"uv": [7, 6, 8, 9], "rotation": 270, "texture": "#all", "cullface": "down"}, "south": {"uv": [4, 6, 8, 7], "texture": "#all", "cullface": "down"}, "west": {"uv": [4, 6, 5, 9], "rotation": 90, "texture": "#all", "cullface": "down"}, "down": {"uv": [4, 6, 8, 9], "texture": "#all", "cullface": "down"}}}, {"from": [9, -0.5, 7], "to": [12, 0, 10], "rotation": {"angle": 0, "axis": "x", "origin": [8, 8, 8]}, "faces": {"north": {"uv": [9, 8, 12, 9], "rotation": 180, "texture": "#all", "cullface": "down"}, "east": {"uv": [11, 6, 12, 9], "rotation": 270, "texture": "#all", "cullface": "down"}, "south": {"uv": [9, 6, 12, 7], "texture": "#all", "cullface": "down"}, "west": {"uv": [9, 6, 10, 9], "rotation": 90, "texture": "#all", "cullface": "down"}, "down": {"uv": [9, 6, 12, 9], "texture": "#all", "cullface": "down"}}}, {"from": [5, -0.5, 5], "to": [12, 0, 6], "rotation": {"angle": 0, "axis": "x", "origin": [8, 8, 8]}, "faces": {"north": {"uv": [5, 10, 12, 11], "rotation": 180, "texture": "#all", "cullface": "down"}, "east": {"uv": [11, 10, 12, 11], "rotation": 270, "texture": "#all", "cullface": "down"}, "south": {"uv": [5, 10, 12, 11], "texture": "#all", "cullface": "down"}, "west": {"uv": [5, 10, 6, 11], "rotation": 90, "texture": "#all", "cullface": "down"}, "down": {"uv": [5, 10, 12, 11], "texture": "#all", "cullface": "down"}}}], "groups": [0, {"name": "north", "origin": [0, 0, 0], "color": 0, "children": [1, 2, 3, 4, 5, 6]}, {"name": "south", "origin": [0, 0, 0], "color": 0, "children": [7, 8, 9, 10, 11, 12]}, {"name": "up", "origin": [8, 8, 8], "color": 0, "children": [13, 14, 15]}, {"name": "down", "origin": [8, 8, 8], "color": 0, "children": [16, 17, 18]}]}