{"parent": "block/hopper", "ambientocclusion": false, "texture_size": [64, 64], "textures": {"minecart": "3d/minecart", "top": "block/hopper_top", "particle": "block/hopper_outside", "side": "block/hopper_outside", "inside": "block/hopper_inside"}, "elements": [{"name": "front", "from": [0, 2, 16], "to": [16, 10, 18], "faces": {"north": {"uv": [0.5, 0.5, 4.5, 2.5], "texture": "#minecart"}, "east": {"uv": [0, 0.5, 0.5, 2.5], "texture": "#minecart"}, "south": {"uv": [5, 0.5, 9, 2.5], "texture": "#minecart"}, "west": {"uv": [4.5, 0.5, 5, 2.5], "texture": "#minecart"}, "up": {"uv": [4.5, 0.5, 0.5, 0], "texture": "#minecart"}}}, {"name": "back", "from": [0, 2, -2], "to": [16, 10, 0], "faces": {"north": {"uv": [5, 0.5, 9, 2.5], "texture": "#minecart"}, "east": {"uv": [4.5, 0.5, 5, 2.5], "texture": "#minecart"}, "south": {"uv": [0.5, 0.5, 4.5, 2.5], "texture": "#minecart"}, "west": {"uv": [0, 0.5, 0.5, 2.5], "texture": "#minecart"}, "up": {"uv": [0.5, 0, 4.5, 0.5], "texture": "#minecart"}}}, {"name": "left", "from": [14, 2, 0], "to": [16, 10, 16], "faces": {"east": {"uv": [9, 0.5, 5, 2.5], "texture": "#minecart"}, "west": {"uv": [4.5, 0.5, 0.5, 2.5], "texture": "#minecart"}, "up": {"uv": [4.5, 0, 0.5, 0.5], "rotation": 90, "texture": "#minecart"}}}, {"name": "right", "from": [0, 2, 0], "to": [2, 10, 16], "faces": {"east": {"uv": [4.5, 0.5, 0.5, 2.5], "texture": "#minecart"}, "west": {"uv": [9, 0.5, 5, 2.5], "texture": "#minecart"}, "up": {"uv": [0.5, 0.5, 4.5, 0], "rotation": 90, "texture": "#minecart"}}}, {"name": "bottom", "from": [0, 0, -2], "to": [16, 2, 18], "faces": {"north": {"uv": [6, 3, 5.5, 7], "rotation": 90, "texture": "#minecart"}, "east": {"uv": [5.5, 2.5, 10.5, 3], "texture": "#minecart"}, "south": {"uv": [0, 7, 0.5, 3], "rotation": 90, "texture": "#minecart"}, "west": {"uv": [5.5, 2.5, 0.5, 3], "texture": "#minecart"}, "up": {"uv": [6, 7, 11, 3], "rotation": 90, "texture": "#minecart"}, "down": {"uv": [0.5, 7, 5.5, 3], "rotation": 90, "texture": "#minecart"}}}, {"from": [2, 7.25, 2], "to": [14, 8, 14], "faces": {"north": {"uv": [0, 5, 16, 6], "texture": "#side", "cullface": "north"}, "east": {"uv": [0, 5, 16, 6], "texture": "#side", "cullface": "east"}, "south": {"uv": [0, 5, 16, 6], "texture": "#side", "cullface": "south"}, "west": {"uv": [0, 5, 16, 6], "texture": "#side", "cullface": "west"}, "up": {"uv": [0, 0, 16, 16], "texture": "#inside", "cullface": "up"}, "down": {"uv": [0, 0, 16, 16], "texture": "#side"}}}, {"from": [2, 8, 2], "to": [3.5, 11.75, 14], "faces": {"north": {"uv": [14, 0, 16, 5], "texture": "#side", "cullface": "north"}, "east": {"uv": [0, 0, 16, 5], "texture": "#side", "cullface": "up"}, "south": {"uv": [0, 0, 2, 5], "texture": "#side", "cullface": "south"}, "west": {"uv": [0, 0, 16, 5], "texture": "#side", "cullface": "west"}, "up": {"uv": [0, 0, 2, 16], "texture": "#top", "cullface": "up"}}}, {"from": [12.5, 8, 2], "to": [14, 11.75, 14], "faces": {"north": {"uv": [0, 0, 2, 5], "texture": "#side", "cullface": "north"}, "east": {"uv": [0, 0, 16, 5], "texture": "#side", "cullface": "east"}, "south": {"uv": [14, 0, 16, 5], "texture": "#side", "cullface": "south"}, "west": {"uv": [0, 0, 16, 5], "texture": "#side", "cullface": "up"}, "up": {"uv": [14, 0, 16, 16], "texture": "#top", "cullface": "up"}}}, {"from": [3.5, 8, 2], "to": [12.5, 11.75, 3.5], "faces": {"north": {"uv": [2, 0, 14, 5], "texture": "#side", "cullface": "north"}, "south": {"uv": [2, 0, 14, 5], "texture": "#side", "cullface": "up"}, "up": {"uv": [2, 0, 14, 2], "texture": "#top", "cullface": "up"}}}, {"from": [3.5, 8, 12.5], "to": [12.5, 11.75, 14], "faces": {"north": {"uv": [2, 0, 14, 5], "texture": "#side", "cullface": "up"}, "south": {"uv": [2, 0, 14, 5], "texture": "#side", "cullface": "south"}, "up": {"uv": [2, 14, 14, 16], "texture": "#top", "cullface": "up"}}}, {"from": [5, 2.75, 5], "to": [11, 7.25, 11], "faces": {"north": {"uv": [4, 6, 12, 12], "texture": "#side"}, "east": {"uv": [4, 6, 12, 12], "texture": "#side"}, "south": {"uv": [4, 6, 12, 12], "texture": "#side"}, "west": {"uv": [4, 6, 12, 12], "texture": "#side"}, "down": {"uv": [4, 4, 12, 12], "texture": "#side"}}}, {"from": [6.5, -0.25, 6.5], "to": [9.5, 2.75, 9.5], "faces": {"north": {"uv": [6, 12, 10, 16], "texture": "#side"}, "east": {"uv": [6, 12, 10, 16], "texture": "#side"}, "south": {"uv": [6, 12, 10, 16], "texture": "#side"}, "west": {"uv": [6, 12, 10, 16], "texture": "#side"}, "down": {"uv": [6, 6, 10, 10], "texture": "#side", "cullface": "down"}}}], "display": {"thirdperson_righthand": {"rotation": [75, 45, 0], "translation": [0, 2.5, 0], "scale": [0.375, 0.375, 0.375]}, "thirdperson_lefthand": {"rotation": [75, 45, 0], "translation": [0, 2.5, 0], "scale": [0.375, 0.375, 0.375]}, "firstperson_righthand": {"rotation": [0, 45, 0], "scale": [0.4, 0.4, 0.4]}, "firstperson_lefthand": {"rotation": [0, 225, 0], "scale": [0.4, 0.4, 0.4]}, "ground": {"translation": [0, 3, 0], "scale": [0.25, 0.25, 0.25]}, "gui": {"rotation": [30, 225, 0], "scale": [0.6, 0.6, 0.6]}, "fixed": {"rotation": [-90, 0, 0], "translation": [0, 0, -4], "scale": [0.5, 0.5, 0.5]}}, "groups": [{"name": "minecart", "origin": [8, 8, 8], "children": [0, 1, 2, 3, 4]}, {"name": "hopper", "origin": [8, 8, 8], "children": [5, 6, 7, 8, 9, 10, 11]}]}