{"textures": {"bars": "block/iron_bars"}, "elements": [{"from": [7, 0, 2], "to": [9, 16, 4], "faces": {"north": {"uv": [12, 0, 14, 16], "texture": "#bars"}, "east": {"uv": [12, 0, 14, 16], "texture": "#bars"}, "south": {"uv": [12, 0, 14, 16], "texture": "#bars"}, "west": {"uv": [14, 0, 12, 16], "texture": "#bars"}, "up": {"uv": [12, 0, 14, 2], "texture": "#bars"}, "down": {"uv": [12, 14, 14, 16], "rotation": 180, "texture": "#bars"}}}, {"from": [7, 0, 7], "to": [9, 16, 8], "faces": {"north": {"uv": [7, 0, 9, 16], "texture": "#bars"}, "east": {"uv": [8, 0, 9, 16], "texture": "#bars"}, "west": {"uv": [8, 0, 9, 16], "texture": "#bars"}, "up": {"uv": [7, 0, 9, 1], "texture": "#bars"}, "down": {"uv": [7, 15, 9, 16], "rotation": 180, "texture": "#bars"}}}, {"from": [7, 2, 4], "to": [9, 4, 7], "faces": {"east": {"uv": [9, 12, 12, 14], "texture": "#bars"}, "west": {"uv": [12, 12, 9, 14], "texture": "#bars"}, "up": {"uv": [9, 12, 12, 14], "rotation": 270, "texture": "#bars"}, "down": {"uv": [9, 12, 12, 14], "rotation": 90, "texture": "#bars"}}}, {"from": [7, 7, 0], "to": [9, 9, 2], "faces": {"north": {"uv": [14, 7, 16, 9], "texture": "#bars"}, "east": {"uv": [14, 7, 16, 9], "texture": "#bars"}, "west": {"uv": [16, 7, 14, 9], "texture": "#bars"}, "up": {"uv": [14, 7, 16, 9], "rotation": 270, "texture": "#bars"}, "down": {"uv": [14, 7, 16, 9], "rotation": 90, "texture": "#bars"}}}, {"from": [7, 0, 12], "to": [9, 16, 14], "faces": {"north": {"uv": [2, 0, 4, 16], "texture": "#bars"}, "east": {"uv": [2, 0, 4, 16], "texture": "#bars"}, "south": {"uv": [2, 0, 4, 16], "texture": "#bars"}, "west": {"uv": [4, 0, 2, 16], "texture": "#bars"}, "up": {"uv": [2, 0, 4, 2], "texture": "#bars"}, "down": {"uv": [7, 14, 9, 16], "rotation": 180, "texture": "#bars"}}}, {"from": [7, 0, 8], "to": [9, 16, 9], "faces": {"east": {"uv": [7, 0, 8, 16], "texture": "#bars"}, "south": {"uv": [7, 0, 9, 16], "texture": "#bars"}, "west": {"uv": [7, 0, 8, 16], "texture": "#bars"}, "up": {"uv": [7, 0, 9, 1], "texture": "#bars"}, "down": {"uv": [2, 15, 4, 16], "rotation": 180, "texture": "#bars"}}}, {"from": [7, 12, 9], "to": [9, 14, 12], "faces": {"east": {"uv": [4, 2, 7, 4], "texture": "#bars"}, "west": {"uv": [7, 2, 4, 4], "texture": "#bars"}, "up": {"uv": [4, 2, 7, 4], "rotation": 90, "texture": "#bars"}, "down": {"uv": [4, 2, 7, 4], "rotation": 90, "texture": "#bars"}}}, {"from": [7, 7, 14], "to": [9, 9, 16], "faces": {"east": {"uv": [0, 7, 2, 9], "texture": "#bars"}, "south": {"uv": [0, 7, 2, 9], "texture": "#bars"}, "west": {"uv": [2, 7, 0, 9], "texture": "#bars"}, "up": {"uv": [0, 7, 2, 9], "rotation": 270, "texture": "#bars"}, "down": {"uv": [0, 7, 2, 9], "rotation": 90, "texture": "#bars"}}}], "display": {"thirdperson_righthand": {"translation": [0, 3, 1], "scale": [0.55, 0.55, 0.55]}, "thirdperson_lefthand": {"translation": [0, 3, 1], "scale": [0.55, 0.55, 0.55]}, "firstperson_righthand": {"rotation": [-20, -168, 11], "translation": [1.13, 2.7, -0.37], "scale": [0.68, 0.68, 0.68]}, "firstperson_lefthand": {"rotation": [-20, -168, 11], "translation": [1.13, 2.7, -0.37], "scale": [0.68, 0.68, 0.68]}, "ground": {"translation": [0, 3, 0], "scale": [0.25, 0.25, 0.25]}, "gui": {"rotation": [30, -115, 0], "scale": [0.625, 0.625, 0.625]}, "head": {"rotation": [0, 180, 0], "translation": [0, 13, 7]}, "fixed": {"rotation": [0, 90, 0], "translation": [0, 0, -0.5], "scale": [0.5, 0.5, 0.5]}}, "groups": [{"name": "iron_bars_side", "origin": [8, 8, 8], "color": 0, "children": [0, 1, 2, 3]}, {"name": "iron_bars_side_alt", "origin": [8, 8, 8], "color": 0, "children": [4, 5, 6, 7]}]}