{"parent": "block/cube_all", "textures": {"particle": "block/prismarine", "wall": "block/prismarine"}, "elements": [{"name": "wall", "from": [8, 0, 5], "to": [16, 14, 11], "faces": {"north": {"uv": [0, 2, 8, 16], "texture": "#wall"}, "east": {"uv": [5, 2, 11, 16], "texture": "#wall", "cullface": "east"}, "south": {"uv": [8, 2, 16, 16], "texture": "#wall"}, "up": {"uv": [8, 5, 16, 11], "texture": "#wall"}, "down": {"uv": [8, 5, 16, 11], "texture": "#wall", "cullface": "down"}}}, {"from": [8, 14, 9], "to": [9, 14.25, 10], "faces": {"east": {"uv": [8, 9, 9, 10], "texture": "#wall"}, "south": {"uv": [8, 9, 9, 10], "texture": "#wall"}, "up": {"uv": [8, 8.99, 9, 9.99], "texture": "#wall"}}}, {"from": [8, 14, 8], "to": [10, 14.25, 9], "faces": {"east": {"uv": [9, 8, 10, 9], "rotation": 90, "texture": "#wall"}, "south": {"uv": [8, 8, 10, 9], "texture": "#wall"}, "up": {"uv": [8.01, 8, 9.99, 9], "texture": "#wall"}}}, {"from": [9, 14, 10], "to": [12, 14.25, 11], "faces": {"north": {"uv": [9, 10, 12, 11], "rotation": 180, "texture": "#wall"}, "east": {"uv": [11, 10, 12, 11], "rotation": 90, "texture": "#wall"}, "south": {"uv": [9, 10, 12, 11], "texture": "#wall"}, "west": {"uv": [9, 10, 10, 11], "rotation": 270, "texture": "#wall"}, "up": {"uv": [8.99, 9.99, 11.99, 10.99], "texture": "#wall"}}}, {"from": [10, 14, 9], "to": [12, 14.25, 10], "faces": {"north": {"uv": [10, 9, 12, 10], "rotation": 180, "texture": "#wall"}, "east": {"uv": [11, 9, 12, 10], "rotation": 90, "texture": "#wall"}, "west": {"uv": [10, 10, 11, 11], "rotation": 270, "texture": "#wall"}, "up": {"uv": [10, 9, 12, 10], "texture": "#wall"}}}, {"from": [13, 14, 10], "to": [14, 14.25, 11], "faces": {"north": {"uv": [13, 10, 14, 11], "texture": "#wall"}, "east": {"uv": [13, 10, 14, 11], "texture": "#wall"}, "south": {"uv": [13, 10, 14, 11], "texture": "#wall"}, "west": {"uv": [13, 10, 14, 11], "texture": "#wall"}, "up": {"uv": [13, 10, 14, 11], "texture": "#wall"}}}, {"from": [14, 14, 7], "to": [16, 14.25, 10], "faces": {"north": {"uv": [14, 7, 16, 8], "rotation": 180, "texture": "#wall"}, "east": {"uv": [15, 7, 16, 10], "rotation": 90, "texture": "#wall"}, "south": {"uv": [14, 9, 16, 10], "texture": "#wall"}, "west": {"uv": [14, 7, 15, 10], "rotation": 270, "texture": "#wall"}, "up": {"uv": [14, 7, 16, 10], "texture": "#wall"}}}, {"from": [12, 14, 8], "to": [13, 14.25, 9], "faces": {"east": {"uv": [12, 8, 13, 9], "rotation": 90, "texture": "#wall"}, "south": {"uv": [12, 8, 13, 9], "texture": "#wall"}, "west": {"uv": [12, 8, 13, 9], "rotation": 270, "texture": "#wall"}, "up": {"uv": [12, 8, 13, 9], "texture": "#wall"}}}, {"from": [11, 14, 7], "to": [13, 14.25, 8], "faces": {"east": {"uv": [12, 7, 13, 8], "rotation": 90, "texture": "#wall"}, "south": {"uv": [11, 7, 13, 8], "texture": "#wall"}, "west": {"uv": [11, 7, 12, 8], "rotation": 270, "texture": "#wall"}, "up": {"uv": [11, 7, 13, 8], "texture": "#wall"}}}, {"from": [11, 14, 6], "to": [14, 14.25, 7], "faces": {"north": {"uv": [11, 6, 14, 7], "rotation": 180, "texture": "#wall"}, "east": {"uv": [13, 6, 14, 7], "rotation": 90, "texture": "#wall"}, "south": {"uv": [11, 6, 14, 7], "texture": "#wall"}, "west": {"uv": [11, 6, 12, 7], "rotation": 270, "texture": "#wall"}, "up": {"uv": [11, 6, 14, 7], "texture": "#wall"}}}, {"from": [12, 14, 5], "to": [15, 14.25, 6], "faces": {"north": {"uv": [12, 5, 15, 6], "rotation": 180, "texture": "#wall"}, "east": {"uv": [14, 5, 15, 6], "rotation": 90, "texture": "#wall"}, "south": {"uv": [12, 5, 15, 6], "texture": "#wall"}, "west": {"uv": [12, 5, 13, 6], "rotation": 270, "texture": "#wall"}, "up": {"uv": [12, 5, 15, 6], "texture": "#wall"}}}, {"from": [9, 14, 5], "to": [11, 14.25, 6], "faces": {"north": {"uv": [9, 5, 11, 6], "rotation": 180, "texture": "#wall"}, "east": {"uv": [10, 5, 11, 6], "rotation": 90, "texture": "#wall"}, "south": {"uv": [9, 5, 11, 6], "texture": "#wall"}, "west": {"uv": [9, 5, 10, 6], "rotation": 270, "texture": "#wall"}, "up": {"uv": [9, 5, 11, 6], "texture": "#wall"}}}, {"from": [8, 14, 7], "to": [10, 14.25, 8], "faces": {"north": {"uv": [8, 7, 10, 8], "rotation": 180, "texture": "#wall"}, "east": {"uv": [9, 7, 10, 8], "rotation": 90, "texture": "#wall"}, "up": {"uv": [8.01, 7, 9.99, 8], "texture": "#wall"}}}, {"from": [8, 14, 6], "to": [9, 14.25, 7], "faces": {"north": {"uv": [8, 6, 9, 7], "texture": "#wall"}, "east": {"uv": [8, 6, 9, 7], "texture": "#wall"}, "up": {"uv": [8, 6.01, 9, 7.01], "texture": "#wall"}}}, {"from": [14, 0, 11], "to": [16, 1, 11.25], "faces": {"east": {"uv": [15, 15, 16, 16], "texture": "#wall"}, "south": {"uv": [14, 15, 16, 16], "texture": "#wall"}, "west": {"uv": [14, 15, 15, 16], "texture": "#wall"}, "up": {"uv": [14, 15, 16, 16], "texture": "#wall"}, "down": {"uv": [14, 15, 16, 16], "texture": "#wall"}}}, {"from": [10, 0, 11], "to": [13, 1, 11.25], "faces": {"east": {"uv": [12, 15, 13, 16], "texture": "#wall"}, "south": {"uv": [10, 15, 13, 16], "texture": "#wall"}, "west": {"uv": [10, 15, 11, 16], "texture": "#wall"}, "up": {"uv": [10, 15, 13, 16], "texture": "#wall"}, "down": {"uv": [10, 15, 13, 16], "texture": "#wall"}}}, {"from": [8, 1, 11], "to": [12, 2, 11.25], "faces": {"east": {"uv": [11, 14, 12, 15], "texture": "#wall"}, "south": {"uv": [8, 14, 12, 15], "texture": "#wall"}, "west": {"uv": [8, 14, 9, 15], "texture": "#wall"}, "up": {"uv": [8, 14, 12, 15], "texture": "#wall"}, "down": {"uv": [8, 14, 12, 15], "texture": "#wall"}}}, {"from": [8, 2, 11], "to": [11, 3, 11.25], "faces": {"east": {"uv": [10, 13, 11, 14], "texture": "#wall"}, "south": {"uv": [8, 13, 11, 14], "texture": "#wall"}, "up": {"uv": [8, 13, 11, 14], "texture": "#wall"}}}, {"from": [8, 3, 11], "to": [9, 4, 11.25], "faces": {"east": {"uv": [8, 12, 9, 13], "texture": "#wall"}, "south": {"uv": [8, 12, 9, 13], "texture": "#wall"}, "west": {"uv": [8, 12, 9, 13], "texture": "#wall"}, "up": {"uv": [8, 12, 9, 13], "texture": "#wall"}}}, {"from": [8, 6, 11], "to": [9, 7, 11.25], "faces": {"east": {"uv": [8, 9, 9, 10], "texture": "#wall"}, "south": {"uv": [8, 9, 9, 10], "texture": "#wall"}, "down": {"uv": [8.01, 8.99, 8.99, 9.99], "texture": "#wall"}}}, {"from": [9, 4, 11], "to": [12, 6, 11.25], "faces": {"east": {"uv": [11, 10, 12, 12], "texture": "#wall"}, "south": {"uv": [9, 10, 12, 12], "texture": "#wall"}, "west": {"uv": [9, 10, 10, 12], "texture": "#wall"}, "up": {"uv": [9, 10, 12, 11], "texture": "#wall"}, "down": {"uv": [9, 11, 12, 12], "texture": "#wall"}}}, {"from": [10, 6, 11], "to": [12, 7, 11.25], "faces": {"east": {"uv": [11, 9, 12, 10], "texture": "#wall"}, "south": {"uv": [10, 9, 12, 10], "texture": "#wall"}, "west": {"uv": [10, 10, 11, 11], "texture": "#wall"}, "up": {"uv": [10, 9, 12, 10], "texture": "#wall"}}}, {"from": [13, 1, 11], "to": [14, 2, 11.25], "faces": {"east": {"uv": [13, 14, 14, 15], "texture": "#wall"}, "south": {"uv": [13, 14, 14, 15], "texture": "#wall"}, "west": {"uv": [13, 14, 14, 15], "texture": "#wall"}, "down": {"uv": [13, 14, 14, 15], "texture": "#wall"}}}, {"from": [12, 2, 11], "to": [16, 4, 11.25], "faces": {"east": {"uv": [15, 12, 16, 14], "texture": "#wall"}, "south": {"uv": [12, 12, 16, 14], "texture": "#wall"}, "west": {"uv": [12, 12, 13, 14], "texture": "#wall"}, "up": {"uv": [12, 12, 16, 13], "texture": "#wall"}, "down": {"uv": [12, 13, 16, 14], "texture": "#wall"}}}, {"from": [13, 4, 11], "to": [16, 5, 11.25], "faces": {"east": {"uv": [15, 11, 16, 12], "texture": "#wall"}, "south": {"uv": [13, 11, 16, 12], "texture": "#wall"}, "west": {"uv": [13, 11, 14, 12], "texture": "#wall"}, "up": {"uv": [13, 11, 16, 12], "texture": "#wall"}}}, {"from": [13, 5, 11], "to": [14, 6, 11.25], "faces": {"east": {"uv": [13, 10, 14, 11], "texture": "#wall"}, "south": {"uv": [13, 10, 14, 11], "texture": "#wall"}, "west": {"uv": [13, 10, 14, 11], "texture": "#wall"}, "up": {"uv": [13, 10, 14, 11], "texture": "#wall"}}}, {"from": [14, 6, 11], "to": [16, 9, 11.25], "faces": {"east": {"uv": [15, 7, 16, 10], "texture": "#wall"}, "south": {"uv": [14, 7, 16, 10], "texture": "#wall"}, "west": {"uv": [14, 7, 15, 10], "texture": "#wall"}, "up": {"uv": [14, 7, 16, 8], "texture": "#wall"}, "down": {"uv": [14, 9, 16, 10], "texture": "#wall"}}}, {"from": [12, 7, 11], "to": [13, 8, 11.25], "faces": {"east": {"uv": [12, 8, 13, 9], "texture": "#wall"}, "south": {"uv": [12, 8, 13, 9], "texture": "#wall"}, "west": {"uv": [12, 8, 13, 9], "texture": "#wall"}, "down": {"uv": [12, 8, 13, 9], "texture": "#wall"}}}, {"from": [11, 8, 11], "to": [13, 9, 11.25], "faces": {"east": {"uv": [12, 7, 13, 8], "texture": "#wall"}, "south": {"uv": [11, 7, 13, 8], "texture": "#wall"}, "west": {"uv": [11, 7, 12, 8], "texture": "#wall"}, "down": {"uv": [11, 7, 13, 8], "texture": "#wall"}}}, {"from": [11, 9, 11], "to": [14, 10, 11.25], "faces": {"east": {"uv": [13, 6, 14, 7], "texture": "#wall"}, "south": {"uv": [11, 6, 14, 7], "texture": "#wall"}, "west": {"uv": [11, 6, 12, 7], "texture": "#wall"}, "up": {"uv": [11, 6, 14, 7], "texture": "#wall"}, "down": {"uv": [11, 6, 14, 7], "texture": "#wall"}}}, {"from": [12, 10, 11], "to": [15, 11, 11.25], "faces": {"east": {"uv": [14, 5, 15, 6], "texture": "#wall"}, "south": {"uv": [12, 5, 15, 6], "texture": "#wall"}, "west": {"uv": [12, 5, 13, 6], "texture": "#wall"}, "up": {"uv": [12, 5, 15, 6], "texture": "#wall"}, "down": {"uv": [12, 5, 15, 6], "texture": "#wall"}}}, {"from": [15, 11, 11], "to": [16, 12, 11.25], "faces": {"east": {"uv": [15, 4, 16, 5], "texture": "#wall"}, "south": {"uv": [15, 4, 16, 5], "texture": "#wall"}, "west": {"uv": [15, 4, 16, 5], "texture": "#wall"}, "up": {"uv": [15, 4, 16, 5], "texture": "#wall"}, "down": {"uv": [15, 4, 16, 5], "texture": "#wall"}}}, {"from": [9, 10, 11], "to": [11, 11, 11.25], "faces": {"east": {"uv": [10, 5, 11, 6], "texture": "#wall"}, "south": {"uv": [9, 5, 11, 6], "texture": "#wall"}, "west": {"uv": [9, 5, 10, 6], "texture": "#wall"}, "up": {"uv": [9, 5, 11, 6], "texture": "#wall"}, "down": {"uv": [9, 5, 11, 6], "texture": "#wall"}}}, {"from": [10, 11, 11], "to": [13, 12, 11.25], "faces": {"east": {"uv": [12, 4, 13, 5], "texture": "#wall"}, "south": {"uv": [10, 4, 13, 5], "texture": "#wall"}, "west": {"uv": [10, 4, 11, 5], "texture": "#wall"}, "up": {"uv": [10, 4, 13, 5], "texture": "#wall"}, "down": {"uv": [10, 4, 13, 5], "texture": "#wall"}}}, {"from": [11, 12, 11], "to": [14, 13, 11.25], "faces": {"east": {"uv": [13, 3, 14, 4], "texture": "#wall"}, "south": {"uv": [11, 3, 14, 4], "texture": "#wall"}, "west": {"uv": [11, 3, 12, 4], "texture": "#wall"}, "up": {"uv": [11, 3, 14, 4], "texture": "#wall"}, "down": {"uv": [11, 3, 14, 4], "texture": "#wall"}}}, {"from": [12, 13, 11], "to": [13, 14, 11.25], "faces": {"east": {"uv": [12, 2, 13, 3], "texture": "#wall"}, "south": {"uv": [12, 2, 13, 3], "texture": "#wall"}, "west": {"uv": [12, 2, 13, 3], "texture": "#wall"}, "up": {"uv": [12, 2, 13, 3], "texture": "#wall"}}}, {"from": [8, 13, 11], "to": [11, 14, 11.25], "faces": {"east": {"uv": [10, 2, 11, 3], "texture": "#wall"}, "south": {"uv": [8, 2, 11, 3], "texture": "#wall"}, "west": {"uv": [8, 2, 9, 3], "texture": "#wall"}, "up": {"uv": [8, 2, 11, 3], "texture": "#wall"}, "down": {"uv": [8, 2, 11, 3], "texture": "#wall"}}}, {"from": [15, 13, 11], "to": [16, 14, 11.25], "faces": {"east": {"uv": [15, 2, 16, 3], "texture": "#wall"}, "south": {"uv": [15, 2, 16, 3], "texture": "#wall"}, "west": {"uv": [15, 2, 16, 3], "texture": "#wall"}, "up": {"uv": [15, 2, 16, 3], "texture": "#wall"}, "down": {"uv": [15, 2, 16, 3], "texture": "#wall"}}}, {"from": [9, 12, 11], "to": [10, 13, 11.25], "faces": {"east": {"uv": [9, 3, 10, 4], "texture": "#wall"}, "south": {"uv": [9, 3, 10, 4], "texture": "#wall"}, "west": {"uv": [9, 3, 10, 4], "texture": "#wall"}, "down": {"uv": [9, 3, 10, 4], "texture": "#wall"}}}, {"from": [8, 7, 11], "to": [10, 9, 11.25], "faces": {"east": {"uv": [9, 7, 10, 9], "texture": "#wall"}, "south": {"uv": [8, 7, 10, 9], "texture": "#wall"}, "up": {"uv": [8, 7, 10, 8], "texture": "#wall"}, "down": {"uv": [8.01, 8.01, 9.99, 9.01], "texture": "#wall"}}}, {"from": [8, 9, 11], "to": [9, 10, 11.25], "faces": {"east": {"uv": [8, 6, 9, 7], "texture": "#wall"}, "south": {"uv": [8, 6, 9, 7], "texture": "#wall"}, "up": {"uv": [7, 6, 9, 7], "texture": "#wall"}}}, {"from": [16, 0, 5], "to": [16.25, 1, 6], "faces": {"north": {"uv": [10, 15, 11, 16], "texture": "#wall", "cullface": "east"}, "east": {"uv": [10, 15, 11, 16], "texture": "#wall", "cullface": "east"}, "south": {"uv": [10, 15, 11, 16], "texture": "#wall", "cullface": "east"}, "down": {"uv": [9.99, 14.99, 10.99, 15.99], "texture": "#wall", "cullface": "east"}}}, {"from": [16, 0, 9], "to": [16.25, 2, 10], "faces": {"north": {"uv": [6, 14, 7, 16], "texture": "#wall", "cullface": "east"}, "east": {"uv": [6, 14, 7, 16], "texture": "#wall", "cullface": "east"}, "up": {"uv": [6, 14, 7, 15], "texture": "#wall", "cullface": "east"}, "down": {"uv": [6.01, 14.99, 7.01, 15.99], "texture": "#wall", "cullface": "east"}}}, {"from": [16, 0, 10], "to": [16.25, 5, 11], "faces": {"north": {"uv": [5, 11, 6, 16], "texture": "#wall", "cullface": "east"}, "east": {"uv": [5, 11, 6, 16], "texture": "#wall", "cullface": "east"}, "south": {"uv": [5, 11, 6, 16], "texture": "#wall", "cullface": "east"}, "up": {"uv": [5, 11, 6, 12], "rotation": 270, "texture": "#wall", "cullface": "east"}, "down": {"uv": [5, 15, 6, 16], "rotation": 90, "texture": "#wall", "cullface": "east"}}}, {"from": [16, 1, 5], "to": [16.25, 2, 8], "faces": {"north": {"uv": [10, 14, 11, 15], "texture": "#wall", "cullface": "east"}, "east": {"uv": [8, 14, 11, 15], "texture": "#wall", "cullface": "east"}, "south": {"uv": [8, 14, 9, 15], "texture": "#wall", "cullface": "east"}, "down": {"uv": [8, 14, 11, 15], "rotation": 90, "texture": "#wall", "cullface": "east"}}}, {"from": [16, 2, 5], "to": [16.25, 3, 9], "faces": {"north": {"uv": [10, 13, 11, 14], "texture": "#wall", "cullface": "east"}, "east": {"uv": [7, 13, 11, 14], "texture": "#wall", "cullface": "east"}, "south": {"uv": [7, 13, 8, 14], "texture": "#wall", "cullface": "east"}, "up": {"uv": [7, 13, 11, 14], "rotation": 270, "texture": "#wall", "cullface": "east"}, "down": {"uv": [7, 13, 11, 14], "rotation": 90, "texture": "#wall", "cullface": "east"}}}, {"from": [16, 3, 7], "to": [16.25, 4, 8], "faces": {"north": {"uv": [8, 12, 9, 13], "texture": "#wall", "cullface": "east"}, "east": {"uv": [8, 12, 9, 13], "texture": "#wall", "cullface": "east"}, "south": {"uv": [8, 12, 9, 13], "texture": "#wall", "cullface": "east"}, "up": {"uv": [8, 12, 9, 13], "rotation": 270, "texture": "#wall", "cullface": "east"}}}, {"from": [16, 4, 8], "to": [16.25, 5, 9], "faces": {"north": {"uv": [7, 11, 8, 12], "texture": "#wall", "cullface": "east"}, "east": {"uv": [7, 11, 8, 12], "texture": "#wall", "cullface": "east"}, "south": {"uv": [7, 11, 8, 12], "texture": "#wall", "cullface": "east"}, "down": {"uv": [7, 11, 8, 12], "rotation": 90, "texture": "#wall", "cullface": "east"}}}, {"from": [16, 5, 8], "to": [16.25, 6, 10], "faces": {"north": {"uv": [7, 10, 8, 11], "texture": "#wall", "cullface": "east"}, "east": {"uv": [6, 10, 8, 11], "texture": "#wall", "cullface": "east"}, "south": {"uv": [6, 10, 7, 11], "texture": "#wall", "cullface": "east"}, "down": {"uv": [6, 10, 8, 11], "rotation": 90, "texture": "#wall", "cullface": "east"}}}, {"from": [16, 6, 7], "to": [16.25, 7, 11], "faces": {"north": {"uv": [8, 9, 9, 10], "texture": "#wall", "cullface": "east"}, "east": {"uv": [5, 9, 9, 10], "texture": "#wall", "cullface": "east"}, "south": {"uv": [5, 9, 6, 10], "texture": "#wall", "cullface": "east"}, "down": {"uv": [5, 9, 9, 10], "rotation": 90, "texture": "#wall", "cullface": "east"}}}, {"from": [16, 7, 6], "to": [16.25, 8, 11], "faces": {"north": {"uv": [9, 8, 10, 9], "texture": "#wall", "cullface": "east"}, "east": {"uv": [5, 8, 10, 9], "texture": "#wall", "cullface": "east"}, "south": {"uv": [5, 8, 6, 9], "texture": "#wall", "cullface": "east"}, "up": {"uv": [5, 8, 10, 9], "rotation": 270, "texture": "#wall", "cullface": "east"}, "down": {"uv": [2, 8, 10, 9], "rotation": 90, "texture": "#wall", "cullface": "east"}}}, {"from": [16, 4, 5], "to": [16.25, 6, 7], "faces": {"north": {"uv": [10, 10, 11, 12], "texture": "#wall", "cullface": "east"}, "east": {"uv": [9, 10, 11, 12], "texture": "#wall", "cullface": "east"}, "south": {"uv": [9, 10, 10, 12], "texture": "#wall", "cullface": "east"}, "up": {"uv": [9, 10, 11, 11], "rotation": 270, "texture": "#wall", "cullface": "east"}, "down": {"uv": [9, 11, 11, 12], "rotation": 90, "texture": "#wall", "cullface": "east"}}}, {"from": [16, 6, 5], "to": [16.25, 7, 6], "faces": {"north": {"uv": [10, 9, 11, 10], "texture": "#wall", "cullface": "east"}, "east": {"uv": [10, 9, 11, 10], "texture": "#wall", "cullface": "east"}, "south": {"uv": [10, 9, 11, 10], "texture": "#wall", "cullface": "east"}, "up": {"uv": [10, 9, 11, 10], "texture": "#wall", "cullface": "east"}}}, {"from": [16, 10, 5], "to": [16.25, 11, 7], "faces": {"north": {"uv": [10, 5, 11, 6], "texture": "#wall", "cullface": "east"}, "east": {"uv": [9, 5, 11, 6], "texture": "#wall", "cullface": "east"}, "south": {"uv": [9, 5, 10, 6], "texture": "#wall", "cullface": "east"}, "up": {"uv": [9, 5, 11, 6], "rotation": 270, "texture": "#wall", "cullface": "east"}, "down": {"uv": [9, 5, 11, 6], "rotation": 90, "texture": "#wall", "cullface": "east"}}}, {"from": [16, 11, 5], "to": [16.25, 12, 6], "faces": {"north": {"uv": [10, 4, 11, 5], "texture": "#wall", "cullface": "east"}, "east": {"uv": [10, 4, 11, 5], "texture": "#wall", "cullface": "east"}, "south": {"uv": [10, 4, 11, 5], "texture": "#wall", "cullface": "east"}, "up": {"uv": [10, 4.01, 11, 5.01], "texture": "#wall", "cullface": "east"}}}, {"from": [16, 13, 9], "to": [16.25, 14, 11], "faces": {"north": {"uv": [6, 2, 7, 3], "texture": "#wall", "cullface": "east"}, "east": {"uv": [5, 2, 7, 3], "texture": "#wall", "cullface": "east"}, "south": {"uv": [5, 2, 6, 3], "texture": "#wall", "cullface": "east"}, "up": {"uv": [5, 2, 7, 3], "rotation": 270, "texture": "#wall", "cullface": "east"}}}, {"from": [16, 12, 8], "to": [16.25, 13, 11], "faces": {"north": {"uv": [7, 3, 8, 4], "texture": "#wall", "cullface": "east"}, "east": {"uv": [5, 3, 8, 4], "texture": "#wall", "cullface": "east"}, "south": {"uv": [5, 3, 6, 4], "texture": "#wall", "cullface": "east"}, "up": {"uv": [5, 3, 8, 4], "rotation": 270, "texture": "#wall", "cullface": "east"}, "down": {"uv": [5, 3, 8, 4], "rotation": 90, "texture": "#wall", "cullface": "east"}}}, {"from": [16, 11, 8], "to": [16.25, 12, 10], "faces": {"north": {"uv": [7, 4, 8, 5], "texture": "#wall", "cullface": "east"}, "east": {"uv": [6, 4, 8, 5], "texture": "#wall", "cullface": "east"}, "south": {"uv": [6, 4, 7, 5], "texture": "#wall", "cullface": "east"}, "down": {"uv": [6, 4, 8, 5], "rotation": 90, "texture": "#wall", "cullface": "east"}}}, {"from": [16, 10, 10], "to": [16.25, 11, 11], "faces": {"north": {"uv": [5, 5, 6, 6], "texture": "#wall", "cullface": "east"}, "east": {"uv": [5, 5, 6, 6], "texture": "#wall", "cullface": "east"}, "south": {"uv": [5, 5, 6, 6], "texture": "#wall", "cullface": "east"}, "up": {"uv": [5, 5, 6, 6], "texture": "#wall", "cullface": "east"}, "down": {"uv": [5, 5, 6, 6], "texture": "#wall", "cullface": "east"}}}, {"from": [16, 13, 5], "to": [16.25, 14, 8], "faces": {"north": {"uv": [10, 2, 11, 3], "texture": "#wall", "cullface": "east"}, "east": {"uv": [8, 2, 11, 3], "texture": "#wall", "cullface": "east"}, "south": {"uv": [8, 2, 9, 3], "texture": "#wall", "cullface": "east"}, "up": {"uv": [8, 2, 11, 3], "rotation": 270, "texture": "#wall", "cullface": "east"}, "down": {"uv": [8, 2, 11, 3], "rotation": 90, "texture": "#wall", "cullface": "east"}}}, {"from": [16, 12, 6], "to": [16.25, 13, 7], "faces": {"north": {"uv": [9, 3, 10, 4], "texture": "#wall", "cullface": "east"}, "east": {"uv": [9, 3, 10, 4], "texture": "#wall", "cullface": "east"}, "south": {"uv": [9, 3, 10, 4], "texture": "#wall", "cullface": "east"}, "down": {"uv": [9, 3, 10, 4], "rotation": 90, "texture": "#wall", "cullface": "east"}}}, {"from": [16, 8, 6], "to": [16.25, 9, 10], "faces": {"north": {"uv": [9, 7, 10, 8], "texture": "#wall", "cullface": "east"}, "east": {"uv": [6, 7, 10, 8], "texture": "#wall", "cullface": "east"}, "south": {"uv": [6, 7, 7, 8], "texture": "#wall", "cullface": "east"}, "up": {"uv": [6, 7, 10, 8], "rotation": 270, "texture": "#wall", "cullface": "east"}}}, {"from": [16, 9, 7], "to": [16.25, 10, 9], "faces": {"north": {"uv": [8, 6, 9, 7], "texture": "#wall", "cullface": "east"}, "east": {"uv": [7, 6, 9, 7], "texture": "#wall", "cullface": "east"}, "south": {"uv": [7, 6, 8, 7], "texture": "#wall", "cullface": "east"}, "up": {"uv": [7, 6, 9, 7], "rotation": 270, "texture": "#wall", "cullface": "east"}}}, {"from": [12, 0, 4.75], "to": [14, 1, 5], "faces": {"north": {"uv": [2, 15, 4, 16], "texture": "#wall"}, "east": {"uv": [2, 15, 3, 16], "texture": "#wall"}, "west": {"uv": [3, 15, 4, 16], "texture": "#wall"}, "up": {"uv": [2, 15, 4, 16], "rotation": 180, "texture": "#wall"}, "down": {"uv": [2, 15, 4, 16], "rotation": 180, "texture": "#wall"}}}, {"from": [14, 1, 4.75], "to": [16, 3, 5], "faces": {"north": {"uv": [0, 13, 2, 15], "texture": "#wall"}, "east": {"uv": [0, 13, 1, 15], "texture": "#wall"}, "west": {"uv": [1, 13, 2, 15], "texture": "#wall"}, "up": {"uv": [0, 13, 2, 14], "rotation": 180, "texture": "#wall"}, "down": {"uv": [0, 14, 2, 15], "rotation": 180, "texture": "#wall"}}}, {"from": [15, 3, 4.75], "to": [16, 4, 5], "faces": {"north": {"uv": [0, 12, 1, 13], "texture": "#wall"}, "east": {"uv": [0, 12, 1, 13], "texture": "#wall"}, "west": {"uv": [0, 12, 1, 13], "texture": "#wall"}, "up": {"uv": [0, 12, 1, 13], "rotation": 180, "texture": "#wall"}}}, {"from": [9, 0, 4.75], "to": [11, 1, 5], "faces": {"north": {"uv": [5, 15, 7, 16], "texture": "#wall"}, "east": {"uv": [5, 15, 6, 16], "texture": "#wall"}, "west": {"uv": [6, 15, 7, 16], "texture": "#wall"}, "down": {"uv": [5, 15, 7, 16], "rotation": 180, "texture": "#wall"}}}, {"from": [9, 1, 4.75], "to": [12, 2, 5], "faces": {"north": {"uv": [4, 14, 7, 15], "texture": "#wall"}, "east": {"uv": [4, 14, 5, 15], "texture": "#wall"}, "west": {"uv": [6, 14, 7, 15], "texture": "#wall"}, "up": {"uv": [4, 14, 7, 15], "rotation": 180, "texture": "#wall"}, "down": {"uv": [4, 14, 7, 15], "rotation": 180, "texture": "#wall"}}}, {"from": [10, 2, 4.75], "to": [13, 4, 5], "faces": {"north": {"uv": [3, 12, 6, 14], "texture": "#wall"}, "east": {"uv": [3, 12, 4, 14], "texture": "#wall"}, "west": {"uv": [5, 12, 6, 14], "texture": "#wall"}, "up": {"uv": [3, 12, 6, 13], "rotation": 180, "texture": "#wall"}, "down": {"uv": [3, 13, 6, 14], "rotation": 180, "texture": "#wall"}}}, {"from": [10, 4, 4.75], "to": [12, 5, 5], "faces": {"north": {"uv": [4, 11, 6, 12], "texture": "#wall"}, "east": {"uv": [4, 11, 5, 12], "texture": "#wall"}, "west": {"uv": [5, 11, 6, 12], "texture": "#wall"}, "up": {"uv": [4, 11, 6, 12], "rotation": 180, "texture": "#wall"}}}, {"from": [8, 2, 4.75], "to": [9, 3, 5], "faces": {"north": {"uv": [7, 13, 8, 14], "texture": "#wall"}, "east": {"uv": [7, 13, 8, 14], "texture": "#wall"}, "up": {"uv": [6.99, 13.01, 7.99, 13.99], "texture": "#wall"}, "down": {"uv": [6.99, 13.01, 7.99, 13.99], "texture": "#wall"}}}, {"from": [8, 4, 4.75], "to": [9, 5, 5], "faces": {"north": {"uv": [7, 11, 8, 12], "texture": "#wall"}, "east": {"uv": [7, 11, 8, 12], "texture": "#wall"}, "west": {"uv": [7, 11, 8, 12], "texture": "#wall"}, "down": {"uv": [7, 11, 8, 12], "rotation": 180, "texture": "#wall"}}}, {"from": [8, 5, 4.75], "to": [10, 6, 5], "faces": {"north": {"uv": [6, 10, 8, 11], "texture": "#wall"}, "east": {"uv": [6, 10, 7, 11], "texture": "#wall"}, "west": {"uv": [7, 10, 8, 11], "texture": "#wall"}, "down": {"uv": [6, 10, 8, 11], "rotation": 180, "texture": "#wall"}}}, {"from": [8, 6, 4.75], "to": [11, 7, 5], "faces": {"north": {"uv": [5, 9, 8, 10], "texture": "#wall"}, "east": {"uv": [5, 9, 6, 10], "texture": "#wall"}, "down": {"uv": [5, 9, 9, 10], "rotation": 180, "texture": "#wall"}}}, {"from": [8, 7, 4.75], "to": [14, 8, 5], "faces": {"north": {"uv": [2, 8, 8, 9], "texture": "#wall"}, "east": {"uv": [2, 8, 3, 9], "texture": "#wall"}, "up": {"uv": [2, 8, 8, 9], "rotation": 180, "texture": "#wall"}, "down": {"uv": [2, 8, 8, 9], "rotation": 180, "texture": "#wall"}}}, {"from": [12, 5, 4.75], "to": [15, 7, 5], "faces": {"north": {"uv": [1, 9, 4, 11], "texture": "#wall"}, "east": {"uv": [1, 9, 2, 11], "texture": "#wall"}, "west": {"uv": [3, 9, 4, 11], "texture": "#wall"}, "up": {"uv": [1, 9, 4, 10], "rotation": 180, "texture": "#wall"}, "down": {"uv": [1, 10, 4, 11], "rotation": 180, "texture": "#wall"}}}, {"from": [13, 4, 4.75], "to": [14, 5, 5], "faces": {"north": {"uv": [2, 11, 3, 12], "texture": "#wall"}, "east": {"uv": [2, 11, 3, 12], "texture": "#wall"}, "west": {"uv": [2, 11, 3, 12], "texture": "#wall"}, "down": {"uv": [2, 11, 3, 12], "rotation": 180, "texture": "#wall"}}}, {"from": [15, 6, 4.75], "to": [16, 9, 5], "faces": {"north": {"uv": [0, 7, 1, 10], "texture": "#wall"}, "east": {"uv": [0, 7, 1, 10], "texture": "#wall"}, "west": {"uv": [0, 7, 1, 10], "texture": "#wall"}, "up": {"uv": [0, 7, 1, 8], "rotation": 180, "texture": "#wall"}, "down": {"uv": [0, 9, 1, 10], "rotation": 180, "texture": "#wall"}}}, {"from": [14, 9, 4.75], "to": [15, 10, 5], "faces": {"north": {"uv": [1, 6, 2, 7], "texture": "#wall"}, "east": {"uv": [1, 6, 2, 7], "texture": "#wall"}, "west": {"uv": [1, 6, 2, 7], "texture": "#wall"}, "down": {"uv": [1, 6, 2, 7], "rotation": 180, "texture": "#wall"}}}, {"from": [13, 10, 4.75], "to": [16, 12, 5], "faces": {"north": {"uv": [0, 4, 3, 6], "texture": "#wall"}, "east": {"uv": [0, 4, 1, 6], "texture": "#wall"}, "west": {"uv": [2, 4, 3, 6], "texture": "#wall"}, "up": {"uv": [0, 4, 3, 5], "rotation": 180, "texture": "#wall"}, "down": {"uv": [0, 5, 3, 6], "rotation": 180, "texture": "#wall"}}}, {"from": [14, 12, 4.75], "to": [16, 13, 5], "faces": {"north": {"uv": [0, 3, 2, 4], "texture": "#wall"}, "east": {"uv": [0, 3, 1, 4], "texture": "#wall"}, "west": {"uv": [1, 3, 2, 4], "texture": "#wall"}, "up": {"uv": [0, 3, 2, 4], "rotation": 180, "texture": "#wall"}}}, {"from": [14, 13, 4.75], "to": [15, 14, 5], "faces": {"north": {"uv": [1, 2, 2, 3], "texture": "#wall"}, "east": {"uv": [1, 2, 2, 3], "texture": "#wall"}, "west": {"uv": [1, 2, 2, 3], "texture": "#wall"}, "up": {"uv": [1, 2, 2, 3], "rotation": 180, "texture": "#wall"}}}, {"from": [9, 13, 4.75], "to": [13, 14, 5], "faces": {"north": {"uv": [3, 2, 7, 3], "texture": "#wall"}, "east": {"uv": [3, 2, 4, 3], "texture": "#wall"}, "west": {"uv": [6, 2, 7, 3], "texture": "#wall"}, "up": {"uv": [3, 2, 7, 3], "rotation": 180, "texture": "#wall"}, "down": {"uv": [3, 2, 7, 3], "rotation": 180, "texture": "#wall"}}}, {"from": [8, 12, 4.75], "to": [12, 13, 5], "faces": {"north": {"uv": [4, 3, 8, 4], "texture": "#wall"}, "east": {"uv": [4, 3, 5, 4], "texture": "#wall"}, "west": {"uv": [7, 3, 8, 4], "texture": "#wall"}, "up": {"uv": [4, 3, 8, 4], "rotation": 180, "texture": "#wall"}, "down": {"uv": [4, 3, 8, 4], "rotation": 180, "texture": "#wall"}}}, {"from": [8, 11, 4.75], "to": [10, 12, 5], "faces": {"north": {"uv": [6, 4, 8, 5], "texture": "#wall"}, "east": {"uv": [6, 4, 7, 5], "texture": "#wall"}, "west": {"uv": [7, 4, 8, 5], "texture": "#wall"}, "down": {"uv": [6, 4, 8, 5], "rotation": 180, "texture": "#wall"}}}, {"from": [10, 10, 4.75], "to": [12, 11, 5], "faces": {"north": {"uv": [4, 5, 6, 6], "texture": "#wall"}, "east": {"uv": [4, 5, 5, 6], "texture": "#wall"}, "west": {"uv": [5, 5, 6, 6], "texture": "#wall"}, "up": {"uv": [4, 5, 6, 6], "rotation": 180, "texture": "#wall"}, "down": {"uv": [4, 5, 6, 6], "rotation": 180, "texture": "#wall"}}}, {"from": [11, 9, 4.75], "to": [13, 10, 5], "faces": {"north": {"uv": [3, 6, 5, 7], "texture": "#wall"}, "east": {"uv": [3, 6, 4, 7], "texture": "#wall"}, "west": {"uv": [4, 6, 5, 7], "texture": "#wall"}, "up": {"uv": [3, 6, 5, 7], "rotation": 180, "texture": "#wall"}, "down": {"uv": [3, 6, 5, 7], "rotation": 180, "texture": "#wall"}}}, {"from": [8, 8, 4.75], "to": [10, 9, 5], "faces": {"north": {"uv": [6, 7, 8, 8], "texture": "#wall"}, "east": {"uv": [6, 7, 7, 8], "texture": "#wall"}, "up": {"uv": [6, 7, 8, 8], "rotation": 180, "texture": "#wall"}}}, {"from": [8, 9, 4.75], "to": [9, 10, 5], "faces": {"north": {"uv": [7, 6, 8, 7], "texture": "#wall"}, "east": {"uv": [7, 6, 8, 7], "texture": "#wall"}, "up": {"uv": [7.01, 6.01, 7.99, 7.01], "texture": "#wall"}}}, {"from": [8, -0.25, 6], "to": [9, 0, 7], "faces": {"north": {"uv": [8, 9, 9, 10], "rotation": 180, "texture": "#wall", "cullface": "down"}, "east": {"uv": [8, 9, 9, 10], "rotation": 180, "texture": "#wall", "cullface": "down"}, "down": {"uv": [8, 8.99, 9, 9.99], "texture": "#wall", "cullface": "down"}}}, {"from": [8, -0.25, 7], "to": [10, 0, 8], "faces": {"north": {"uv": [8, 8, 10, 9], "rotation": 180, "texture": "#wall", "cullface": "down"}, "east": {"uv": [9, 8, 10, 9], "rotation": 270, "texture": "#wall", "cullface": "down"}, "down": {"uv": [8.01, 8, 9.99, 9], "texture": "#wall", "cullface": "down"}}}, {"from": [9, -0.25, 5], "to": [12, 0, 6], "faces": {"north": {"uv": [9, 10, 12, 11], "rotation": 180, "texture": "#wall", "cullface": "down"}, "east": {"uv": [11, 10, 12, 11], "rotation": 270, "texture": "#wall", "cullface": "down"}, "south": {"uv": [9, 10, 12, 11], "texture": "#wall", "cullface": "down"}, "west": {"uv": [9, 10, 10, 11], "rotation": 90, "texture": "#wall", "cullface": "down"}, "down": {"uv": [8.99, 9.99, 11.99, 10.99], "texture": "#wall", "cullface": "down"}}}, {"from": [10, -0.25, 6], "to": [12, 0, 7], "faces": {"east": {"uv": [11, 9, 12, 10], "rotation": 270, "texture": "#wall", "cullface": "down"}, "south": {"uv": [10, 9, 12, 10], "texture": "#wall", "cullface": "down"}, "west": {"uv": [10, 10, 11, 11], "rotation": 90, "texture": "#wall", "cullface": "down"}, "down": {"uv": [10, 9, 12, 10], "texture": "#wall", "cullface": "down"}}}, {"from": [13, -0.25, 5], "to": [14, 0, 6], "faces": {"north": {"uv": [13, 10, 14, 11], "rotation": 180, "texture": "#wall", "cullface": "down"}, "east": {"uv": [13, 10, 14, 11], "rotation": 180, "texture": "#wall", "cullface": "down"}, "south": {"uv": [13, 10, 14, 11], "rotation": 180, "texture": "#wall", "cullface": "down"}, "west": {"uv": [13, 10, 14, 11], "rotation": 180, "texture": "#wall", "cullface": "down"}, "down": {"uv": [13, 10, 14, 11], "texture": "#wall", "cullface": "down"}}}, {"from": [14, -0.25, 6], "to": [16, 0, 9], "faces": {"north": {"uv": [14, 9, 16, 10], "rotation": 180, "texture": "#wall", "cullface": "down"}, "east": {"uv": [15, 7, 16, 10], "rotation": 270, "texture": "#wall", "cullface": "down"}, "south": {"uv": [14, 7, 16, 8], "texture": "#wall", "cullface": "down"}, "west": {"uv": [14, 7, 15, 10], "rotation": 90, "texture": "#wall", "cullface": "down"}, "down": {"uv": [14, 7, 16, 10], "texture": "#wall", "cullface": "down"}}}, {"from": [12, -0.25, 7], "to": [13, 0, 8], "faces": {"north": {"uv": [12, 8, 13, 9], "rotation": 180, "texture": "#wall", "cullface": "down"}, "east": {"uv": [12, 8, 13, 9], "rotation": 270, "texture": "#wall", "cullface": "down"}, "west": {"uv": [12, 8, 13, 9], "rotation": 90, "texture": "#wall", "cullface": "down"}, "down": {"uv": [12, 8, 13, 9], "texture": "#wall", "cullface": "down"}}}, {"from": [11, -0.25, 8], "to": [13, 0, 9], "faces": {"north": {"uv": [11, 7, 13, 8], "rotation": 180, "texture": "#wall", "cullface": "down"}, "east": {"uv": [12, 7, 13, 8], "rotation": 270, "texture": "#wall", "cullface": "down"}, "west": {"uv": [11, 7, 12, 8], "rotation": 90, "texture": "#wall", "cullface": "down"}, "down": {"uv": [11, 7, 13, 8], "texture": "#wall", "cullface": "down"}}}, {"from": [11, -0.25, 9], "to": [14, 0, 10], "faces": {"north": {"uv": [11, 6, 14, 7], "rotation": 180, "texture": "#wall", "cullface": "down"}, "east": {"uv": [13, 6, 14, 7], "rotation": 270, "texture": "#wall", "cullface": "down"}, "south": {"uv": [11, 6, 14, 7], "texture": "#wall", "cullface": "down"}, "west": {"uv": [11, 6, 12, 7], "rotation": 90, "texture": "#wall", "cullface": "down"}, "down": {"uv": [11, 6, 14, 7], "texture": "#wall", "cullface": "down"}}}, {"from": [12, -0.25, 10], "to": [15, 0, 11], "faces": {"north": {"uv": [12, 5, 15, 6], "rotation": 180, "texture": "#wall", "cullface": "down"}, "east": {"uv": [14, 5, 15, 6], "rotation": 270, "texture": "#wall", "cullface": "down"}, "south": {"uv": [12, 5, 15, 6], "texture": "#wall", "cullface": "down"}, "west": {"uv": [12, 5, 13, 6], "rotation": 90, "texture": "#wall", "cullface": "down"}, "down": {"uv": [12, 5, 15, 6], "texture": "#wall", "cullface": "down"}}}, {"from": [9, -0.25, 10], "to": [11, 0, 11], "faces": {"north": {"uv": [9, 5, 11, 6], "rotation": 180, "texture": "#wall", "cullface": "down"}, "east": {"uv": [10, 5, 11, 6], "rotation": 270, "texture": "#wall", "cullface": "down"}, "south": {"uv": [9, 5, 11, 6], "texture": "#wall", "cullface": "down"}, "west": {"uv": [9, 5, 10, 6], "rotation": 90, "texture": "#wall", "cullface": "down"}, "down": {"uv": [9, 5, 11, 6], "texture": "#wall", "cullface": "down"}}}, {"from": [8, -0.25, 8], "to": [10, 0, 9], "faces": {"east": {"uv": [9, 7, 10, 8], "rotation": 270, "texture": "#wall", "cullface": "down"}, "south": {"uv": [8, 7, 10, 8], "texture": "#wall", "cullface": "down"}, "down": {"uv": [8.01, 7, 9.99, 8], "texture": "#wall", "cullface": "down"}}}, {"from": [8, -0.25, 9], "to": [9, 0, 10], "faces": {"east": {"uv": [8, 6, 9, 7], "rotation": 180, "texture": "#wall", "cullface": "down"}, "south": {"uv": [8, 6, 9, 7], "rotation": 180, "texture": "#wall", "cullface": "down"}, "down": {"uv": [8, 6.01, 9, 7.01], "texture": "#wall", "cullface": "down"}}}], "groups": [0, {"name": "up", "origin": [8, 8, 8], "color": 0, "children": [1, 2, 3, 4, 5, 6, 7, 8, 9, 10, 11, 12, 13]}, {"name": "south", "origin": [8, 8, 8], "color": 0, "children": [14, 15, 16, 17, 18, 19, 20, 21, 22, 23, 24, 25, 26, 27, 28, 29, 30, 31, 32, 33, 34, 35, 36, 37, 38, 39, 40]}, {"name": "east", "origin": [8, 8, 8], "color": 0, "children": [41, 42, 43, 44, 45, 46, 47, 48, 49, 50, 51, 52, 53, 54, 55, 56, 57, 58, 59, 60, 61, 62]}, {"name": "north", "origin": [8, 8, 8], "color": 0, "children": [63, 64, 65, 66, 67, 68, 69, 70, 71, 72, 73, 74, 75, 76, 77, 78, 79, 80, 81, 82, 83, 84, 85, 86, 87, 88]}, {"name": "down", "origin": [8, 8, 8], "color": 0, "children": [89, 90, 91, 92, 93, 94, 95, 96, 97, 98, 99, 100, 101]}]}