{"parent": "block/cube_column", "textures": {"particle": "block/pumpkin_side", "side": "block/pumpkin_side", "end": "block/pumpkin_top"}, "elements": [{"name": "Cube", "from": [0, 0, 0], "to": [16, 16, 16], "faces": {"north": {"uv": [0, 0, 16, 16], "texture": "#side", "cullface": "north"}, "east": {"uv": [0, 0, 16, 16], "texture": "#side", "cullface": "east"}, "south": {"uv": [0, 0, 16, 16], "texture": "#side", "cullface": "south"}, "west": {"uv": [0, 0, 16, 16], "texture": "#side", "cullface": "west"}, "up": {"uv": [0, 0, 16, 16], "rotation": 180, "texture": "#end", "cullface": "up"}, "down": {"uv": [0, 0, 16, 16], "rotation": 180, "texture": "#end", "cullface": "down"}}}, {"from": [7, 16, 7], "to": [9, 16.5, 8], "rotation": {"angle": 0, "axis": "y", "origin": [15, 24, 15]}, "faces": {"north": {"uv": [7, 8, 9, 8.5], "texture": "#end", "cullface": "up"}, "east": {"uv": [7, 8, 8, 8.5], "texture": "#end", "cullface": "up"}, "west": {"uv": [8, 8, 9, 8.5], "texture": "#end", "cullface": "up"}, "up": {"uv": [7, 8, 9, 9], "texture": "#end", "cullface": "up"}}}, {"from": [7, 16, 8], "to": [10, 16.5, 9], "rotation": {"angle": 0, "axis": "y", "origin": [15, 24, 16]}, "faces": {"north": {"uv": [6, 7, 9, 7.5], "texture": "#end", "cullface": "up"}, "east": {"uv": [6, 7, 7, 7.5], "texture": "#end", "cullface": "up"}, "south": {"uv": [6, 7, 9, 7.5], "rotation": 180, "texture": "#end", "cullface": "up"}, "west": {"uv": [8, 7, 9, 7.5], "texture": "#end", "cullface": "up"}, "up": {"uv": [6, 7, 9, 8], "rotation": 180, "texture": "#end", "cullface": "up"}}}, {"from": [8, 16, 9], "to": [11, 16.5, 10], "rotation": {"angle": 0, "axis": "y", "origin": [16, 24, 17]}, "faces": {"north": {"uv": [5, 6, 8, 6.5], "texture": "#end", "cullface": "up"}, "east": {"uv": [5, 6, 6, 6.5], "texture": "#end", "cullface": "up"}, "south": {"uv": [5, 6, 8, 6.5], "rotation": 180, "texture": "#end", "cullface": "up"}, "west": {"uv": [7, 6, 8, 6.5], "texture": "#end", "cullface": "up"}, "up": {"uv": [5, 6, 8, 7], "rotation": 180, "texture": "#end", "cullface": "up"}}}, {"from": [9, 16, 10], "to": [11, 16.5, 11], "rotation": {"angle": 0, "axis": "y", "origin": [16, 24, 18]}, "faces": {"east": {"uv": [5, 5, 6, 5.5], "texture": "#end", "cullface": "up"}, "south": {"uv": [5, 5, 7, 5.5], "rotation": 180, "texture": "#end", "cullface": "up"}, "west": {"uv": [5, 5, 6, 5.5], "texture": "#end", "cullface": "up"}, "up": {"uv": [5, 5, 7, 6], "rotation": 180, "texture": "#end", "cullface": "up"}}}], "display": {"thirdperson_righthand": {"rotation": [75, 45, 0], "translation": [0, 2.5, 0], "scale": [0.375, 0.375, 0.375]}, "firstperson_righthand": {"rotation": [0, 45, 0], "scale": [0.4, 0.4, 0.4]}, "ground": {"translation": [0, 3, 0], "scale": [0.25, 0.25, 0.25]}, "gui": {"rotation": [30, 225, 0], "scale": [0.625, 0.625, 0.625]}, "fixed": {"scale": [0.5, 0.5, 0.5]}}, "groups": [0, {"name": "top", "origin": [16, 24, 18], "children": [1, 2, 3, 4]}]}