{"parent": "block/cube_column", "textures": {"end": "block/purpur_pillar_top", "side": "block/purpur_pillar"}, "elements": [{"from": [0, 0, 0], "to": [16, 16, 16], "faces": {"north": {"uv": [0, 0, 16, 16], "texture": "#side", "cullface": "north"}, "east": {"uv": [0, 0, 16, 16], "texture": "#side", "cullface": "east"}, "south": {"uv": [0, 0, 16, 16], "texture": "#side", "cullface": "south"}, "west": {"uv": [0, 0, 16, 16], "texture": "#side", "cullface": "west"}, "up": {"uv": [0, 0, 16, 16], "texture": "#end", "cullface": "up"}, "down": {"uv": [0, 0, 16, 16], "texture": "#end", "cullface": "down"}}}, {"from": [1, 0, -0.49], "to": [4, 16, 0.01], "faces": {"north": {"uv": [12, 0, 15, 16], "texture": "#side", "cullface": "north"}, "east": {"uv": [12, 0, 13, 16], "texture": "#side", "cullface": "north"}, "west": {"uv": [14, 0, 15, 16], "texture": "#side", "cullface": "north"}, "up": {"uv": [12, 0, 15, 1], "rotation": 180, "texture": "#side", "cullface": "north"}, "down": {"uv": [12, 15, 15, 16], "rotation": 180, "texture": "#side", "cullface": "north"}}}, {"from": [13, 0, -0.49], "to": [16, 16, 0.01], "faces": {"north": {"uv": [0, 0, 3, 16], "texture": "#side", "cullface": "north"}, "east": {"uv": [0, 0, 1, 16], "texture": "#side", "cullface": "north"}, "west": {"uv": [2, 0, 3, 16], "texture": "#side", "cullface": "north"}, "up": {"uv": [0, 0, 3, 1], "rotation": 180, "texture": "#side", "cullface": "north"}, "down": {"uv": [0, 15, 3, 16], "rotation": 180, "texture": "#side", "cullface": "north"}}}, {"from": [9, 13, -0.49], "to": [12, 16, 0.01], "faces": {"north": {"uv": [4, 0, 7, 3], "texture": "#side", "cullface": "north"}, "east": {"uv": [4, 0, 5, 3], "texture": "#side", "cullface": "north"}, "west": {"uv": [6, 0, 7, 3], "texture": "#side", "cullface": "north"}, "up": {"uv": [4, 0, 7, 1], "rotation": 180, "texture": "#side", "cullface": "north"}, "down": {"uv": [4, 2, 7, 3], "rotation": 180, "texture": "#side", "cullface": "north"}}}, {"from": [9, 5, -0.49], "to": [12, 8, 0.01], "faces": {"north": {"uv": [4, 0, 7, 3], "texture": "#side", "cullface": "north"}, "east": {"uv": [4, 0, 5, 3], "texture": "#side", "cullface": "north"}, "west": {"uv": [6, 0, 7, 3], "texture": "#side", "cullface": "north"}, "up": {"uv": [4, 0, 7, 1], "rotation": 180, "texture": "#side", "cullface": "north"}, "down": {"uv": [4, 2, 7, 3], "rotation": 180, "texture": "#side", "cullface": "north"}}}, {"from": [9, 9, -0.49], "to": [12, 12, 0.01], "faces": {"north": {"uv": [4, 0, 7, 3], "texture": "#side", "cullface": "north"}, "east": {"uv": [4, 0, 5, 3], "texture": "#side", "cullface": "north"}, "west": {"uv": [6, 0, 7, 3], "texture": "#side", "cullface": "north"}, "up": {"uv": [4, 0, 7, 1], "rotation": 180, "texture": "#side", "cullface": "north"}, "down": {"uv": [4, 2, 7, 3], "rotation": 180, "texture": "#side", "cullface": "north"}}}, {"from": [9, 1, -0.49], "to": [12, 4, 0.01], "faces": {"north": {"uv": [4, 0, 7, 3], "texture": "#side", "cullface": "north"}, "east": {"uv": [4, 0, 5, 3], "texture": "#side", "cullface": "north"}, "west": {"uv": [6, 0, 7, 3], "texture": "#side", "cullface": "north"}, "up": {"uv": [4, 0, 7, 1], "rotation": 180, "texture": "#side", "cullface": "north"}, "down": {"uv": [4, 2, 7, 3], "rotation": 180, "texture": "#side", "cullface": "north"}}}, {"from": [5, 13, -0.49], "to": [8, 16, 0.01], "faces": {"north": {"uv": [4, 0, 7, 3], "texture": "#side", "cullface": "north"}, "east": {"uv": [4, 0, 5, 3], "texture": "#side", "cullface": "north"}, "west": {"uv": [6, 0, 7, 3], "texture": "#side", "cullface": "north"}, "up": {"uv": [4, 0, 7, 1], "rotation": 180, "texture": "#side", "cullface": "north"}, "down": {"uv": [4, 2, 7, 3], "rotation": 180, "texture": "#side", "cullface": "north"}}}, {"from": [5, 5, -0.49], "to": [8, 8, 0.01], "faces": {"north": {"uv": [4, 0, 7, 3], "texture": "#side", "cullface": "north"}, "east": {"uv": [4, 0, 5, 3], "texture": "#side", "cullface": "north"}, "west": {"uv": [6, 0, 7, 3], "texture": "#side", "cullface": "north"}, "up": {"uv": [4, 0, 7, 1], "rotation": 180, "texture": "#side", "cullface": "north"}, "down": {"uv": [4, 2, 7, 3], "rotation": 180, "texture": "#side", "cullface": "north"}}}, {"from": [5, 9, -0.49], "to": [8, 12, 0.01], "faces": {"north": {"uv": [4, 0, 7, 3], "texture": "#side", "cullface": "north"}, "east": {"uv": [4, 0, 5, 3], "texture": "#side", "cullface": "north"}, "west": {"uv": [6, 0, 7, 3], "texture": "#side", "cullface": "north"}, "up": {"uv": [4, 0, 7, 1], "rotation": 180, "texture": "#side", "cullface": "north"}, "down": {"uv": [4, 2, 7, 3], "rotation": 180, "texture": "#side", "cullface": "north"}}}, {"from": [5, 1, -0.49], "to": [8, 4, 0.01], "faces": {"north": {"uv": [4, 0, 7, 3], "texture": "#side", "cullface": "north"}, "east": {"uv": [4, 0, 5, 3], "texture": "#side", "cullface": "north"}, "west": {"uv": [6, 0, 7, 3], "texture": "#side", "cullface": "north"}, "up": {"uv": [4, 0, 7, 1], "rotation": 180, "texture": "#side", "cullface": "north"}, "down": {"uv": [4, 2, 7, 3], "rotation": 180, "texture": "#side", "cullface": "north"}}}, {"from": [15.99, 0, 1], "to": [16.49, 16, 4], "faces": {"north": {"uv": [14, 0, 15, 16], "texture": "#side", "cullface": "east"}, "east": {"uv": [12, 0, 15, 16], "texture": "#side", "cullface": "east"}, "south": {"uv": [12, 0, 13, 16], "texture": "#side", "cullface": "east"}, "up": {"uv": [12, 0, 15, 1], "rotation": 270, "texture": "#side", "cullface": "east"}, "down": {"uv": [12, 15, 15, 16], "rotation": 90, "texture": "#side", "cullface": "east"}}}, {"from": [15.99, 0, 13], "to": [16.49, 16, 16], "faces": {"north": {"uv": [2, 0, 3, 16], "texture": "#side", "cullface": "east"}, "east": {"uv": [0, 0, 3, 16], "texture": "#side", "cullface": "east"}, "south": {"uv": [0, 0, 1, 16], "texture": "#side", "cullface": "east"}, "up": {"uv": [0, 0, 3, 1], "rotation": 270, "texture": "#side", "cullface": "east"}, "down": {"uv": [0, 15, 3, 16], "rotation": 90, "texture": "#side", "cullface": "east"}}}, {"from": [15.99, 13, 9], "to": [16.49, 16, 12], "faces": {"north": {"uv": [6, 0, 7, 3], "texture": "#side", "cullface": "east"}, "east": {"uv": [4, 0, 7, 3], "texture": "#side", "cullface": "east"}, "south": {"uv": [4, 0, 5, 3], "texture": "#side", "cullface": "east"}, "up": {"uv": [4, 0, 7, 1], "rotation": 270, "texture": "#side", "cullface": "east"}, "down": {"uv": [4, 2, 7, 3], "rotation": 90, "texture": "#side", "cullface": "east"}}}, {"from": [15.99, 5, 9], "to": [16.49, 8, 12], "faces": {"north": {"uv": [6, 0, 7, 3], "texture": "#side", "cullface": "east"}, "east": {"uv": [4, 0, 7, 3], "texture": "#side", "cullface": "east"}, "south": {"uv": [4, 0, 5, 3], "texture": "#side", "cullface": "east"}, "up": {"uv": [4, 0, 7, 1], "rotation": 270, "texture": "#side", "cullface": "east"}, "down": {"uv": [4, 2, 7, 3], "rotation": 90, "texture": "#side", "cullface": "east"}}}, {"from": [15.99, 9, 9], "to": [16.49, 12, 12], "faces": {"north": {"uv": [6, 0, 7, 3], "texture": "#side", "cullface": "east"}, "east": {"uv": [4, 0, 7, 3], "texture": "#side", "cullface": "east"}, "south": {"uv": [4, 0, 5, 3], "texture": "#side", "cullface": "east"}, "up": {"uv": [4, 0, 7, 1], "rotation": 270, "texture": "#side", "cullface": "east"}, "down": {"uv": [4, 2, 7, 3], "rotation": 90, "texture": "#side", "cullface": "east"}}}, {"from": [15.99, 1, 9], "to": [16.49, 4, 12], "faces": {"north": {"uv": [6, 0, 7, 3], "texture": "#side", "cullface": "east"}, "east": {"uv": [4, 0, 7, 3], "texture": "#side", "cullface": "east"}, "south": {"uv": [4, 0, 5, 3], "texture": "#side", "cullface": "east"}, "up": {"uv": [4, 0, 7, 1], "rotation": 270, "texture": "#side", "cullface": "east"}, "down": {"uv": [4, 2, 7, 3], "rotation": 90, "texture": "#side", "cullface": "east"}}}, {"from": [15.99, 13, 5], "to": [16.49, 16, 8], "faces": {"north": {"uv": [6, 0, 7, 3], "texture": "#side", "cullface": "east"}, "east": {"uv": [4, 0, 7, 3], "texture": "#side", "cullface": "east"}, "south": {"uv": [4, 0, 5, 3], "texture": "#side", "cullface": "east"}, "up": {"uv": [4, 0, 7, 1], "rotation": 270, "texture": "#side", "cullface": "east"}, "down": {"uv": [4, 2, 7, 3], "rotation": 90, "texture": "#side", "cullface": "east"}}}, {"from": [15.99, 5, 5], "to": [16.49, 8, 8], "faces": {"north": {"uv": [6, 0, 7, 3], "texture": "#side", "cullface": "east"}, "east": {"uv": [4, 0, 7, 3], "texture": "#side", "cullface": "east"}, "south": {"uv": [4, 0, 5, 3], "texture": "#side", "cullface": "east"}, "up": {"uv": [4, 0, 7, 1], "rotation": 270, "texture": "#side", "cullface": "east"}, "down": {"uv": [4, 2, 7, 3], "rotation": 90, "texture": "#side", "cullface": "east"}}}, {"from": [15.99, 9, 5], "to": [16.49, 12, 8], "faces": {"north": {"uv": [6, 0, 7, 3], "texture": "#side", "cullface": "east"}, "east": {"uv": [4, 0, 7, 3], "texture": "#side", "cullface": "east"}, "south": {"uv": [4, 0, 5, 3], "texture": "#side", "cullface": "east"}, "up": {"uv": [4, 0, 7, 1], "rotation": 270, "texture": "#side", "cullface": "east"}, "down": {"uv": [4, 2, 7, 3], "rotation": 90, "texture": "#side", "cullface": "east"}}}, {"from": [15.99, 1, 5], "to": [16.49, 4, 8], "faces": {"north": {"uv": [6, 0, 7, 3], "texture": "#side", "cullface": "east"}, "east": {"uv": [4, 0, 7, 3], "texture": "#side", "cullface": "east"}, "south": {"uv": [4, 0, 5, 3], "texture": "#side", "cullface": "east"}, "up": {"uv": [4, 0, 7, 1], "rotation": 270, "texture": "#side", "cullface": "east"}, "down": {"uv": [4, 2, 7, 3], "rotation": 90, "texture": "#side", "cullface": "east"}}}, {"from": [12, 0, 15.99], "to": [15, 16, 16.49], "faces": {"east": {"uv": [14, 0, 15, 16], "texture": "#side", "cullface": "south"}, "south": {"uv": [12, 0, 15, 16], "texture": "#side", "cullface": "south"}, "west": {"uv": [12, 0, 13, 16], "texture": "#side", "cullface": "south"}, "up": {"uv": [12, 0, 15, 1], "texture": "#side", "cullface": "south"}, "down": {"uv": [12, 15, 15, 16], "texture": "#side", "cullface": "south"}}}, {"from": [0, 0, 15.99], "to": [3, 16, 16.49], "faces": {"east": {"uv": [2, 0, 3, 16], "texture": "#side", "cullface": "south"}, "south": {"uv": [0, 0, 3, 16], "texture": "#side", "cullface": "south"}, "west": {"uv": [0, 0, 1, 16], "texture": "#side", "cullface": "south"}, "up": {"uv": [0, 0, 3, 1], "texture": "#side", "cullface": "south"}, "down": {"uv": [0, 15, 3, 16], "texture": "#side", "cullface": "south"}}}, {"from": [4, 13, 15.99], "to": [7, 16, 16.49], "faces": {"east": {"uv": [6, 0, 7, 3], "texture": "#side", "cullface": "south"}, "south": {"uv": [4, 0, 7, 3], "texture": "#side", "cullface": "south"}, "west": {"uv": [4, 0, 5, 3], "texture": "#side", "cullface": "south"}, "up": {"uv": [4, 0, 7, 1], "texture": "#side", "cullface": "south"}, "down": {"uv": [4, 2, 7, 3], "texture": "#side", "cullface": "south"}}}, {"from": [4, 5, 15.99], "to": [7, 8, 16.49], "faces": {"east": {"uv": [6, 0, 7, 3], "texture": "#side", "cullface": "south"}, "south": {"uv": [4, 0, 7, 3], "texture": "#side", "cullface": "south"}, "west": {"uv": [4, 0, 5, 3], "texture": "#side", "cullface": "south"}, "up": {"uv": [4, 0, 7, 1], "texture": "#side", "cullface": "south"}, "down": {"uv": [4, 2, 7, 3], "texture": "#side", "cullface": "south"}}}, {"from": [4, 9, 15.99], "to": [7, 12, 16.49], "faces": {"east": {"uv": [6, 0, 7, 3], "texture": "#side", "cullface": "south"}, "south": {"uv": [4, 0, 7, 3], "texture": "#side", "cullface": "south"}, "west": {"uv": [4, 0, 5, 3], "texture": "#side", "cullface": "south"}, "up": {"uv": [4, 0, 7, 1], "texture": "#side", "cullface": "south"}, "down": {"uv": [4, 2, 7, 3], "texture": "#side", "cullface": "south"}}}, {"from": [4, 1, 15.99], "to": [7, 4, 16.49], "faces": {"east": {"uv": [6, 0, 7, 3], "texture": "#side", "cullface": "south"}, "south": {"uv": [4, 0, 7, 3], "texture": "#side", "cullface": "south"}, "west": {"uv": [4, 0, 5, 3], "texture": "#side", "cullface": "south"}, "up": {"uv": [4, 0, 7, 1], "texture": "#side", "cullface": "south"}, "down": {"uv": [4, 2, 7, 3], "texture": "#side", "cullface": "south"}}}, {"from": [8, 13, 15.99], "to": [11, 16, 16.49], "faces": {"east": {"uv": [6, 0, 7, 3], "texture": "#side", "cullface": "south"}, "south": {"uv": [4, 0, 7, 3], "texture": "#side", "cullface": "south"}, "west": {"uv": [4, 0, 5, 3], "texture": "#side", "cullface": "south"}, "up": {"uv": [4, 0, 7, 1], "texture": "#side", "cullface": "south"}, "down": {"uv": [4, 2, 7, 3], "texture": "#side", "cullface": "south"}}}, {"from": [8, 5, 15.99], "to": [11, 8, 16.49], "faces": {"east": {"uv": [6, 0, 7, 3], "texture": "#side", "cullface": "south"}, "south": {"uv": [4, 0, 7, 3], "texture": "#side", "cullface": "south"}, "west": {"uv": [4, 0, 5, 3], "texture": "#side", "cullface": "south"}, "up": {"uv": [4, 0, 7, 1], "texture": "#side", "cullface": "south"}, "down": {"uv": [4, 2, 7, 3], "texture": "#side", "cullface": "south"}}}, {"from": [8, 9, 15.99], "to": [11, 12, 16.49], "faces": {"east": {"uv": [6, 0, 7, 3], "texture": "#side", "cullface": "south"}, "south": {"uv": [4, 0, 7, 3], "texture": "#side", "cullface": "south"}, "west": {"uv": [4, 0, 5, 3], "texture": "#side", "cullface": "south"}, "up": {"uv": [4, 0, 7, 1], "texture": "#side", "cullface": "south"}, "down": {"uv": [4, 2, 7, 3], "texture": "#side", "cullface": "south"}}}, {"from": [8, 1, 15.99], "to": [11, 4, 16.49], "faces": {"east": {"uv": [6, 0, 7, 3], "texture": "#side", "cullface": "south"}, "south": {"uv": [4, 0, 7, 3], "texture": "#side", "cullface": "south"}, "west": {"uv": [4, 0, 5, 3], "texture": "#side", "cullface": "south"}, "up": {"uv": [4, 0, 7, 1], "texture": "#side", "cullface": "south"}, "down": {"uv": [4, 2, 7, 3], "texture": "#side", "cullface": "south"}}}, {"from": [-0.49, 0, 12], "to": [0.01, 16, 15], "faces": {"north": {"uv": [12, 0, 13, 16], "texture": "#side", "cullface": "west"}, "south": {"uv": [14, 0, 15, 16], "texture": "#side", "cullface": "west"}, "west": {"uv": [12, 0, 15, 16], "texture": "#side", "cullface": "west"}, "up": {"uv": [12, 0, 15, 1], "rotation": 90, "texture": "#side", "cullface": "west"}, "down": {"uv": [12, 15, 15, 16], "rotation": 270, "texture": "#side", "cullface": "west"}}}, {"from": [-0.49, 0, 0], "to": [0.01, 16, 3], "faces": {"north": {"uv": [0, 0, 1, 16], "texture": "#side", "cullface": "west"}, "south": {"uv": [2, 0, 3, 16], "texture": "#side", "cullface": "west"}, "west": {"uv": [0, 0, 3, 16], "texture": "#side", "cullface": "west"}, "up": {"uv": [0, 0, 3, 1], "rotation": 90, "texture": "#side", "cullface": "west"}, "down": {"uv": [0, 15, 3, 16], "rotation": 270, "texture": "#side", "cullface": "west"}}}, {"from": [-0.49, 13, 4], "to": [0.01, 16, 7], "faces": {"north": {"uv": [4, 0, 5, 3], "texture": "#side", "cullface": "west"}, "south": {"uv": [6, 0, 7, 3], "texture": "#side", "cullface": "west"}, "west": {"uv": [4, 0, 7, 3], "texture": "#side", "cullface": "west"}, "up": {"uv": [4, 0, 7, 1], "rotation": 90, "texture": "#side", "cullface": "west"}, "down": {"uv": [4, 2, 7, 3], "rotation": 270, "texture": "#side", "cullface": "west"}}}, {"from": [-0.49, 5, 4], "to": [0.01, 8, 7], "faces": {"north": {"uv": [4, 0, 5, 3], "texture": "#side", "cullface": "west"}, "south": {"uv": [6, 0, 7, 3], "texture": "#side", "cullface": "west"}, "west": {"uv": [4, 0, 7, 3], "texture": "#side", "cullface": "west"}, "up": {"uv": [4, 0, 7, 1], "rotation": 90, "texture": "#side", "cullface": "west"}, "down": {"uv": [4, 2, 7, 3], "rotation": 270, "texture": "#side", "cullface": "west"}}}, {"from": [-0.49, 9, 4], "to": [0.01, 12, 7], "faces": {"north": {"uv": [4, 0, 5, 3], "texture": "#side", "cullface": "west"}, "south": {"uv": [6, 0, 7, 3], "texture": "#side", "cullface": "west"}, "west": {"uv": [4, 0, 7, 3], "texture": "#side", "cullface": "west"}, "up": {"uv": [4, 0, 7, 1], "rotation": 90, "texture": "#side", "cullface": "west"}, "down": {"uv": [4, 2, 7, 3], "rotation": 270, "texture": "#side", "cullface": "west"}}}, {"from": [-0.49, 1, 4], "to": [0.01, 4, 7], "faces": {"north": {"uv": [4, 0, 5, 3], "texture": "#side", "cullface": "west"}, "south": {"uv": [6, 0, 7, 3], "texture": "#side", "cullface": "west"}, "west": {"uv": [4, 0, 7, 3], "texture": "#side", "cullface": "west"}, "up": {"uv": [4, 0, 7, 1], "rotation": 90, "texture": "#side", "cullface": "west"}, "down": {"uv": [4, 2, 7, 3], "rotation": 270, "texture": "#side", "cullface": "west"}}}, {"from": [-0.49, 13, 8], "to": [0.01, 16, 11], "faces": {"north": {"uv": [4, 0, 5, 3], "texture": "#side", "cullface": "west"}, "south": {"uv": [6, 0, 7, 3], "texture": "#side", "cullface": "west"}, "west": {"uv": [4, 0, 7, 3], "texture": "#side", "cullface": "west"}, "up": {"uv": [4, 0, 7, 1], "rotation": 90, "texture": "#side", "cullface": "west"}, "down": {"uv": [4, 2, 7, 3], "rotation": 270, "texture": "#side", "cullface": "west"}}}, {"from": [-0.49, 5, 8], "to": [0.01, 8, 11], "faces": {"north": {"uv": [4, 0, 5, 3], "texture": "#side", "cullface": "west"}, "south": {"uv": [6, 0, 7, 3], "texture": "#side", "cullface": "west"}, "west": {"uv": [4, 0, 7, 3], "texture": "#side", "cullface": "west"}, "up": {"uv": [4, 0, 7, 1], "rotation": 90, "texture": "#side", "cullface": "west"}, "down": {"uv": [4, 2, 7, 3], "rotation": 270, "texture": "#side", "cullface": "west"}}}, {"from": [-0.49, 9, 8], "to": [0.01, 12, 11], "faces": {"north": {"uv": [4, 0, 5, 3], "texture": "#side", "cullface": "west"}, "south": {"uv": [6, 0, 7, 3], "texture": "#side", "cullface": "west"}, "west": {"uv": [4, 0, 7, 3], "texture": "#side", "cullface": "west"}, "up": {"uv": [4, 0, 7, 1], "rotation": 90, "texture": "#side", "cullface": "west"}, "down": {"uv": [4, 2, 7, 3], "rotation": 270, "texture": "#side", "cullface": "west"}}}, {"from": [-0.49, 1, 8], "to": [0.01, 4, 11], "faces": {"north": {"uv": [4, 0, 5, 3], "texture": "#side", "cullface": "west"}, "south": {"uv": [6, 0, 7, 3], "texture": "#side", "cullface": "west"}, "west": {"uv": [4, 0, 7, 3], "texture": "#side", "cullface": "west"}, "up": {"uv": [4, 0, 7, 1], "rotation": 90, "texture": "#side", "cullface": "west"}, "down": {"uv": [4, 2, 7, 3], "rotation": 270, "texture": "#side", "cullface": "west"}}}, {"from": [1, 15.49, 1], "to": [3, 16.49, 3], "faces": {"north": {"uv": [1, 1, 3, 2], "rotation": 180, "texture": "#end", "cullface": "up"}, "east": {"uv": [2, 1, 3, 3], "rotation": 90, "texture": "#end", "cullface": "up"}, "south": {"uv": [1, 2, 3, 3], "texture": "#end", "cullface": "up"}, "west": {"uv": [1, 1, 2, 3], "rotation": 270, "texture": "#end", "cullface": "up"}, "up": {"uv": [1, 1, 3, 3], "texture": "#end", "cullface": "up"}}}, {"from": [13, 15.49, 1], "to": [15, 16.49, 3], "faces": {"north": {"uv": [1, 1, 3, 2], "rotation": 180, "texture": "#end", "cullface": "up"}, "east": {"uv": [2, 1, 3, 3], "rotation": 90, "texture": "#end", "cullface": "up"}, "south": {"uv": [1, 2, 3, 3], "texture": "#end", "cullface": "up"}, "west": {"uv": [1, 1, 2, 3], "rotation": 270, "texture": "#end", "cullface": "up"}, "up": {"uv": [1, 1, 3, 3], "texture": "#end", "cullface": "up"}}}, {"from": [13, 15.49, 13], "to": [15, 16.49, 15], "faces": {"north": {"uv": [1, 1, 3, 2], "rotation": 180, "texture": "#end", "cullface": "up"}, "east": {"uv": [2, 1, 3, 3], "rotation": 90, "texture": "#end", "cullface": "up"}, "south": {"uv": [1, 2, 3, 3], "texture": "#end", "cullface": "up"}, "west": {"uv": [1, 1, 2, 3], "rotation": 270, "texture": "#end", "cullface": "up"}, "up": {"uv": [1, 1, 3, 3], "texture": "#end", "cullface": "up"}}}, {"from": [1, 15.49, 13], "to": [3, 16.49, 15], "faces": {"north": {"uv": [1, 1, 3, 2], "rotation": 180, "texture": "#end", "cullface": "up"}, "east": {"uv": [2, 1, 3, 3], "rotation": 90, "texture": "#end", "cullface": "up"}, "south": {"uv": [1, 2, 3, 3], "texture": "#end", "cullface": "up"}, "west": {"uv": [1, 1, 2, 3], "rotation": 270, "texture": "#end", "cullface": "up"}, "up": {"uv": [1, 1, 3, 3], "texture": "#end", "cullface": "up"}}}, {"from": [4, 15.49, 4], "to": [11, 16.49, 11], "faces": {"north": {"uv": [4, 4, 11, 5], "rotation": 180, "texture": "#end", "cullface": "up"}, "east": {"uv": [10, 4, 11, 11], "rotation": 90, "texture": "#end", "cullface": "up"}, "south": {"uv": [4, 10, 11, 11], "texture": "#end", "cullface": "up"}, "west": {"uv": [4, 4, 5, 11], "rotation": 270, "texture": "#end", "cullface": "up"}, "up": {"uv": [4, 4, 11, 11], "texture": "#end", "cullface": "up"}}}, {"from": [1, 15.49, 4], "to": [3, 16.49, 7], "faces": {"north": {"uv": [1, 4, 3, 5], "rotation": 180, "texture": "#end", "cullface": "up"}, "east": {"uv": [2, 4, 3, 7], "rotation": 90, "texture": "#end", "cullface": "up"}, "south": {"uv": [1, 6, 3, 7], "texture": "#end", "cullface": "up"}, "west": {"uv": [1, 4, 2, 7], "rotation": 270, "texture": "#end", "cullface": "up"}, "up": {"uv": [1, 4, 3, 7], "texture": "#end", "cullface": "up"}}}, {"from": [1, 15.49, 8], "to": [3, 16.49, 12], "faces": {"north": {"uv": [1, 8, 3, 9], "rotation": 180, "texture": "#end", "cullface": "up"}, "east": {"uv": [2, 8, 3, 12], "rotation": 90, "texture": "#end", "cullface": "up"}, "south": {"uv": [1, 11, 3, 12], "texture": "#end", "cullface": "up"}, "west": {"uv": [1, 8, 2, 12], "rotation": 270, "texture": "#end", "cullface": "up"}, "up": {"uv": [1, 8, 3, 12], "texture": "#end", "cullface": "up"}}}, {"from": [12, 15.49, 8], "to": [15, 16.49, 12], "faces": {"north": {"uv": [12, 8, 15, 9], "rotation": 180, "texture": "#end", "cullface": "up"}, "east": {"uv": [14, 8, 15, 12], "rotation": 90, "texture": "#end", "cullface": "up"}, "south": {"uv": [12, 10, 15, 11], "texture": "#end", "cullface": "up"}, "west": {"uv": [12, 8, 13, 12], "rotation": 270, "texture": "#end", "cullface": "up"}, "up": {"uv": [12, 8, 15, 12], "texture": "#end", "cullface": "up"}}}, {"from": [12, 15.49, 4], "to": [15, 16.49, 7], "faces": {"north": {"uv": [12, 4, 15, 5], "rotation": 180, "texture": "#end", "cullface": "up"}, "east": {"uv": [14, 4, 15, 7], "rotation": 90, "texture": "#end", "cullface": "up"}, "south": {"uv": [12, 6, 15, 7], "texture": "#end", "cullface": "up"}, "west": {"uv": [12, 4, 13, 7], "rotation": 270, "texture": "#end", "cullface": "up"}, "up": {"uv": [12, 4, 15, 7], "texture": "#end", "cullface": "up"}}}, {"from": [8, 15.49, 1], "to": [12, 16.49, 3], "faces": {"north": {"uv": [8, 0, 12, 1], "rotation": 180, "texture": "#end", "cullface": "up"}, "east": {"uv": [10, 1, 11, 3], "rotation": 90, "texture": "#end", "cullface": "up"}, "south": {"uv": [8, 2, 12, 3], "texture": "#end", "cullface": "up"}, "west": {"uv": [8, 1, 9, 3], "rotation": 270, "texture": "#end", "cullface": "up"}, "up": {"uv": [8, 1, 12, 3], "texture": "#end", "cullface": "up"}}}, {"from": [4, 15.49, 1], "to": [7, 16.49, 3], "faces": {"north": {"uv": [4, 0, 7, 1], "rotation": 180, "texture": "#end", "cullface": "up"}, "east": {"uv": [6, 1, 7, 3], "rotation": 90, "texture": "#end", "cullface": "up"}, "south": {"uv": [4, 2, 7, 3], "texture": "#end", "cullface": "up"}, "west": {"uv": [4, 1, 5, 3], "rotation": 270, "texture": "#end", "cullface": "up"}, "up": {"uv": [4, 1, 7, 3], "texture": "#end", "cullface": "up"}}}, {"from": [4, 15.49, 12], "to": [7, 16.49, 15], "faces": {"north": {"uv": [4, 12, 7, 13], "rotation": 180, "texture": "#end", "cullface": "up"}, "east": {"uv": [6, 12, 7, 15], "rotation": 90, "texture": "#end", "cullface": "up"}, "south": {"uv": [4, 14, 7, 15], "texture": "#end", "cullface": "up"}, "west": {"uv": [4, 12, 5, 15], "rotation": 270, "texture": "#end", "cullface": "up"}, "up": {"uv": [4, 12, 7, 15], "texture": "#end", "cullface": "up"}}}, {"from": [8, 15.49, 12], "to": [12, 16.49, 15], "faces": {"north": {"uv": [8, 12, 12, 13], "rotation": 180, "texture": "#end", "cullface": "up"}, "east": {"uv": [11, 12, 12, 15], "rotation": 90, "texture": "#end", "cullface": "up"}, "south": {"uv": [8, 14, 12, 15], "texture": "#end", "cullface": "up"}, "west": {"uv": [8, 12, 9, 15], "rotation": 270, "texture": "#end", "cullface": "up"}, "up": {"uv": [8, 12, 12, 15], "texture": "#end", "cullface": "up"}}}, {"from": [1, -0.49, 13], "to": [3, 0.51, 15], "faces": {"north": {"uv": [1, 2, 3, 3], "rotation": 180, "texture": "#end", "cullface": "down"}, "east": {"uv": [2, 1, 3, 3], "rotation": 270, "texture": "#end", "cullface": "down"}, "south": {"uv": [1, 1, 3, 2], "texture": "#end", "cullface": "down"}, "west": {"uv": [1, 1, 2, 3], "rotation": 90, "texture": "#end", "cullface": "down"}, "down": {"uv": [1, 1, 3, 3], "texture": "#end", "cullface": "down"}}}, {"from": [13, -0.49, 13], "to": [15, 0.51, 15], "faces": {"north": {"uv": [1, 2, 3, 3], "rotation": 180, "texture": "#end", "cullface": "down"}, "east": {"uv": [2, 1, 3, 3], "rotation": 270, "texture": "#end", "cullface": "down"}, "south": {"uv": [1, 1, 3, 2], "texture": "#end", "cullface": "down"}, "west": {"uv": [1, 1, 2, 3], "rotation": 90, "texture": "#end", "cullface": "down"}, "down": {"uv": [1, 1, 3, 3], "texture": "#end", "cullface": "down"}}}, {"from": [13, -0.49, 1], "to": [15, 0.51, 3], "faces": {"north": {"uv": [1, 2, 3, 3], "rotation": 180, "texture": "#end", "cullface": "down"}, "east": {"uv": [2, 1, 3, 3], "rotation": 270, "texture": "#end", "cullface": "down"}, "south": {"uv": [1, 1, 3, 2], "texture": "#end", "cullface": "down"}, "west": {"uv": [1, 1, 2, 3], "rotation": 90, "texture": "#end", "cullface": "down"}, "down": {"uv": [1, 1, 3, 3], "texture": "#end", "cullface": "down"}}}, {"from": [1, -0.49, 1], "to": [3, 0.51, 3], "faces": {"north": {"uv": [1, 2, 3, 3], "rotation": 180, "texture": "#end", "cullface": "down"}, "east": {"uv": [2, 1, 3, 3], "rotation": 270, "texture": "#end", "cullface": "down"}, "south": {"uv": [1, 1, 3, 2], "texture": "#end", "cullface": "down"}, "west": {"uv": [1, 1, 2, 3], "rotation": 90, "texture": "#end", "cullface": "down"}, "down": {"uv": [1, 1, 3, 3], "texture": "#end", "cullface": "down"}}}, {"from": [4, -0.49, 5], "to": [11, 0.51, 12], "faces": {"north": {"uv": [4, 10, 11, 11], "rotation": 180, "texture": "#end", "cullface": "down"}, "east": {"uv": [10, 4, 11, 11], "rotation": 270, "texture": "#end", "cullface": "down"}, "south": {"uv": [4, 4, 11, 5], "texture": "#end", "cullface": "down"}, "west": {"uv": [4, 4, 5, 11], "rotation": 90, "texture": "#end", "cullface": "down"}, "down": {"uv": [4, 4, 11, 11], "texture": "#end", "cullface": "down"}}}, {"from": [1, -0.49, 9], "to": [3, 0.51, 12], "faces": {"north": {"uv": [1, 6, 3, 7], "rotation": 180, "texture": "#end", "cullface": "down"}, "east": {"uv": [2, 4, 3, 7], "rotation": 270, "texture": "#end", "cullface": "down"}, "south": {"uv": [1, 4, 3, 5], "texture": "#end", "cullface": "down"}, "west": {"uv": [1, 4, 2, 7], "rotation": 90, "texture": "#end", "cullface": "down"}, "down": {"uv": [1, 4, 3, 7], "texture": "#end", "cullface": "down"}}}, {"from": [1, -0.49, 4], "to": [3, 0.51, 8], "faces": {"north": {"uv": [1, 11, 3, 12], "rotation": 180, "texture": "#end", "cullface": "down"}, "east": {"uv": [2, 8, 3, 12], "rotation": 270, "texture": "#end", "cullface": "down"}, "south": {"uv": [1, 8, 3, 9], "texture": "#end", "cullface": "down"}, "west": {"uv": [1, 8, 2, 12], "rotation": 90, "texture": "#end", "cullface": "down"}, "down": {"uv": [1, 8, 3, 12], "texture": "#end", "cullface": "down"}}}, {"from": [12, -0.49, 4], "to": [15, 0.51, 8], "faces": {"north": {"uv": [12, 10, 15, 11], "rotation": 180, "texture": "#end", "cullface": "down"}, "east": {"uv": [14, 8, 15, 12], "rotation": 270, "texture": "#end", "cullface": "down"}, "south": {"uv": [12, 8, 15, 9], "texture": "#end", "cullface": "down"}, "west": {"uv": [12, 8, 13, 12], "rotation": 90, "texture": "#end", "cullface": "down"}, "down": {"uv": [12, 8, 15, 12], "texture": "#end", "cullface": "down"}}}, {"from": [12, -0.49, 9], "to": [15, 0.51, 12], "faces": {"north": {"uv": [12, 6, 15, 7], "rotation": 180, "texture": "#end", "cullface": "down"}, "east": {"uv": [14, 4, 15, 7], "rotation": 270, "texture": "#end", "cullface": "down"}, "south": {"uv": [12, 4, 15, 5], "texture": "#end", "cullface": "down"}, "west": {"uv": [12, 4, 13, 7], "rotation": 90, "texture": "#end", "cullface": "down"}, "down": {"uv": [12, 4, 15, 7], "texture": "#end", "cullface": "down"}}}, {"from": [8, -0.49, 13], "to": [12, 0.51, 15], "faces": {"north": {"uv": [8, 2, 12, 3], "rotation": 180, "texture": "#end", "cullface": "down"}, "east": {"uv": [10, 1, 11, 3], "rotation": 270, "texture": "#end", "cullface": "down"}, "south": {"uv": [8, 0, 12, 1], "texture": "#end", "cullface": "down"}, "west": {"uv": [8, 1, 9, 3], "rotation": 90, "texture": "#end", "cullface": "down"}, "down": {"uv": [8, 1, 12, 3], "texture": "#end", "cullface": "down"}}}, {"from": [4, -0.49, 13], "to": [7, 0.51, 15], "faces": {"north": {"uv": [4, 2, 7, 3], "rotation": 180, "texture": "#end", "cullface": "down"}, "east": {"uv": [6, 1, 7, 3], "rotation": 270, "texture": "#end", "cullface": "down"}, "south": {"uv": [4, 0, 7, 1], "texture": "#end", "cullface": "down"}, "west": {"uv": [4, 1, 5, 3], "rotation": 90, "texture": "#end", "cullface": "down"}, "down": {"uv": [4, 1, 7, 3], "texture": "#end", "cullface": "down"}}}, {"from": [4, -0.49, 1], "to": [7, 0.51, 4], "faces": {"north": {"uv": [4, 14, 7, 15], "rotation": 180, "texture": "#end", "cullface": "down"}, "east": {"uv": [6, 12, 7, 15], "rotation": 270, "texture": "#end", "cullface": "down"}, "south": {"uv": [4, 12, 7, 13], "texture": "#end", "cullface": "down"}, "west": {"uv": [4, 12, 5, 15], "rotation": 90, "texture": "#end", "cullface": "down"}, "down": {"uv": [4, 12, 7, 15], "texture": "#end", "cullface": "down"}}}, {"from": [8, -0.49, 1], "to": [12, 0.51, 4], "faces": {"north": {"uv": [8, 14, 12, 15], "rotation": 180, "texture": "#end", "cullface": "down"}, "east": {"uv": [11, 12, 12, 15], "rotation": 270, "texture": "#end", "cullface": "down"}, "south": {"uv": [8, 12, 12, 13], "texture": "#end", "cullface": "down"}, "west": {"uv": [8, 12, 9, 15], "rotation": 90, "texture": "#end", "cullface": "down"}, "down": {"uv": [8, 12, 12, 15], "texture": "#end", "cullface": "down"}}}], "groups": [0, {"name": "north", "origin": [8, 8, 8], "children": [1, 2, 3, 4, 5, 6, 7, 8, 9, 10]}, {"name": "east", "origin": [8, 8, 8], "children": [11, 12, 13, 14, 15, 16, 17, 18, 19, 20]}, {"name": "south", "origin": [8, 8, 8], "children": [21, 22, 23, 24, 25, 26, 27, 28, 29, 30]}, {"name": "west", "origin": [8, 8, 8], "children": [31, 32, 33, 34, 35, 36, 37, 38, 39, 40]}, {"name": "up", "origin": [8, 8, 8], "children": [41, 42, 43, 44, 45, 46, 47, 48, 49, 50, 51, 52, 53]}, {"name": "down", "origin": [8, 8, 8], "children": [54, 55, 56, 57, 58, 59, 60, 61, 62, 63, 64, 65, 66]}]}