{"credit": "Made with Blockbench - Made/edited by RyanGar46", "parent": "block/cube_all", "textures": {"all": "block/smooth_stone", "side": "block/smooth_stone_slab_side"}, "elements": [{"from": [0, 8, 0], "to": [16, 9, 1], "rotation": {"angle": 0, "axis": "y", "origin": [8, 16, 8]}, "faces": {"north": {"uv": [0, 7, 16, 8], "texture": "#side", "cullface": "north"}, "east": {"uv": [15, 7, 16, 8], "texture": "#side", "cullface": "east"}, "south": {"uv": [0, 15, 16, 16], "texture": "#all"}, "west": {"uv": [0, 7, 1, 8], "texture": "#side", "cullface": "west"}, "up": {"uv": [0, 7, 16, 8], "rotation": 180, "texture": "#side", "cullface": "north"}, "down": {"uv": [0, 15, 16, 16], "texture": "#all"}}}, {"from": [0, 15, 0], "to": [16, 16, 1], "rotation": {"angle": 0, "axis": "y", "origin": [8, 23, 8]}, "faces": {"north": {"uv": [0, 0, 16, 1], "texture": "#side", "cullface": "north"}, "east": {"uv": [15, 0, 16, 1], "texture": "#side", "cullface": "east"}, "south": {"uv": [0, 0, 16, 1], "texture": "#all", "cullface": "up"}, "west": {"uv": [0, 0, 1, 1], "texture": "#side", "cullface": "west"}, "up": {"uv": [0, 0, 16, 1], "texture": "#all", "cullface": "up"}, "down": {"uv": [0, 0, 16, 1], "rotation": 180, "texture": "#side", "cullface": "north"}}}, {"from": [15, 9, 0], "to": [16, 15, 1], "rotation": {"angle": 0, "axis": "y", "origin": [8, 31, 8]}, "faces": {"north": {"uv": [0, 1, 1, 7], "texture": "#side", "cullface": "north"}, "east": {"uv": [15, 1, 16, 7], "texture": "#side", "cullface": "east"}, "south": {"uv": [15, 1, 16, 7], "texture": "#side", "cullface": "east"}, "west": {"uv": [0, 1, 1, 7], "texture": "#side", "cullface": "north"}}}, {"from": [0, 9, 0], "to": [1, 15, 1], "rotation": {"angle": 0, "axis": "y", "origin": [-7, 31, 8]}, "faces": {"north": {"uv": [15, 1, 16, 7], "texture": "#side", "cullface": "north"}, "east": {"uv": [15, 1, 16, 7], "texture": "#side", "cullface": "north"}, "south": {"uv": [0, 1, 1, 7], "texture": "#side", "cullface": "west"}, "west": {"uv": [0, 9, 1, 15], "texture": "#side", "cullface": "west"}}}, {"from": [15, 9, 15], "to": [16, 15, 16], "rotation": {"angle": 0, "axis": "y", "origin": [8, 31, 8]}, "faces": {"north": {"uv": [0, 1, 1, 7], "texture": "#side", "cullface": "east"}, "east": {"uv": [0, 1, 1, 7], "texture": "#side", "cullface": "east"}, "south": {"uv": [15, 1, 16, 7], "texture": "#side", "cullface": "south"}, "west": {"uv": [15, 1, 16, 7], "texture": "#side", "cullface": "south"}}}, {"from": [0, 9, 15], "to": [1, 15, 16], "rotation": {"angle": 0, "axis": "y", "origin": [-7, 31, 8]}, "faces": {"north": {"uv": [15, 1, 16, 7], "texture": "#side", "cullface": "west"}, "east": {"uv": [0, 1, 1, 7], "texture": "#side", "cullface": "south"}, "south": {"uv": [0, 1, 1, 7], "texture": "#side", "cullface": "south"}, "west": {"uv": [15, 1, 16, 7], "texture": "#side", "cullface": "west"}}}, {"from": [0, 8, 15], "to": [16, 9, 16], "rotation": {"angle": 0, "axis": "y", "origin": [8, 16, 8]}, "faces": {"north": {"uv": [0, 0, 16, 1], "rotation": 180, "texture": "#all"}, "east": {"uv": [0, 7, 1, 8], "texture": "#side", "cullface": "east"}, "south": {"uv": [0, 7, 16, 8], "texture": "#side", "cullface": "south"}, "west": {"uv": [15, 7, 16, 8], "texture": "#side", "cullface": "west"}, "up": {"uv": [0, 7, 16, 8], "texture": "#side", "cullface": "south"}, "down": {"uv": [0, 0, 16, 1], "texture": "#all"}}}, {"from": [0, 15, 15], "to": [16, 16, 16], "rotation": {"angle": 0, "axis": "y", "origin": [8, 23, 8]}, "faces": {"north": {"uv": [0, 15, 16, 16], "rotation": 180, "texture": "#all", "cullface": "up"}, "east": {"uv": [0, 8, 1, 9], "texture": "#side", "cullface": "east"}, "south": {"uv": [0, 8, 16, 9], "texture": "#side", "cullface": "south"}, "west": {"uv": [15, 8, 16, 9], "texture": "#side", "cullface": "west"}, "up": {"uv": [0, 15, 16, 16], "texture": "#all", "cullface": "up"}, "down": {"uv": [0, 8, 16, 9], "texture": "#side", "cullface": "south"}}}, {"from": [0, 8, 1], "to": [1, 9, 15], "rotation": {"angle": 0, "axis": "y", "origin": [8, 16, 8]}, "faces": {"east": {"uv": [0, 1, 1, 15], "rotation": 270, "texture": "#all"}, "west": {"uv": [1, 7, 15, 8], "texture": "#side", "cullface": "west"}, "up": {"uv": [1, 7, 15, 8], "rotation": 90, "texture": "#side", "cullface": "west"}, "down": {"uv": [0, 1, 1, 15], "texture": "#all"}}}, {"from": [0, 15, 1], "to": [1, 16, 15], "rotation": {"angle": 0, "axis": "y", "origin": [8, 23, 8]}, "faces": {"east": {"uv": [0, 1, 1, 15], "rotation": 90, "texture": "#all", "cullface": "up"}, "west": {"uv": [1, 0, 15, 1], "texture": "#side", "cullface": "west"}, "up": {"uv": [0, 1, 1, 15], "texture": "#all", "cullface": "up"}, "down": {"uv": [1, 0, 15, 1], "rotation": 270, "texture": "#side", "cullface": "west"}}}, {"from": [15, 8, 1], "to": [16, 9, 15], "rotation": {"angle": 0, "axis": "y", "origin": [8, 16, 8]}, "faces": {"east": {"uv": [1, 7, 15, 8], "texture": "#side", "cullface": "east"}, "west": {"uv": [15, 1, 16, 15], "rotation": 90, "texture": "#all"}, "up": {"uv": [1, 7, 15, 8], "rotation": 270, "texture": "#side", "cullface": "east"}, "down": {"uv": [15, 1, 16, 15], "texture": "#all"}}}, {"from": [15, 15, 1], "to": [16, 16, 15], "rotation": {"angle": 0, "axis": "y", "origin": [8, 23, 8]}, "faces": {"east": {"uv": [1, 0, 15, 1], "texture": "#side", "cullface": "east"}, "west": {"uv": [15, 1, 16, 15], "rotation": 270, "texture": "#all", "cullface": "up"}, "up": {"uv": [15, 1, 16, 15], "texture": "#all", "cullface": "up"}, "down": {"uv": [1, 0, 15, 1], "rotation": 90, "texture": "#side", "cullface": "east"}}}, {"from": [0.5, 9, 1], "to": [15.75, 15, 15], "rotation": {"angle": 0, "axis": "y", "origin": [8, 16, 8]}, "faces": {"east": {"uv": [1, 1, 15, 7], "texture": "#side", "cullface": "east"}, "west": {"uv": [1, 1, 15, 7], "texture": "#side", "cullface": "west"}}}, {"from": [1, 9, 0.25], "to": [15, 15, 15.5], "rotation": {"angle": 0, "axis": "y", "origin": [8, 16, 8]}, "faces": {"north": {"uv": [1, 1, 15, 7], "texture": "#side", "cullface": "north"}, "south": {"uv": [1, 1, 15, 7], "texture": "#side", "cullface": "south"}}}, {"from": [1, 8.5, 1], "to": [15, 15.75, 15], "rotation": {"angle": 0, "axis": "y", "origin": [8, 15, 8]}, "faces": {"up": {"uv": [1, 1, 15, 15], "texture": "#all", "cullface": "up"}, "down": {"uv": [1, 1, 15, 15], "texture": "#all"}}}]}