{"parent": "minecraft:block/plant", "textures": {"particle": "#all"}, "elements": [{"from": [-0.25, 0, 8], "to": [15.75, 11, 8], "rotation": {"angle": -45, "axis": "y", "origin": [8, 8, 8]}, "faces": {"north": {"uv": [16, 5, 0, 16], "texture": "#all"}, "south": {"uv": [0, 5, 16, 16], "texture": "#all"}}}, {"from": [-0.5, 0, 7.35], "to": [15.5, 11, 7.35], "rotation": {"angle": 45, "axis": "y", "origin": [8, 8, 8]}, "faces": {"north": {"uv": [0, 5, 16, 16], "texture": "#all"}, "south": {"uv": [16, 5, 0, 16], "texture": "#all"}}}, {"from": [7, 0, 7], "to": [8, 10, 8], "faces": {"north": {"uv": [7, 6, 8, 16], "texture": "#all"}, "east": {"uv": [7, 6, 8, 16], "texture": "#all"}, "south": {"uv": [7, 6, 8, 16], "texture": "#all"}, "west": {"uv": [7, 6, 8, 16], "texture": "#all"}, "up": {"uv": [7, 6, 8, 7], "texture": "#all"}, "down": {"uv": [7, 15, 8, 16], "texture": "#all", "cullface": "down"}}}, {"from": [7, 10, 8], "to": [8, 13, 9], "faces": {"north": {"uv": [2, 0, 3, 3], "texture": "#all"}, "east": {"uv": [2, 0, 3, 3], "texture": "#all"}, "south": {"uv": [2, 0, 3, 3], "texture": "#all"}, "west": {"uv": [2, 0, 3, 3], "texture": "#all"}, "up": {"uv": [2, 0, 3, 1], "texture": "#all"}, "down": {"uv": [2, 2, 3, 3], "texture": "#all"}}}, {"from": [8, 10, 7], "to": [9, 13, 8], "faces": {"north": {"uv": [1, 0, 2, 3], "texture": "#all"}, "east": {"uv": [1, 0, 2, 3], "texture": "#all"}, "south": {"uv": [1, 0, 2, 3], "texture": "#all"}, "west": {"uv": [1, 0, 2, 3], "texture": "#all"}, "up": {"uv": [1, 0, 2, 1], "texture": "#all"}, "down": {"uv": [1, 2, 2, 3], "texture": "#all"}}}, {"from": [7, 10, 6], "to": [8, 13, 7], "faces": {"north": {"uv": [0, 0, 1, 3], "texture": "#all"}, "east": {"uv": [0, 0, 1, 3], "texture": "#all"}, "south": {"uv": [0, 0, 1, 3], "texture": "#all"}, "west": {"uv": [0, 0, 1, 3], "texture": "#all"}, "up": {"uv": [0, 0, 1, 1], "texture": "#all"}, "down": {"uv": [0, 2, 1, 3], "texture": "#all"}}}, {"from": [6, 10, 7], "to": [7, 13, 8], "faces": {"north": {"uv": [3, 0, 4, 3], "texture": "#all"}, "east": {"uv": [3, 0, 4, 3], "texture": "#all"}, "south": {"uv": [3, 0, 4, 3], "texture": "#all"}, "west": {"uv": [3, 0, 4, 3], "texture": "#all"}, "up": {"uv": [3, 0, 4, 1], "texture": "#all"}, "down": {"uv": [3, 2, 4, 3], "texture": "#all"}}}]}