{"textures": {"particle": "#all"}, "elements": [{"from": [16, 0, 0], "to": [16.5, 3, 3], "rotation": {"angle": 0, "axis": "y", "origin": [8, 8, 8]}, "faces": {"north": {"uv": [15, 13, 16, 16], "texture": "#all", "cullface": "west"}, "east": {"uv": [13, 13, 16, 16], "texture": "#all", "cullface": "west"}, "south": {"uv": [13, 13, 14, 16], "texture": "#all", "cullface": "west"}, "up": {"uv": [13, 13, 16, 14], "rotation": 270, "texture": "#all", "cullface": "west"}, "down": {"uv": [13, 15, 16, 16], "rotation": 90, "texture": "#all", "cullface": "west"}}}, {"from": [16, 4, 10], "to": [16.5, 7, 13], "rotation": {"angle": 0, "axis": "y", "origin": [8, 8, 8]}, "faces": {"north": {"uv": [5, 9, 6, 12], "texture": "#all", "cullface": "west"}, "east": {"uv": [3, 9, 6, 12], "texture": "#all", "cullface": "west"}, "south": {"uv": [3, 9, 4, 12], "texture": "#all", "cullface": "west"}, "up": {"uv": [3, 9, 6, 10], "rotation": 270, "texture": "#all", "cullface": "west"}, "down": {"uv": [3, 11, 6, 12], "rotation": 90, "texture": "#all", "cullface": "west"}}}, {"from": [16, 4, 6], "to": [16.5, 7, 9], "rotation": {"angle": 0, "axis": "y", "origin": [8, 8, 8]}, "faces": {"north": {"uv": [9, 9, 10, 12], "texture": "#all", "cullface": "west"}, "east": {"uv": [7, 9, 10, 12], "texture": "#all", "cullface": "west"}, "south": {"uv": [7, 9, 8, 12], "texture": "#all", "cullface": "west"}, "up": {"uv": [7, 9, 10, 10], "rotation": 270, "texture": "#all", "cullface": "west"}, "down": {"uv": [7, 11, 10, 12], "rotation": 90, "texture": "#all", "cullface": "west"}}}, {"from": [16, 4, 2], "to": [16.5, 7, 5], "rotation": {"angle": 0, "axis": "y", "origin": [8, 8, 8]}, "faces": {"north": {"uv": [13, 9, 14, 12], "texture": "#all", "cullface": "west"}, "east": {"uv": [11, 9, 14, 12], "texture": "#all", "cullface": "west"}, "south": {"uv": [11, 9, 12, 12], "texture": "#all", "cullface": "west"}, "up": {"uv": [11, 9, 14, 10], "rotation": 270, "texture": "#all", "cullface": "west"}, "down": {"uv": [11, 11, 14, 12], "rotation": 90, "texture": "#all", "cullface": "west"}}}, {"from": [16, 12, 0], "to": [16.5, 15, 3], "rotation": {"angle": 0, "axis": "y", "origin": [8, 8, 8]}, "faces": {"north": {"uv": [15, 1, 16, 4], "texture": "#all", "cullface": "west"}, "east": {"uv": [13, 1, 16, 4], "texture": "#all", "cullface": "west"}, "south": {"uv": [13, 1, 14, 4], "texture": "#all", "cullface": "west"}, "up": {"uv": [13, 1, 16, 2], "rotation": 270, "texture": "#all", "cullface": "west"}, "down": {"uv": [13, 3, 16, 4], "rotation": 90, "texture": "#all", "cullface": "west"}}}, {"from": [16, 4, 0], "to": [16.5, 7, 1], "rotation": {"angle": 0, "axis": "y", "origin": [8, 8, 8]}, "faces": {"north": {"uv": [15, 9, 16, 12], "texture": "#all", "cullface": "west"}, "east": {"uv": [15, 9, 16, 12], "texture": "#all", "cullface": "west"}, "south": {"uv": [15, 9, 16, 12], "texture": "#all", "cullface": "west"}, "up": {"uv": [15, 9, 16, 10], "rotation": 270, "texture": "#all", "cullface": "west"}, "down": {"uv": [15, 11, 16, 12], "rotation": 90, "texture": "#all", "cullface": "west"}}}, {"from": [16, 4, 14], "to": [16.5, 7, 16], "rotation": {"angle": 0, "axis": "y", "origin": [8, 8, 8]}, "faces": {"north": {"uv": [1, 9, 2, 12], "texture": "#all", "cullface": "west"}, "east": {"uv": [0, 9, 2, 12], "texture": "#all", "cullface": "west"}, "south": {"uv": [0, 9, 1, 12], "texture": "#all", "cullface": "west"}, "up": {"uv": [0, 9, 2, 10], "rotation": 270, "texture": "#all", "cullface": "west"}, "down": {"uv": [0, 11, 2, 12], "rotation": 90, "texture": "#all", "cullface": "west"}}}, {"from": [16, 0, 12], "to": [16.5, 3, 16], "rotation": {"angle": 0, "axis": "y", "origin": [8, 8, 8]}, "faces": {"north": {"uv": [3, 13, 4, 16], "texture": "#all", "cullface": "west"}, "east": {"uv": [0, 13, 4, 16], "texture": "#all", "cullface": "west"}, "south": {"uv": [0, 13, 1, 16], "texture": "#all", "cullface": "west"}, "up": {"uv": [0, 13, 4, 14], "rotation": 270, "texture": "#all", "cullface": "west"}, "down": {"uv": [0, 15, 4, 16], "rotation": 90, "texture": "#all", "cullface": "west"}}}, {"from": [16, 8, 0], "to": [16.5, 11, 7], "rotation": {"angle": 0, "axis": "y", "origin": [8, 8, 8]}, "faces": {"north": {"uv": [15, 5, 16, 8], "texture": "#all", "cullface": "west"}, "east": {"uv": [9, 5, 16, 8], "texture": "#all", "cullface": "west"}, "south": {"uv": [9, 5, 10, 8], "texture": "#all", "cullface": "west"}, "up": {"uv": [9, 5, 16, 6], "rotation": 270, "texture": "#all", "cullface": "west"}, "down": {"uv": [9, 7, 16, 8], "rotation": 90, "texture": "#all", "cullface": "west"}}}, {"from": [16, 12, 4], "to": [16.5, 15, 8], "rotation": {"angle": 0, "axis": "y", "origin": [8, 8, 8]}, "faces": {"north": {"uv": [11, 1, 12, 4], "texture": "#all", "cullface": "west"}, "east": {"uv": [8, 1, 12, 4], "texture": "#all", "cullface": "west"}, "south": {"uv": [8, 1, 9, 4], "texture": "#all", "cullface": "west"}, "up": {"uv": [8, 1, 12, 2], "rotation": 270, "texture": "#all", "cullface": "west"}, "down": {"uv": [8, 3, 12, 4], "rotation": 90, "texture": "#all", "cullface": "west"}}}, {"from": [16, 0, 4], "to": [16.5, 3, 11], "rotation": {"angle": 0, "axis": "y", "origin": [8, 8, 8]}, "faces": {"north": {"uv": [11, 13, 12, 16], "texture": "#all", "cullface": "west"}, "east": {"uv": [5, 13, 12, 16], "texture": "#all", "cullface": "west"}, "south": {"uv": [5, 13, 6, 16], "texture": "#all", "cullface": "west"}, "up": {"uv": [5, 13, 12, 14], "rotation": 270, "texture": "#all", "cullface": "west"}, "down": {"uv": [5, 15, 12, 16], "rotation": 90, "texture": "#all", "cullface": "west"}}}, {"from": [8, 12, 8], "to": [12, 15, 8.5], "rotation": {"angle": 0, "axis": "y", "origin": [8, 8, 8]}, "faces": {"east": {"uv": [11, 1, 12, 4], "texture": "#all"}, "south": {"uv": [8, 1, 12, 4], "texture": "#all"}, "west": {"uv": [8, 1, 9, 4], "texture": "#all"}, "up": {"uv": [8, 1, 12, 2], "texture": "#all"}, "down": {"uv": [8, 3, 12, 4], "texture": "#all"}}}, {"from": [9, 8, 8], "to": [16, 11, 8.5], "rotation": {"angle": 0, "axis": "y", "origin": [8, 8, 8]}, "faces": {"east": {"uv": [15, 5, 16, 8], "texture": "#all"}, "south": {"uv": [9, 5, 16, 8], "texture": "#all"}, "west": {"uv": [9, 5, 10, 8], "texture": "#all"}, "up": {"uv": [9, 5, 16, 6], "texture": "#all"}}}, {"from": [13, 12, 8], "to": [16, 15, 8.5], "rotation": {"angle": 0, "axis": "y", "origin": [8, 8, 8]}, "faces": {"east": {"uv": [15, 1, 16, 4], "texture": "#all"}, "south": {"uv": [13, 1, 16, 4], "texture": "#all"}, "west": {"uv": [13, 1, 14, 4], "texture": "#all"}, "up": {"uv": [13, 1, 16, 2], "texture": "#all"}, "down": {"uv": [13, 3, 16, 4], "texture": "#all"}}}, {"from": [13, 0, 16], "to": [16, 3, 16.5], "rotation": {"angle": 0, "axis": "y", "origin": [8, 8, 8]}, "faces": {"east": {"uv": [15, 13, 16, 16], "texture": "#all", "cullface": "north"}, "south": {"uv": [13, 13, 16, 16], "texture": "#all", "cullface": "north"}, "west": {"uv": [13, 13, 14, 16], "texture": "#all", "cullface": "north"}, "up": {"uv": [13, 13, 16, 14], "texture": "#all", "cullface": "north"}, "down": {"uv": [13, 15, 16, 16], "texture": "#all", "cullface": "north"}}}, {"from": [3, 4, 16], "to": [6, 7, 16.5], "rotation": {"angle": 0, "axis": "y", "origin": [8, 8, 8]}, "faces": {"east": {"uv": [5, 9, 6, 12], "texture": "#all", "cullface": "north"}, "south": {"uv": [3, 9, 6, 12], "texture": "#all", "cullface": "north"}, "west": {"uv": [3, 9, 4, 12], "texture": "#all", "cullface": "north"}, "up": {"uv": [3, 9, 6, 10], "texture": "#all", "cullface": "north"}, "down": {"uv": [3, 11, 6, 12], "texture": "#all", "cullface": "north"}}}, {"from": [7, 4, 16], "to": [10, 7, 16.5], "rotation": {"angle": 0, "axis": "y", "origin": [8, 8, 8]}, "faces": {"east": {"uv": [9, 9, 10, 12], "texture": "#all", "cullface": "north"}, "south": {"uv": [7, 9, 10, 12], "texture": "#all", "cullface": "north"}, "west": {"uv": [7, 9, 8, 12], "texture": "#all", "cullface": "north"}, "up": {"uv": [7, 9, 10, 10], "texture": "#all", "cullface": "north"}, "down": {"uv": [7, 11, 10, 12], "texture": "#all", "cullface": "north"}}}, {"from": [11, 4, 16], "to": [14, 7, 16.5], "rotation": {"angle": 0, "axis": "y", "origin": [8, 8, 8]}, "faces": {"east": {"uv": [13, 9, 14, 12], "texture": "#all", "cullface": "north"}, "south": {"uv": [11, 9, 14, 12], "texture": "#all", "cullface": "north"}, "west": {"uv": [11, 9, 12, 12], "texture": "#all", "cullface": "north"}, "up": {"uv": [11, 9, 14, 10], "texture": "#all", "cullface": "north"}, "down": {"uv": [11, 11, 14, 12], "texture": "#all", "cullface": "north"}}}, {"from": [15, 4, 16], "to": [16, 7, 16.5], "rotation": {"angle": 0, "axis": "y", "origin": [8, 8, 8]}, "faces": {"east": {"uv": [15, 9, 16, 12], "texture": "#all", "cullface": "north"}, "south": {"uv": [15, 9, 16, 12], "texture": "#all", "cullface": "north"}, "west": {"uv": [15, 9, 16, 12], "texture": "#all", "cullface": "north"}, "up": {"uv": [15, 9, 16, 10], "texture": "#all", "cullface": "north"}, "down": {"uv": [15, 11, 16, 12], "texture": "#all", "cullface": "north"}}}, {"from": [0, 4, 16], "to": [2, 7, 16.5], "rotation": {"angle": 0, "axis": "y", "origin": [8, 8, 8]}, "faces": {"east": {"uv": [1, 9, 2, 12], "texture": "#all", "cullface": "north"}, "south": {"uv": [0, 9, 2, 12], "texture": "#all", "cullface": "north"}, "west": {"uv": [0, 9, 1, 12], "texture": "#all", "cullface": "north"}, "up": {"uv": [0, 9, 2, 10], "texture": "#all", "cullface": "north"}, "down": {"uv": [0, 11, 2, 12], "texture": "#all", "cullface": "north"}}}, {"from": [0, 0, 16], "to": [4, 3, 16.5], "rotation": {"angle": 0, "axis": "y", "origin": [8, 8, 8]}, "faces": {"east": {"uv": [3, 13, 4, 16], "texture": "#all", "cullface": "north"}, "south": {"uv": [0, 13, 4, 16], "texture": "#all", "cullface": "north"}, "west": {"uv": [0, 13, 1, 16], "texture": "#all", "cullface": "north"}, "up": {"uv": [0, 13, 4, 14], "texture": "#all", "cullface": "north"}, "down": {"uv": [0, 15, 4, 16], "texture": "#all", "cullface": "north"}}}, {"from": [5, 0, 16], "to": [12, 3, 16.5], "rotation": {"angle": 0, "axis": "y", "origin": [8, 8, 8]}, "faces": {"east": {"uv": [11, 13, 12, 16], "texture": "#all", "cullface": "north"}, "south": {"uv": [5, 13, 12, 16], "texture": "#all", "cullface": "north"}, "west": {"uv": [5, 13, 6, 16], "texture": "#all", "cullface": "north"}, "up": {"uv": [5, 13, 12, 14], "texture": "#all", "cullface": "north"}, "down": {"uv": [5, 15, 12, 16], "texture": "#all", "cullface": "north"}}}, {"from": [7.5, 8, 1], "to": [8, 11, 8], "rotation": {"angle": 0, "axis": "y", "origin": [8, 8, 8]}, "faces": {"north": {"uv": [1, 5, 2, 8], "texture": "#all"}, "south": {"uv": [7, 5, 8, 8], "texture": "#all"}, "west": {"uv": [1, 5, 8, 8], "texture": "#all"}, "up": {"uv": [1, 5, 8, 6], "rotation": 90, "texture": "#all"}}}, {"from": [7.5, 12, 0], "to": [8, 15, 4], "rotation": {"angle": 0, "axis": "y", "origin": [8, 8, 8]}, "faces": {"north": {"uv": [0, 1, 1, 4], "texture": "#all"}, "south": {"uv": [3, 1, 4, 4], "texture": "#all"}, "west": {"uv": [0, 1, 4, 4], "texture": "#all"}, "up": {"uv": [0, 1, 4, 2], "rotation": 90, "texture": "#all"}, "down": {"uv": [0, 3, 4, 4], "rotation": 270, "texture": "#all"}}}, {"from": [7.5, 12, 5], "to": [8, 15, 8], "rotation": {"angle": 0, "axis": "y", "origin": [8, 8, 8]}, "faces": {"north": {"uv": [5, 1, 6, 4], "texture": "#all"}, "south": {"uv": [7, 1, 8, 4], "texture": "#all"}, "west": {"uv": [5, 1, 8, 4], "texture": "#all"}, "up": {"uv": [5, 1, 8, 2], "rotation": 90, "texture": "#all"}, "down": {"uv": [5, 3, 8, 4], "rotation": 270, "texture": "#all"}}}, {"from": [-0.5, 0, 13], "to": [0, 3, 16], "rotation": {"angle": 0, "axis": "y", "origin": [8, 8, 8]}, "faces": {"north": {"uv": [13, 13, 14, 16], "texture": "#all", "cullface": "east"}, "south": {"uv": [15, 13, 16, 16], "texture": "#all", "cullface": "east"}, "west": {"uv": [13, 13, 16, 16], "texture": "#all", "cullface": "east"}, "up": {"uv": [13, 13, 16, 14], "rotation": 90, "texture": "#all", "cullface": "east"}, "down": {"uv": [13, 15, 16, 16], "rotation": 270, "texture": "#all", "cullface": "east"}}}, {"from": [-0.5, 4, 3], "to": [0, 7, 6], "rotation": {"angle": 0, "axis": "y", "origin": [8, 8, 8]}, "faces": {"north": {"uv": [3, 9, 4, 12], "texture": "#all", "cullface": "east"}, "south": {"uv": [5, 9, 6, 12], "texture": "#all", "cullface": "east"}, "west": {"uv": [3, 9, 6, 12], "texture": "#all", "cullface": "east"}, "up": {"uv": [3, 9, 6, 10], "rotation": 90, "texture": "#all", "cullface": "east"}, "down": {"uv": [3, 11, 6, 12], "rotation": 270, "texture": "#all", "cullface": "east"}}}, {"from": [-0.5, 4, 7], "to": [0, 7, 10], "rotation": {"angle": 0, "axis": "y", "origin": [8, 8, 8]}, "faces": {"north": {"uv": [7, 9, 8, 12], "texture": "#all", "cullface": "east"}, "south": {"uv": [9, 9, 10, 12], "texture": "#all", "cullface": "east"}, "west": {"uv": [7, 9, 10, 12], "texture": "#all", "cullface": "east"}, "up": {"uv": [7, 9, 10, 10], "rotation": 90, "texture": "#all", "cullface": "east"}, "down": {"uv": [7, 11, 10, 12], "rotation": 270, "texture": "#all", "cullface": "east"}}}, {"from": [-0.5, 4, 11], "to": [0, 7, 14], "rotation": {"angle": 0, "axis": "y", "origin": [8, 8, 8]}, "faces": {"north": {"uv": [11, 9, 12, 12], "texture": "#all", "cullface": "east"}, "south": {"uv": [13, 9, 14, 12], "texture": "#all", "cullface": "east"}, "west": {"uv": [11, 9, 14, 12], "texture": "#all", "cullface": "east"}, "up": {"uv": [11, 9, 14, 10], "rotation": 90, "texture": "#all", "cullface": "east"}, "down": {"uv": [11, 11, 14, 12], "rotation": 270, "texture": "#all", "cullface": "east"}}}, {"from": [-0.5, 4, 15], "to": [0, 7, 16], "rotation": {"angle": 0, "axis": "y", "origin": [8, 8, 8]}, "faces": {"north": {"uv": [15, 9, 16, 12], "texture": "#all", "cullface": "east"}, "south": {"uv": [15, 9, 16, 12], "texture": "#all", "cullface": "east"}, "west": {"uv": [15, 9, 16, 12], "texture": "#all", "cullface": "east"}, "up": {"uv": [15, 9, 16, 10], "rotation": 90, "texture": "#all", "cullface": "east"}, "down": {"uv": [15, 11, 16, 12], "rotation": 270, "texture": "#all", "cullface": "east"}}}, {"from": [-0.5, 4, 0], "to": [0, 7, 2], "rotation": {"angle": 0, "axis": "y", "origin": [8, 8, 8]}, "faces": {"north": {"uv": [0, 9, 1, 12], "texture": "#all", "cullface": "east"}, "south": {"uv": [1, 9, 2, 12], "texture": "#all", "cullface": "east"}, "west": {"uv": [0, 9, 2, 12], "texture": "#all", "cullface": "east"}, "up": {"uv": [0, 9, 2, 10], "rotation": 90, "texture": "#all", "cullface": "east"}, "down": {"uv": [0, 11, 2, 12], "rotation": 270, "texture": "#all", "cullface": "east"}}}, {"from": [-0.5, 0, 0], "to": [0, 3, 4], "rotation": {"angle": 0, "axis": "y", "origin": [8, 8, 8]}, "faces": {"north": {"uv": [0, 13, 1, 16], "texture": "#all", "cullface": "east"}, "south": {"uv": [3, 13, 4, 16], "texture": "#all", "cullface": "east"}, "west": {"uv": [0, 13, 4, 16], "texture": "#all", "cullface": "east"}, "up": {"uv": [0, 13, 4, 14], "rotation": 90, "texture": "#all", "cullface": "east"}, "down": {"uv": [0, 15, 4, 16], "rotation": 270, "texture": "#all", "cullface": "east"}}}, {"from": [-0.5, 0, 5], "to": [0, 3, 12], "rotation": {"angle": 0, "axis": "y", "origin": [8, 8, 8]}, "faces": {"north": {"uv": [5, 13, 6, 16], "texture": "#all", "cullface": "east"}, "south": {"uv": [11, 13, 12, 16], "texture": "#all", "cullface": "east"}, "west": {"uv": [5, 13, 12, 16], "texture": "#all", "cullface": "east"}, "up": {"uv": [5, 13, 12, 14], "rotation": 90, "texture": "#all", "cullface": "east"}, "down": {"uv": [5, 15, 12, 16], "rotation": 270, "texture": "#all", "cullface": "east"}}}, {"from": [0, 0, -0.5], "to": [3, 3, 0], "rotation": {"angle": 0, "axis": "y", "origin": [8, 8, 8]}, "faces": {"north": {"uv": [13, 13, 16, 16], "texture": "#all", "cullface": "south"}, "east": {"uv": [13, 13, 14, 16], "texture": "#all", "cullface": "south"}, "west": {"uv": [15, 13, 16, 16], "texture": "#all", "cullface": "south"}, "up": {"uv": [13, 13, 16, 14], "rotation": 180, "texture": "#all", "cullface": "south"}, "down": {"uv": [13, 15, 16, 16], "rotation": 180, "texture": "#all", "cullface": "south"}}}, {"from": [10, 4, -0.5], "to": [13, 7, 0], "rotation": {"angle": 0, "axis": "y", "origin": [8, 8, 8]}, "faces": {"north": {"uv": [3, 9, 6, 12], "texture": "#all", "cullface": "south"}, "east": {"uv": [3, 9, 4, 12], "texture": "#all", "cullface": "south"}, "west": {"uv": [5, 9, 6, 12], "texture": "#all", "cullface": "south"}, "up": {"uv": [3, 9, 6, 10], "rotation": 180, "texture": "#all", "cullface": "south"}, "down": {"uv": [3, 11, 6, 12], "rotation": 180, "texture": "#all", "cullface": "south"}}}, {"from": [6, 4, -0.5], "to": [9, 7, 0], "rotation": {"angle": 0, "axis": "y", "origin": [8, 8, 8]}, "faces": {"north": {"uv": [7, 9, 10, 12], "texture": "#all", "cullface": "south"}, "east": {"uv": [7, 9, 8, 12], "texture": "#all", "cullface": "south"}, "west": {"uv": [9, 9, 10, 12], "texture": "#all", "cullface": "south"}, "up": {"uv": [7, 9, 10, 10], "rotation": 180, "texture": "#all", "cullface": "south"}, "down": {"uv": [7, 11, 10, 12], "rotation": 180, "texture": "#all", "cullface": "south"}}}, {"from": [2, 4, -0.5], "to": [5, 7, 0], "rotation": {"angle": 0, "axis": "y", "origin": [8, 8, 8]}, "faces": {"north": {"uv": [11, 9, 14, 12], "texture": "#all", "cullface": "south"}, "east": {"uv": [11, 9, 12, 12], "texture": "#all", "cullface": "south"}, "west": {"uv": [13, 9, 14, 12], "texture": "#all", "cullface": "south"}, "up": {"uv": [11, 9, 14, 10], "rotation": 180, "texture": "#all", "cullface": "south"}, "down": {"uv": [11, 11, 14, 12], "rotation": 180, "texture": "#all", "cullface": "south"}}}, {"from": [0, 4, -0.5], "to": [1, 7, 0], "rotation": {"angle": 0, "axis": "y", "origin": [8, 8, 8]}, "faces": {"north": {"uv": [15, 9, 16, 12], "texture": "#all", "cullface": "south"}, "east": {"uv": [15, 9, 16, 12], "texture": "#all", "cullface": "south"}, "west": {"uv": [15, 9, 16, 12], "texture": "#all", "cullface": "south"}, "up": {"uv": [15, 9, 16, 10], "rotation": 180, "texture": "#all", "cullface": "south"}, "down": {"uv": [15, 11, 16, 12], "rotation": 180, "texture": "#all", "cullface": "south"}}}, {"from": [14, 4, -0.5], "to": [16, 7, 0], "rotation": {"angle": 0, "axis": "y", "origin": [8, 8, 8]}, "faces": {"north": {"uv": [0, 9, 2, 12], "texture": "#all", "cullface": "south"}, "east": {"uv": [0, 9, 1, 12], "texture": "#all", "cullface": "south"}, "west": {"uv": [1, 9, 2, 12], "texture": "#all", "cullface": "south"}, "up": {"uv": [0, 9, 2, 10], "rotation": 180, "texture": "#all", "cullface": "south"}, "down": {"uv": [0, 11, 2, 12], "rotation": 180, "texture": "#all", "cullface": "south"}}}, {"from": [12, 12, -0.5], "to": [16, 15, 0], "rotation": {"angle": 0, "axis": "y", "origin": [8, 8, 8]}, "faces": {"north": {"uv": [0, 1, 4, 4], "texture": "#all", "cullface": "south"}, "east": {"uv": [0, 1, 1, 4], "texture": "#all", "cullface": "south"}, "west": {"uv": [3, 1, 4, 4], "texture": "#all", "cullface": "south"}, "up": {"uv": [0, 1, 4, 2], "rotation": 180, "texture": "#all", "cullface": "south"}, "down": {"uv": [0, 3, 4, 4], "rotation": 180, "texture": "#all", "cullface": "south"}}}, {"from": [12, 0, -0.5], "to": [16, 3, 0], "rotation": {"angle": 0, "axis": "y", "origin": [8, 8, 8]}, "faces": {"north": {"uv": [0, 13, 4, 16], "texture": "#all", "cullface": "south"}, "east": {"uv": [0, 13, 1, 16], "texture": "#all", "cullface": "south"}, "west": {"uv": [3, 13, 4, 16], "texture": "#all", "cullface": "south"}, "up": {"uv": [0, 13, 4, 14], "rotation": 180, "texture": "#all", "cullface": "south"}, "down": {"uv": [0, 15, 4, 16], "rotation": 180, "texture": "#all", "cullface": "south"}}}, {"from": [8, 8, -0.5], "to": [15, 11, 0], "rotation": {"angle": 0, "axis": "y", "origin": [8, 8, 8]}, "faces": {"north": {"uv": [1, 5, 8, 8], "texture": "#all", "cullface": "south"}, "east": {"uv": [1, 5, 2, 8], "texture": "#all", "cullface": "south"}, "west": {"uv": [7, 5, 8, 8], "texture": "#all", "cullface": "south"}, "up": {"uv": [1, 5, 8, 6], "rotation": 180, "texture": "#all", "cullface": "south"}, "down": {"uv": [1, 7, 8, 8], "rotation": 180, "texture": "#all", "cullface": "south"}}}, {"from": [8, 12, -0.5], "to": [11, 15, 0], "rotation": {"angle": 0, "axis": "y", "origin": [8, 8, 8]}, "faces": {"north": {"uv": [5, 1, 8, 4], "texture": "#all", "cullface": "south"}, "east": {"uv": [5, 1, 6, 4], "texture": "#all", "cullface": "south"}, "west": {"uv": [7, 1, 8, 4], "texture": "#all", "cullface": "south"}, "up": {"uv": [5, 1, 8, 2], "rotation": 180, "texture": "#all", "cullface": "south"}, "down": {"uv": [5, 3, 8, 4], "rotation": 180, "texture": "#all", "cullface": "south"}}}, {"from": [4, 0, -0.5], "to": [11, 3, 0], "rotation": {"angle": 0, "axis": "y", "origin": [8, 8, 8]}, "faces": {"north": {"uv": [5, 13, 12, 16], "texture": "#all", "cullface": "south"}, "east": {"uv": [5, 13, 6, 16], "texture": "#all", "cullface": "south"}, "west": {"uv": [11, 13, 12, 16], "texture": "#all", "cullface": "south"}, "up": {"uv": [5, 13, 12, 14], "rotation": 180, "texture": "#all", "cullface": "south"}, "down": {"uv": [5, 15, 12, 16], "rotation": 180, "texture": "#all", "cullface": "south"}}}, {"from": [5, 8, 1], "to": [8, 8.5, 4], "rotation": {"angle": 0, "axis": "y", "origin": [8, 8, 8]}, "faces": {"north": {"uv": [5, 1, 8, 2], "rotation": 180, "texture": "#all"}, "south": {"uv": [5, 3, 8, 4], "texture": "#all"}, "west": {"uv": [5, 1, 6, 4], "rotation": 270, "texture": "#all"}, "up": {"uv": [5, 1, 8, 4], "texture": "#all"}}}, {"from": [1, 8, 5], "to": [8, 8.5, 8], "rotation": {"angle": 0, "axis": "y", "origin": [8, 8, 8]}, "faces": {"north": {"uv": [1, 5, 8, 6], "rotation": 180, "texture": "#all"}, "south": {"uv": [1, 7, 8, 8], "texture": "#all"}, "west": {"uv": [1, 5, 2, 8], "rotation": 270, "texture": "#all"}, "up": {"uv": [1, 5, 8, 8], "texture": "#all"}}}, {"from": [0, 8, 1], "to": [4, 8.5, 4], "rotation": {"angle": 0, "axis": "y", "origin": [8, 8, 8]}, "faces": {"north": {"uv": [0, 1, 4, 2], "rotation": 180, "texture": "#all"}, "east": {"uv": [3, 1, 4, 4], "rotation": 90, "texture": "#all"}, "south": {"uv": [0, 3, 4, 4], "texture": "#all"}, "west": {"uv": [0, 1, 1, 4], "rotation": 270, "texture": "#all"}, "up": {"uv": [0, 1, 4, 4], "texture": "#all"}}}, {"from": [0, 8, 9], "to": [2, 8.5, 12], "rotation": {"angle": 0, "axis": "y", "origin": [8, 8, 8]}, "faces": {"north": {"uv": [0, 9, 2, 10], "rotation": 180, "texture": "#all"}, "east": {"uv": [1, 9, 2, 12], "rotation": 90, "texture": "#all"}, "south": {"uv": [0, 11, 2, 12], "texture": "#all"}, "west": {"uv": [0, 9, 1, 12], "rotation": 270, "texture": "#all"}, "up": {"uv": [0, 9, 2, 12], "texture": "#all"}}}, {"from": [3, 8, 9], "to": [6, 8.5, 12], "rotation": {"angle": 0, "axis": "y", "origin": [8, 8, 8]}, "faces": {"north": {"uv": [3, 9, 6, 10], "rotation": 180, "texture": "#all"}, "east": {"uv": [5, 9, 6, 12], "rotation": 90, "texture": "#all"}, "south": {"uv": [3, 11, 6, 12], "texture": "#all"}, "west": {"uv": [3, 9, 4, 12], "rotation": 270, "texture": "#all"}, "up": {"uv": [3, 9, 6, 12], "texture": "#all"}}}, {"from": [7, 8, 9], "to": [10, 8.5, 12], "rotation": {"angle": 0, "axis": "y", "origin": [8, 8, 8]}, "faces": {"north": {"uv": [7, 9, 10, 10], "rotation": 180, "texture": "#all"}, "east": {"uv": [9, 9, 10, 12], "rotation": 90, "texture": "#all"}, "south": {"uv": [7, 11, 10, 12], "texture": "#all"}, "west": {"uv": [7, 9, 8, 12], "rotation": 270, "texture": "#all"}, "up": {"uv": [7, 9, 10, 12], "texture": "#all"}}}, {"from": [11, 8, 9], "to": [14, 8.5, 12], "rotation": {"angle": 0, "axis": "y", "origin": [8, 8, 8]}, "faces": {"north": {"uv": [11, 9, 14, 10], "rotation": 180, "texture": "#all"}, "east": {"uv": [13, 9, 14, 12], "rotation": 90, "texture": "#all"}, "south": {"uv": [11, 11, 14, 12], "texture": "#all"}, "west": {"uv": [11, 9, 12, 12], "rotation": 270, "texture": "#all"}, "up": {"uv": [11, 9, 14, 12], "texture": "#all"}}}, {"from": [15, 8, 9], "to": [16, 8.5, 12], "rotation": {"angle": 0, "axis": "y", "origin": [8, 8, 8]}, "faces": {"north": {"uv": [15, 9, 16, 10], "rotation": 180, "texture": "#all"}, "east": {"uv": [15, 9, 16, 12], "rotation": 90, "texture": "#all"}, "south": {"uv": [15, 11, 16, 12], "texture": "#all"}, "west": {"uv": [15, 9, 16, 12], "rotation": 270, "texture": "#all"}, "up": {"uv": [15, 9, 16, 12], "texture": "#all"}}}, {"from": [13, 8, 13], "to": [16, 8.5, 16], "rotation": {"angle": 0, "axis": "y", "origin": [8, 8, 8]}, "faces": {"north": {"uv": [13, 13, 16, 14], "rotation": 180, "texture": "#all"}, "east": {"uv": [15, 13, 16, 16], "rotation": 90, "texture": "#all"}, "south": {"uv": [13, 15, 16, 16], "texture": "#all"}, "west": {"uv": [13, 13, 14, 16], "rotation": 270, "texture": "#all"}, "up": {"uv": [13, 13, 16, 16], "texture": "#all"}}}, {"from": [5, 8, 13], "to": [12, 8.5, 16], "rotation": {"angle": 0, "axis": "y", "origin": [8, 8, 8]}, "faces": {"north": {"uv": [5, 13, 12, 14], "rotation": 180, "texture": "#all"}, "east": {"uv": [11, 13, 12, 16], "rotation": 90, "texture": "#all"}, "south": {"uv": [5, 15, 12, 16], "texture": "#all"}, "west": {"uv": [5, 13, 6, 16], "rotation": 270, "texture": "#all"}, "up": {"uv": [5, 13, 12, 16], "texture": "#all"}}}, {"from": [0, 8, 13], "to": [4, 8.5, 16], "rotation": {"angle": 0, "axis": "y", "origin": [8, 8, 8]}, "faces": {"north": {"uv": [0, 13, 4, 14], "rotation": 180, "texture": "#all"}, "east": {"uv": [3, 13, 4, 16], "rotation": 90, "texture": "#all"}, "south": {"uv": [0, 15, 4, 16], "texture": "#all"}, "west": {"uv": [0, 13, 1, 16], "rotation": 270, "texture": "#all"}, "up": {"uv": [0, 13, 4, 16], "texture": "#all"}}}, {"from": [13, 16, 1], "to": [16, 16.5, 4], "rotation": {"angle": 0, "axis": "y", "origin": [8, 8, 8]}, "faces": {"north": {"uv": [13, 1, 16, 2], "rotation": 180, "texture": "#all", "cullface": "up"}, "east": {"uv": [15, 1, 16, 4], "rotation": 90, "texture": "#all", "cullface": "up"}, "south": {"uv": [13, 3, 16, 4], "texture": "#all", "cullface": "up"}, "west": {"uv": [13, 1, 14, 4], "rotation": 270, "texture": "#all", "cullface": "up"}, "up": {"uv": [13, 1, 16, 4], "texture": "#all", "cullface": "up"}}}, {"from": [9, 16, 5], "to": [16, 16.5, 8], "rotation": {"angle": 0, "axis": "y", "origin": [8, 8, 8]}, "faces": {"north": {"uv": [9, 5, 16, 6], "rotation": 180, "texture": "#all", "cullface": "up"}, "east": {"uv": [15, 5, 16, 8], "rotation": 90, "texture": "#all", "cullface": "up"}, "south": {"uv": [9, 7, 16, 8], "texture": "#all", "cullface": "up"}, "west": {"uv": [9, 5, 10, 8], "rotation": 270, "texture": "#all", "cullface": "up"}, "up": {"uv": [9, 5, 16, 8], "texture": "#all", "cullface": "up"}}}, {"from": [8, 16, 1], "to": [12, 16.5, 4], "rotation": {"angle": 0, "axis": "y", "origin": [8, 8, 8]}, "faces": {"north": {"uv": [8, 1, 12, 2], "rotation": 180, "texture": "#all", "cullface": "up"}, "east": {"uv": [11, 1, 12, 4], "rotation": 90, "texture": "#all", "cullface": "up"}, "south": {"uv": [8, 3, 12, 4], "texture": "#all", "cullface": "up"}, "west": {"uv": [8, 1, 9, 4], "rotation": 270, "texture": "#all", "cullface": "up"}, "up": {"uv": [8, 1, 12, 4], "texture": "#all", "cullface": "up"}}}, {"from": [13, -0.5, 0], "to": [16, 0, 3], "rotation": {"angle": 0, "axis": "y", "origin": [8, 8, 8]}, "faces": {"north": {"uv": [13, 15, 16, 16], "rotation": 180, "texture": "#all", "cullface": "down"}, "east": {"uv": [15, 13, 16, 16], "rotation": 270, "texture": "#all", "cullface": "down"}, "south": {"uv": [13, 13, 16, 14], "texture": "#all", "cullface": "down"}, "west": {"uv": [13, 13, 14, 16], "rotation": 90, "texture": "#all", "cullface": "down"}, "down": {"uv": [13, 13, 16, 16], "texture": "#all", "cullface": "down"}}}, {"from": [3, -0.5, 4], "to": [6, 0, 7], "rotation": {"angle": 0, "axis": "y", "origin": [8, 8, 8]}, "faces": {"north": {"uv": [3, 11, 6, 12], "rotation": 180, "texture": "#all", "cullface": "down"}, "east": {"uv": [5, 9, 6, 12], "rotation": 270, "texture": "#all", "cullface": "down"}, "south": {"uv": [3, 9, 6, 10], "texture": "#all", "cullface": "down"}, "west": {"uv": [3, 9, 4, 12], "rotation": 90, "texture": "#all", "cullface": "down"}, "down": {"uv": [3, 9, 6, 12], "texture": "#all", "cullface": "down"}}}, {"from": [7, -0.5, 4], "to": [10, 0, 7], "rotation": {"angle": 0, "axis": "y", "origin": [8, 8, 8]}, "faces": {"north": {"uv": [7, 11, 10, 12], "rotation": 180, "texture": "#all", "cullface": "down"}, "east": {"uv": [9, 9, 10, 12], "rotation": 270, "texture": "#all", "cullface": "down"}, "south": {"uv": [7, 9, 10, 10], "texture": "#all", "cullface": "down"}, "west": {"uv": [7, 9, 8, 12], "rotation": 90, "texture": "#all", "cullface": "down"}, "down": {"uv": [7, 9, 10, 12], "texture": "#all", "cullface": "down"}}}, {"from": [11, -0.5, 4], "to": [14, 0, 7], "rotation": {"angle": 0, "axis": "y", "origin": [8, 8, 8]}, "faces": {"north": {"uv": [11, 11, 14, 12], "rotation": 180, "texture": "#all", "cullface": "down"}, "east": {"uv": [13, 9, 14, 12], "rotation": 270, "texture": "#all", "cullface": "down"}, "south": {"uv": [11, 9, 14, 10], "texture": "#all", "cullface": "down"}, "west": {"uv": [11, 9, 12, 12], "rotation": 90, "texture": "#all", "cullface": "down"}, "down": {"uv": [11, 9, 14, 12], "texture": "#all", "cullface": "down"}}}, {"from": [13, -0.5, 12], "to": [16, 0, 15], "rotation": {"angle": 0, "axis": "y", "origin": [8, 8, 8]}, "faces": {"north": {"uv": [13, 3, 16, 4], "rotation": 180, "texture": "#all", "cullface": "down"}, "east": {"uv": [15, 1, 16, 4], "rotation": 270, "texture": "#all", "cullface": "down"}, "south": {"uv": [13, 1, 16, 2], "texture": "#all", "cullface": "down"}, "west": {"uv": [13, 1, 14, 4], "rotation": 90, "texture": "#all", "cullface": "down"}, "down": {"uv": [13, 1, 16, 4], "texture": "#all", "cullface": "down"}}}, {"from": [15, -0.5, 4], "to": [16, 0, 7], "rotation": {"angle": 0, "axis": "y", "origin": [8, 8, 8]}, "faces": {"north": {"uv": [15, 11, 16, 12], "rotation": 180, "texture": "#all", "cullface": "down"}, "east": {"uv": [15, 9, 16, 12], "rotation": 270, "texture": "#all", "cullface": "down"}, "south": {"uv": [15, 9, 16, 10], "texture": "#all", "cullface": "down"}, "west": {"uv": [15, 9, 16, 12], "rotation": 90, "texture": "#all", "cullface": "down"}, "down": {"uv": [15, 9, 16, 12], "texture": "#all", "cullface": "down"}}}, {"from": [0, -0.5, 4], "to": [2, 0, 7], "rotation": {"angle": 0, "axis": "y", "origin": [8, 8, 8]}, "faces": {"north": {"uv": [0, 11, 2, 12], "rotation": 180, "texture": "#all", "cullface": "down"}, "east": {"uv": [1, 9, 2, 12], "rotation": 270, "texture": "#all", "cullface": "down"}, "south": {"uv": [0, 9, 2, 10], "texture": "#all", "cullface": "down"}, "west": {"uv": [0, 9, 1, 12], "rotation": 90, "texture": "#all", "cullface": "down"}, "down": {"uv": [0, 9, 2, 12], "texture": "#all", "cullface": "down"}}}, {"from": [0, -0.5, 12], "to": [4, 0, 15], "rotation": {"angle": 0, "axis": "y", "origin": [8, 8, 8]}, "faces": {"north": {"uv": [0, 3, 4, 4], "rotation": 180, "texture": "#all", "cullface": "down"}, "east": {"uv": [3, 1, 4, 4], "rotation": 270, "texture": "#all", "cullface": "down"}, "south": {"uv": [0, 1, 4, 2], "texture": "#all", "cullface": "down"}, "west": {"uv": [0, 1, 1, 4], "rotation": 90, "texture": "#all", "cullface": "down"}, "down": {"uv": [0, 1, 4, 4], "texture": "#all", "cullface": "down"}}}, {"from": [0, -0.5, 0], "to": [4, 0, 3], "rotation": {"angle": 0, "axis": "y", "origin": [8, 8, 8]}, "faces": {"north": {"uv": [0, 15, 4, 16], "rotation": 180, "texture": "#all", "cullface": "down"}, "east": {"uv": [3, 13, 4, 16], "rotation": 270, "texture": "#all", "cullface": "down"}, "south": {"uv": [0, 13, 4, 14], "texture": "#all", "cullface": "down"}, "west": {"uv": [0, 13, 1, 16], "rotation": 90, "texture": "#all", "cullface": "down"}, "down": {"uv": [0, 13, 4, 16], "texture": "#all", "cullface": "down"}}}, {"from": [1, -0.5, 8], "to": [8, 0, 11], "rotation": {"angle": 0, "axis": "y", "origin": [8, 8, 8]}, "faces": {"north": {"uv": [1, 7, 8, 8], "rotation": 180, "texture": "#all", "cullface": "down"}, "east": {"uv": [7, 5, 8, 8], "rotation": 270, "texture": "#all", "cullface": "down"}, "south": {"uv": [1, 5, 8, 6], "texture": "#all", "cullface": "down"}, "west": {"uv": [1, 5, 2, 8], "rotation": 90, "texture": "#all", "cullface": "down"}, "down": {"uv": [1, 5, 8, 8], "texture": "#all", "cullface": "down"}}}, {"from": [9, -0.5, 8], "to": [16, 0, 11], "rotation": {"angle": 0, "axis": "y", "origin": [8, 8, 8]}, "faces": {"north": {"uv": [9, 7, 16, 8], "rotation": 180, "texture": "#all", "cullface": "down"}, "east": {"uv": [15, 5, 16, 8], "rotation": 270, "texture": "#all", "cullface": "down"}, "south": {"uv": [9, 5, 16, 6], "texture": "#all", "cullface": "down"}, "west": {"uv": [9, 5, 10, 8], "rotation": 90, "texture": "#all", "cullface": "down"}, "down": {"uv": [9, 5, 16, 8], "texture": "#all", "cullface": "down"}}}, {"from": [5, -0.5, 12], "to": [12, 0, 15], "rotation": {"angle": 0, "axis": "y", "origin": [8, 8, 8]}, "faces": {"north": {"uv": [5, 3, 12, 4], "rotation": 180, "texture": "#all", "cullface": "down"}, "east": {"uv": [11, 1, 12, 4], "rotation": 270, "texture": "#all", "cullface": "down"}, "south": {"uv": [5, 1, 12, 2], "texture": "#all", "cullface": "down"}, "west": {"uv": [5, 1, 6, 4], "rotation": 90, "texture": "#all", "cullface": "down"}, "down": {"uv": [5, 1, 12, 4], "texture": "#all", "cullface": "down"}}}, {"from": [5, -0.5, 0], "to": [12, 0, 3], "rotation": {"angle": 0, "axis": "y", "origin": [8, 8, 8]}, "faces": {"north": {"uv": [5, 15, 12, 16], "rotation": 180, "texture": "#all", "cullface": "down"}, "east": {"uv": [11, 13, 12, 16], "rotation": 270, "texture": "#all", "cullface": "down"}, "south": {"uv": [5, 13, 12, 14], "texture": "#all", "cullface": "down"}, "west": {"uv": [5, 13, 6, 16], "rotation": 90, "texture": "#all", "cullface": "down"}, "down": {"uv": [5, 13, 12, 16], "texture": "#all", "cullface": "down"}}}, {"from": [0, 0, 0], "to": [16, 8, 16], "rotation": {"angle": 0, "axis": "y", "origin": [8, 8, 8]}, "faces": {"north": {"uv": [0, 8, 16, 16], "texture": "#all", "cullface": "north"}, "east": {"uv": [0, 8, 16, 16], "texture": "#all", "cullface": "east"}, "south": {"uv": [0, 8, 16, 16], "texture": "#all", "cullface": "south"}, "west": {"uv": [0, 8, 16, 16], "texture": "#all", "cullface": "west"}, "up": {"uv": [0, 0, 16, 16], "texture": "#all"}, "down": {"uv": [0, 0, 16, 16], "texture": "#all", "cullface": "down"}}}, {"from": [8, 8, 0], "to": [16, 16, 8], "rotation": {"angle": 0, "axis": "y", "origin": [8, 8, 8]}, "faces": {"north": {"uv": [0, 0, 8, 8], "texture": "#all", "cullface": "north"}, "east": {"uv": [8, 0, 16, 8], "texture": "#all", "cullface": "east"}, "south": {"uv": [8, 0, 16, 8], "texture": "#all"}, "west": {"uv": [0, 0, 8, 8], "texture": "#all"}, "up": {"uv": [8, 0, 16, 8], "texture": "#all", "cullface": "up"}}}], "display": {"thirdperson_righthand": {"rotation": [75, 45, 0], "translation": [0, 2.5, 0], "scale": [0.375, 0.375, 0.375]}, "thirdperson_lefthand": {"rotation": [75, 45, 0], "translation": [0, 2.5, 0], "scale": [0.375, 0.375, 0.375]}, "firstperson_righthand": {"rotation": [0, 45, 0], "scale": [0.4, 0.4, 0.4]}, "firstperson_lefthand": {"rotation": [0, 225, 0], "scale": [0.4, 0.4, 0.4]}, "ground": {"translation": [0, 3, 0], "scale": [0.25, 0.25, 0.25]}, "gui": {"rotation": [30, 225, 0], "scale": [0.625, 0.625, 0.625]}, "fixed": {"scale": [0.5, 0.5, 0.5]}}, "groups": [{"name": "west", "origin": [8, 8, 8], "color": 0, "children": [0, 1, 2, 3, 4, 5, 6, 7, 8, 9, 10]}, {"name": "other north", "origin": [8, 8, 8], "color": 0, "children": [11, 12, 13]}, {"name": "north", "origin": [8, 8, 8], "color": 0, "children": [14, 15, 16, 17, 18, 19, 20, 21]}, {"name": "other east", "origin": [8, 8, 8], "color": 0, "children": [22, 23, 24]}, {"name": "east", "origin": [8, 8, 8], "color": 0, "children": [25, 26, 27, 28, 29, 30, 31, 32]}, {"name": "south", "origin": [8, 8, 8], "color": 0, "children": [33, 34, 35, 36, 37, 38, 39, 40, 41, 42, 43]}, {"name": "other up", "origin": [8, 8, 8], "color": 0, "children": [44, 45, 46, 47, 48, 49, 50, 51, 52, 53, 54]}, {"name": "up", "origin": [8, 8, 8], "color": 0, "children": [55, 56, 57]}, {"name": "down", "origin": [8, 8, 8], "color": 0, "children": [58, 59, 60, 61, 62, 63, 64, 65, 66, 67, 68, 69, 70]}, 71, 72]}