{"parent": "block/block", "textures": {"particle": "#wall"}, "elements": [{"name": "Center post", "from": [4, 0, 4], "to": [12, 16, 12], "faces": {"north": {"uv": [4, 0, 12, 16], "texture": "#wall"}, "east": {"uv": [4, 0, 12, 16], "texture": "#wall"}, "south": {"uv": [4, 0, 12, 16], "texture": "#wall"}, "west": {"uv": [4, 0, 12, 16], "texture": "#wall"}, "up": {"uv": [4, 4, 12, 12], "texture": "#wall", "cullface": "up"}, "down": {"uv": [4, 4, 12, 12], "texture": "#wall", "cullface": "down"}}}, {"from": [4, 0, 3.5], "to": [5, 1, 4], "faces": {"north": {"uv": [11, 15, 12, 16], "texture": "#wall"}, "east": {"uv": [11, 15, 12, 16], "texture": "#wall"}, "west": {"uv": [11, 15, 12, 16], "texture": "#wall"}, "up": {"uv": [10.9875, 14.9875, 11.9875, 15.9875], "texture": "#wall"}, "down": {"uv": [10.9875, 14.9875, 11.9875, 15.9875], "texture": "#wall"}}}, {"from": [4, 9, 3.5], "to": [5, 10, 4], "faces": {"north": {"uv": [11, 6, 12, 7], "texture": "#wall"}, "east": {"uv": [11, 6, 12, 7], "texture": "#wall"}, "west": {"uv": [11, 6, 12, 7], "texture": "#wall"}, "up": {"uv": [10.9875, 6, 11.9875, 7], "texture": "#wall"}, "down": {"uv": [10.9875, 6, 11.9875, 7], "texture": "#wall"}}}, {"from": [5, 10, 3.5], "to": [7, 11, 4], "faces": {"north": {"uv": [9, 5, 11, 6], "texture": "#wall"}, "east": {"uv": [9, 5, 10, 6], "texture": "#wall"}, "west": {"uv": [10, 5, 11, 6], "texture": "#wall"}, "up": {"uv": [9, 5, 11, 6], "rotation": 180, "texture": "#wall"}, "down": {"uv": [9, 5, 11, 6], "rotation": 180, "texture": "#wall"}}}, {"from": [4, 11, 3.5], "to": [6, 12, 4], "faces": {"north": {"uv": [10, 4, 12, 5], "texture": "#wall"}, "east": {"uv": [10, 4, 11, 5], "texture": "#wall"}, "west": {"uv": [11, 4, 12, 5], "texture": "#wall"}, "up": {"uv": [10, 4, 12, 5], "rotation": 180, "texture": "#wall"}, "down": {"uv": [10, 4, 12, 5], "rotation": 180, "texture": "#wall"}}}, {"from": [4, 12, 3.5], "to": [5, 13, 4], "faces": {"north": {"uv": [11, 3, 12, 4], "texture": "#wall"}, "east": {"uv": [11, 3, 12, 4], "texture": "#wall"}, "west": {"uv": [11, 3, 12, 4], "texture": "#wall"}, "up": {"uv": [10.9875, 3, 11.9875, 4], "texture": "#wall"}}}, {"from": [5, 15, 3.5], "to": [9, 16, 4], "faces": {"north": {"uv": [7, 0, 11, 1], "texture": "#wall"}, "east": {"uv": [7, 0, 8, 1], "texture": "#wall"}, "west": {"uv": [10, 0, 11, 1], "texture": "#wall"}, "up": {"uv": [7, 0, 11, 1], "rotation": 180, "texture": "#wall"}}}, {"from": [5, 14, 3.5], "to": [10, 15, 4], "faces": {"north": {"uv": [6, 1, 11, 2], "texture": "#wall"}, "east": {"uv": [6, 1, 7, 2], "texture": "#wall"}, "west": {"uv": [10, 1, 11, 2], "texture": "#wall"}, "up": {"uv": [6, 1, 11, 2], "rotation": 180, "texture": "#wall"}, "down": {"uv": [6, 1, 11, 2], "rotation": 180, "texture": "#wall"}}}, {"from": [6, 13, 3.5], "to": [10, 14, 4], "faces": {"north": {"uv": [6, 2, 10, 3], "texture": "#wall", "cullface": "north"}, "east": {"uv": [6, 2, 7, 3], "texture": "#wall", "cullface": "north"}, "west": {"uv": [9, 2, 10, 3], "texture": "#wall", "cullface": "north"}, "down": {"uv": [6, 2, 10, 3], "rotation": 180, "texture": "#wall", "cullface": "north"}}}, {"from": [7, 12, 3.5], "to": [10, 13, 4], "faces": {"north": {"uv": [6, 3, 9, 4], "texture": "#wall", "cullface": "north"}, "east": {"uv": [6, 3, 7, 4], "texture": "#wall", "cullface": "north"}, "west": {"uv": [8, 3, 9, 4], "texture": "#wall", "cullface": "north"}, "down": {"uv": [6, 3, 9, 4], "rotation": 180, "texture": "#wall", "cullface": "north"}}}, {"from": [8, 11, 3.5], "to": [9, 12, 4], "faces": {"north": {"uv": [7, 4, 8, 5], "texture": "#wall"}, "east": {"uv": [7, 4, 8, 5], "texture": "#wall"}, "west": {"uv": [7, 4, 8, 5], "texture": "#wall"}, "down": {"uv": [7, 4, 8, 5], "rotation": 180, "texture": "#wall"}}}, {"from": [6, 6, 3.5], "to": [11, 7, 4], "faces": {"north": {"uv": [5, 9, 10, 10], "texture": "#wall", "cullface": "north"}, "east": {"uv": [5, 9, 6, 10], "texture": "#wall", "cullface": "north"}, "west": {"uv": [9, 9, 10, 10], "texture": "#wall", "cullface": "north"}, "up": {"uv": [5, 9, 10, 10], "rotation": 180, "texture": "#wall", "cullface": "north"}, "down": {"uv": [5, 9, 10, 10], "rotation": 180, "texture": "#wall", "cullface": "north"}}}, {"from": [4, 7, 3.5], "to": [9, 8, 4], "faces": {"north": {"uv": [7, 8, 12, 9], "texture": "#wall"}, "east": {"uv": [7, 8, 8, 9], "texture": "#wall"}, "west": {"uv": [11, 8, 12, 9], "texture": "#wall"}, "up": {"uv": [7, 8, 12, 9], "rotation": 180, "texture": "#wall"}, "down": {"uv": [7, 8, 12, 9], "rotation": 180, "texture": "#wall"}}}, {"from": [5, 8, 3.5], "to": [8, 9, 4], "faces": {"north": {"uv": [8, 7, 11, 8], "texture": "#wall", "cullface": "north"}, "east": {"uv": [8, 7, 9, 8], "texture": "#wall", "cullface": "north"}, "west": {"uv": [10, 7, 11, 8], "texture": "#wall", "cullface": "north"}, "up": {"uv": [8, 7, 11, 8], "rotation": 180, "texture": "#wall", "cullface": "north"}}}, {"from": [9, 8, 3.5], "to": [12, 9, 4], "faces": {"north": {"uv": [4, 7, 7, 8], "texture": "#wall"}, "east": {"uv": [4, 7, 5, 8], "texture": "#wall"}, "west": {"uv": [6, 7, 7, 8], "texture": "#wall"}, "down": {"uv": [4, 7, 7, 8], "rotation": 180, "texture": "#wall"}}}, {"from": [9, 9, 3.5], "to": [12, 10, 4], "faces": {"north": {"uv": [4, 6, 7, 7], "texture": "#wall"}, "east": {"uv": [3, 6, 4, 7], "texture": "#wall"}, "west": {"uv": [6, 6, 7, 7], "texture": "#wall"}, "up": {"uv": [4, 6, 7, 7], "rotation": 180, "texture": "#wall"}}}, {"from": [10, 10, 3.5], "to": [12, 11, 4], "faces": {"north": {"uv": [4, 5, 6, 6], "texture": "#wall"}, "east": {"uv": [4, 5, 5, 6], "texture": "#wall"}, "west": {"uv": [5, 5, 6, 6], "texture": "#wall"}}}, {"from": [10, 11, 3.5], "to": [12, 12, 4], "faces": {"north": {"uv": [4, 4, 6, 5], "texture": "#wall"}, "east": {"uv": [4, 4, 5, 5], "texture": "#wall"}, "west": {"uv": [5, 4, 6, 5], "texture": "#wall"}, "up": {"uv": [4, 4, 6, 5], "rotation": 180, "texture": "#wall"}}}, {"from": [11, 13, 3.5], "to": [12, 15, 4], "faces": {"north": {"uv": [4, 1, 5, 3], "texture": "#wall"}, "east": {"uv": [4, 1, 5, 3], "texture": "#wall"}, "west": {"uv": [4, 1, 5, 3], "texture": "#wall"}, "up": {"uv": [4, 1, 5, 2], "rotation": 180, "texture": "#wall"}, "down": {"uv": [4, 2, 5, 3], "rotation": 180, "texture": "#wall"}}}, {"from": [11, 2, 3.5], "to": [12, 3, 4], "faces": {"north": {"uv": [4, 13, 5, 14], "texture": "#wall"}, "east": {"uv": [4, 13, 5, 14], "texture": "#wall"}, "west": {"uv": [4, 13, 5, 14], "texture": "#wall"}, "up": {"uv": [4, 13.01, 5, 14.01], "texture": "#wall"}}}, {"from": [10, 0, 3.5], "to": [12, 2, 4], "faces": {"north": {"uv": [4, 14, 6, 16], "texture": "#wall"}, "east": {"uv": [4, 14, 5, 16], "texture": "#wall"}, "west": {"uv": [5, 14, 6, 16], "texture": "#wall"}, "up": {"uv": [4, 14, 6, 15], "rotation": 180, "texture": "#wall"}, "down": {"uv": [4, 15, 6, 16], "rotation": 180, "texture": "#wall"}}}, {"from": [7, 0, 3.5], "to": [8, 1, 4], "faces": {"north": {"uv": [8, 15, 9, 16], "texture": "#wall", "cullface": "north"}, "east": {"uv": [8, 15, 9, 16], "texture": "#wall", "cullface": "north"}, "west": {"uv": [8, 15, 9, 16], "texture": "#wall", "cullface": "north"}, "down": {"uv": [8, 15, 9, 16], "rotation": 180, "texture": "#wall", "cullface": "north"}}}, {"from": [6, 1, 3.5], "to": [9, 2, 4], "faces": {"north": {"uv": [7, 14, 10, 15], "texture": "#wall", "cullface": "north"}, "east": {"uv": [7, 14, 8, 15], "texture": "#wall", "cullface": "north"}, "west": {"uv": [9, 14, 10, 15], "texture": "#wall", "cullface": "north"}, "down": {"uv": [7, 14, 10, 15], "rotation": 180, "texture": "#wall", "cullface": "north"}}}, {"from": [5, 2, 3.5], "to": [10, 4, 4], "faces": {"north": {"uv": [6, 12, 11, 14], "texture": "#wall", "cullface": "north"}, "east": {"uv": [6, 12, 7, 14], "texture": "#wall", "cullface": "north"}, "west": {"uv": [10, 12, 11, 14], "texture": "#wall", "cullface": "north"}, "up": {"uv": [6, 12, 11, 13], "rotation": 180, "texture": "#wall", "cullface": "north"}, "down": {"uv": [6, 13, 11, 14], "rotation": 180, "texture": "#wall", "cullface": "north"}}}, {"from": [6, 4, 3.5], "to": [10, 5, 4], "faces": {"north": {"uv": [6, 11, 10, 12], "texture": "#wall", "cullface": "north"}, "east": {"uv": [6, 11, 7, 12], "texture": "#wall", "cullface": "north"}, "west": {"uv": [9, 11, 10, 12], "texture": "#wall", "cullface": "north"}, "up": {"uv": [6, 11, 10, 12], "rotation": 180, "texture": "#wall", "cullface": "north"}}}, {"from": [12, 0, 4], "to": [12.5, 1, 5], "faces": {"north": {"uv": [11, 15, 12, 16], "texture": "#wall"}, "east": {"uv": [11, 15, 12, 16], "texture": "#wall"}, "south": {"uv": [11, 15, 12, 16], "texture": "#wall"}, "up": {"uv": [10.9875, 14.9875, 11.9875, 15.9875], "rotation": 90, "texture": "#wall"}, "down": {"uv": [10.9875, 14.9875, 11.9875, 15.9875], "rotation": 270, "texture": "#wall"}}}, {"from": [12, 9, 4], "to": [12.5, 10, 5], "faces": {"north": {"uv": [11, 6, 12, 7], "texture": "#wall"}, "east": {"uv": [11, 6, 12, 7], "texture": "#wall"}, "south": {"uv": [11, 6, 12, 7], "texture": "#wall"}, "up": {"uv": [10.9875, 6, 11.9875, 7], "rotation": 90, "texture": "#wall"}, "down": {"uv": [10.9875, 6, 11.9875, 7], "rotation": 270, "texture": "#wall"}}}, {"from": [12, 10, 5], "to": [12.5, 11, 7], "faces": {"north": {"uv": [10, 5, 11, 6], "texture": "#wall"}, "east": {"uv": [9, 5, 11, 6], "texture": "#wall"}, "south": {"uv": [9, 5, 10, 6], "texture": "#wall"}, "up": {"uv": [9, 5, 11, 6], "rotation": 270, "texture": "#wall"}, "down": {"uv": [9, 5, 11, 6], "rotation": 90, "texture": "#wall"}}}, {"from": [12, 11, 4], "to": [12.5, 12, 6], "faces": {"north": {"uv": [11, 4, 12, 5], "texture": "#wall"}, "east": {"uv": [10, 4, 12, 5], "texture": "#wall"}, "south": {"uv": [10, 4, 11, 5], "texture": "#wall"}, "up": {"uv": [10, 4, 12, 5], "rotation": 270, "texture": "#wall"}, "down": {"uv": [10, 4, 12, 5], "rotation": 90, "texture": "#wall"}}}, {"from": [12, 12, 4], "to": [12.5, 13, 5], "faces": {"north": {"uv": [11, 3, 12, 4], "texture": "#wall"}, "east": {"uv": [11, 3, 12, 4], "texture": "#wall"}, "south": {"uv": [11, 3, 12, 4], "texture": "#wall"}, "up": {"uv": [10.9875, 3, 11.9875, 4], "rotation": 90, "texture": "#wall"}}}, {"from": [12, 15, 5], "to": [12.5, 16, 9], "faces": {"north": {"uv": [10, 0, 11, 1], "texture": "#wall"}, "east": {"uv": [7, 0, 11, 1], "texture": "#wall"}, "south": {"uv": [7, 0, 8, 1], "texture": "#wall"}, "up": {"uv": [7, 0, 11, 1], "rotation": 270, "texture": "#wall"}}}, {"from": [12, 14, 5], "to": [12.5, 15, 10], "faces": {"north": {"uv": [10, 1, 11, 2], "texture": "#wall"}, "east": {"uv": [6, 1, 11, 2], "texture": "#wall"}, "south": {"uv": [6, 1, 7, 2], "texture": "#wall"}, "up": {"uv": [6, 1, 11, 2], "rotation": 270, "texture": "#wall"}, "down": {"uv": [6, 1, 11, 2], "rotation": 90, "texture": "#wall"}}}, {"from": [12, 13, 6], "to": [12.5, 14, 10], "faces": {"north": {"uv": [9, 2, 10, 3], "texture": "#wall", "cullface": "east"}, "east": {"uv": [6, 2, 10, 3], "texture": "#wall", "cullface": "east"}, "south": {"uv": [6, 2, 7, 3], "texture": "#wall", "cullface": "east"}, "down": {"uv": [6, 2, 10, 3], "rotation": 90, "texture": "#wall", "cullface": "east"}}}, {"from": [12, 12, 7], "to": [12.5, 13, 10], "faces": {"north": {"uv": [8, 3, 9, 4], "texture": "#wall", "cullface": "east"}, "east": {"uv": [6, 3, 9, 4], "texture": "#wall", "cullface": "east"}, "south": {"uv": [6, 3, 7, 4], "texture": "#wall", "cullface": "east"}, "down": {"uv": [6, 3, 9, 4], "rotation": 90, "texture": "#wall", "cullface": "east"}}}, {"from": [12, 11, 8], "to": [12.5, 12, 9], "faces": {"north": {"uv": [7, 4, 8, 5], "texture": "#wall"}, "east": {"uv": [7, 4, 8, 5], "texture": "#wall"}, "south": {"uv": [7, 4, 8, 5], "texture": "#wall"}, "down": {"uv": [7, 4, 8, 5], "rotation": 90, "texture": "#wall"}}}, {"from": [12, 6, 6], "to": [12.5, 7, 11], "faces": {"north": {"uv": [9, 9, 10, 10], "texture": "#wall", "cullface": "east"}, "east": {"uv": [5, 9, 10, 10], "texture": "#wall", "cullface": "east"}, "south": {"uv": [5, 9, 6, 10], "texture": "#wall", "cullface": "east"}, "up": {"uv": [5, 9, 10, 10], "rotation": 270, "texture": "#wall", "cullface": "east"}, "down": {"uv": [5, 9, 10, 10], "rotation": 90, "texture": "#wall", "cullface": "east"}}}, {"from": [12, 7, 4], "to": [12.5, 8, 9], "faces": {"north": {"uv": [11, 8, 12, 9], "texture": "#wall"}, "east": {"uv": [7, 8, 12, 9], "texture": "#wall"}, "south": {"uv": [7, 8, 8, 9], "texture": "#wall"}, "up": {"uv": [7, 8, 12, 9], "rotation": 270, "texture": "#wall"}, "down": {"uv": [7, 8, 12, 9], "rotation": 90, "texture": "#wall"}}}, {"from": [12, 8, 5], "to": [12.5, 9, 8], "faces": {"north": {"uv": [10, 7, 11, 8], "texture": "#wall", "cullface": "east"}, "east": {"uv": [8, 7, 11, 8], "texture": "#wall", "cullface": "east"}, "south": {"uv": [8, 7, 9, 8], "texture": "#wall", "cullface": "east"}, "up": {"uv": [8, 7, 11, 8], "rotation": 270, "texture": "#wall", "cullface": "east"}}}, {"from": [12, 8, 9], "to": [12.5, 9, 12], "faces": {"north": {"uv": [6, 7, 7, 8], "texture": "#wall"}, "east": {"uv": [4, 7, 7, 8], "texture": "#wall"}, "south": {"uv": [4, 7, 5, 8], "texture": "#wall"}, "down": {"uv": [4, 7, 7, 8], "rotation": 90, "texture": "#wall"}}}, {"from": [12, 9, 9], "to": [12.5, 10, 12], "faces": {"north": {"uv": [6, 6, 7, 7], "texture": "#wall"}, "east": {"uv": [4, 6, 7, 7], "texture": "#wall"}, "south": {"uv": [3, 6, 4, 7], "texture": "#wall"}, "up": {"uv": [3, 6, 7, 7], "rotation": 270, "texture": "#wall"}}}, {"from": [12, 10, 10], "to": [12.5, 11, 12], "faces": {"north": {"uv": [5, 5, 6, 6], "texture": "#wall"}, "east": {"uv": [4, 5, 6, 6], "texture": "#wall"}, "south": {"uv": [4, 5, 5, 6], "texture": "#wall"}}}, {"from": [12, 11, 10], "to": [12.5, 12, 12], "faces": {"north": {"uv": [5, 4, 6, 5], "texture": "#wall"}, "east": {"uv": [4, 4, 6, 5], "texture": "#wall"}, "south": {"uv": [4, 4, 5, 5], "texture": "#wall"}, "up": {"uv": [4, 4, 6, 5], "rotation": 270, "texture": "#wall"}}}, {"from": [12, 13, 11], "to": [12.5, 15, 12], "faces": {"north": {"uv": [4, 1, 5, 3], "texture": "#wall"}, "east": {"uv": [4, 1, 5, 3], "texture": "#wall"}, "south": {"uv": [4, 1, 5, 3], "texture": "#wall"}, "up": {"uv": [4, 1, 5, 2], "rotation": 270, "texture": "#wall"}, "down": {"uv": [4, 2, 5, 3], "rotation": 90, "texture": "#wall"}}}, {"from": [12, 2, 11], "to": [12.5, 3, 12], "faces": {"north": {"uv": [4, 13, 5, 14], "texture": "#wall"}, "east": {"uv": [4, 13, 5, 14], "texture": "#wall"}, "south": {"uv": [4, 13, 5, 14], "texture": "#wall"}, "up": {"uv": [4, 13.01, 5, 14.01], "rotation": 90, "texture": "#wall"}}}, {"from": [12, 0, 10], "to": [12.5, 2, 12], "faces": {"north": {"uv": [5, 14, 6, 16], "texture": "#wall"}, "east": {"uv": [4, 14, 6, 16], "texture": "#wall"}, "south": {"uv": [4, 14, 5, 16], "texture": "#wall"}, "up": {"uv": [4, 14, 6, 15], "rotation": 270, "texture": "#wall"}, "down": {"uv": [4, 15, 6, 16], "rotation": 90, "texture": "#wall"}}}, {"from": [12, 0, 7], "to": [12.5, 1, 8], "faces": {"north": {"uv": [8, 15, 9, 16], "texture": "#wall", "cullface": "east"}, "east": {"uv": [8, 15, 9, 16], "texture": "#wall", "cullface": "east"}, "south": {"uv": [8, 15, 9, 16], "texture": "#wall", "cullface": "east"}, "down": {"uv": [8, 15, 9, 16], "rotation": 90, "texture": "#wall", "cullface": "east"}}}, {"from": [12, 1, 6], "to": [12.5, 2, 9], "faces": {"north": {"uv": [9, 14, 10, 15], "texture": "#wall", "cullface": "east"}, "east": {"uv": [7, 14, 10, 15], "texture": "#wall", "cullface": "east"}, "south": {"uv": [7, 14, 8, 15], "texture": "#wall", "cullface": "east"}, "down": {"uv": [7, 14, 10, 15], "rotation": 90, "texture": "#wall", "cullface": "east"}}}, {"from": [12, 2, 5], "to": [12.5, 4, 10], "faces": {"north": {"uv": [10, 12, 11, 14], "texture": "#wall", "cullface": "east"}, "east": {"uv": [6, 12, 11, 14], "texture": "#wall", "cullface": "east"}, "south": {"uv": [6, 12, 7, 14], "texture": "#wall", "cullface": "east"}, "up": {"uv": [6, 12, 11, 13], "rotation": 270, "texture": "#wall", "cullface": "east"}, "down": {"uv": [6, 13, 11, 14], "rotation": 90, "texture": "#wall", "cullface": "east"}}}, {"from": [12, 4, 6], "to": [12.5, 5, 10], "faces": {"north": {"uv": [9, 11, 10, 12], "texture": "#wall", "cullface": "east"}, "east": {"uv": [6, 11, 10, 12], "texture": "#wall", "cullface": "east"}, "south": {"uv": [6, 11, 7, 12], "texture": "#wall", "cullface": "east"}, "up": {"uv": [6, 11, 10, 12], "rotation": 270, "texture": "#wall", "cullface": "east"}}}, {"from": [11, 0, 12], "to": [12, 1, 12.5], "faces": {"east": {"uv": [11, 15, 12, 16], "texture": "#wall"}, "south": {"uv": [11, 15, 12, 16], "texture": "#wall"}, "west": {"uv": [11, 15, 12, 16], "texture": "#wall"}, "up": {"uv": [10.9875, 14.9875, 11.9875, 15.9875], "rotation": 180, "texture": "#wall"}, "down": {"uv": [10.9875, 14.9875, 11.9875, 15.9875], "rotation": 180, "texture": "#wall"}}}, {"from": [11, 9, 12], "to": [12, 10, 12.5], "faces": {"east": {"uv": [11, 6, 12, 7], "texture": "#wall"}, "south": {"uv": [11, 6, 12, 7], "texture": "#wall"}, "west": {"uv": [11, 6, 12, 7], "texture": "#wall"}, "up": {"uv": [10.9875, 6, 11.9875, 7], "rotation": 180, "texture": "#wall"}, "down": {"uv": [10.9875, 6, 11.9875, 7], "rotation": 180, "texture": "#wall"}}}, {"from": [9, 10, 12], "to": [11, 11, 12.5], "faces": {"east": {"uv": [10, 5, 11, 6], "texture": "#wall"}, "south": {"uv": [9, 5, 11, 6], "texture": "#wall"}, "west": {"uv": [9, 5, 10, 6], "texture": "#wall"}, "up": {"uv": [9, 5, 11, 6], "texture": "#wall"}, "down": {"uv": [9, 5, 11, 6], "texture": "#wall"}}}, {"from": [10, 11, 12], "to": [12, 12, 12.5], "faces": {"east": {"uv": [11, 4, 12, 5], "texture": "#wall"}, "south": {"uv": [10, 4, 12, 5], "texture": "#wall"}, "west": {"uv": [10, 4, 11, 5], "texture": "#wall"}, "up": {"uv": [10, 4, 12, 5], "texture": "#wall"}, "down": {"uv": [10, 4, 12, 5], "texture": "#wall"}}}, {"from": [11, 12, 12], "to": [12, 13, 12.5], "faces": {"east": {"uv": [11, 3, 12, 4], "texture": "#wall"}, "south": {"uv": [11, 3, 12, 4], "texture": "#wall"}, "west": {"uv": [11, 3, 12, 4], "texture": "#wall"}, "up": {"uv": [10.9875, 3, 11.9875, 4], "rotation": 180, "texture": "#wall"}}}, {"from": [7, 15, 12], "to": [11, 16, 12.5], "faces": {"east": {"uv": [10, 0, 11, 1], "texture": "#wall"}, "south": {"uv": [7, 0, 11, 1], "texture": "#wall"}, "west": {"uv": [7, 0, 8, 1], "texture": "#wall"}, "up": {"uv": [7, 0, 11, 1], "texture": "#wall"}}}, {"from": [6, 14, 12], "to": [11, 15, 12.5], "faces": {"east": {"uv": [10, 1, 11, 2], "texture": "#wall"}, "south": {"uv": [6, 1, 11, 2], "texture": "#wall"}, "west": {"uv": [6, 1, 7, 2], "texture": "#wall"}, "up": {"uv": [6, 1, 11, 2], "texture": "#wall"}, "down": {"uv": [6, 1, 11, 2], "texture": "#wall"}}}, {"from": [6, 13, 12], "to": [10, 14, 12.5], "faces": {"east": {"uv": [9, 2, 10, 3], "texture": "#wall", "cullface": "south"}, "south": {"uv": [6, 2, 10, 3], "texture": "#wall", "cullface": "south"}, "west": {"uv": [6, 2, 7, 3], "texture": "#wall", "cullface": "south"}, "down": {"uv": [6, 2, 10, 3], "texture": "#wall", "cullface": "south"}}}, {"from": [6, 12, 12], "to": [9, 13, 12.5], "faces": {"east": {"uv": [8, 3, 9, 4], "texture": "#wall", "cullface": "south"}, "south": {"uv": [6, 3, 9, 4], "texture": "#wall", "cullface": "south"}, "west": {"uv": [6, 3, 7, 4], "texture": "#wall", "cullface": "south"}, "down": {"uv": [6, 3, 9, 4], "texture": "#wall", "cullface": "south"}}}, {"from": [7, 11, 12], "to": [8, 12, 12.5], "faces": {"east": {"uv": [7, 4, 8, 5], "texture": "#wall"}, "south": {"uv": [7, 4, 8, 5], "texture": "#wall"}, "west": {"uv": [7, 4, 8, 5], "texture": "#wall"}, "down": {"uv": [7, 4, 8, 5], "texture": "#wall"}}}, {"from": [5, 6, 12], "to": [10, 7, 12.5], "faces": {"east": {"uv": [9, 9, 10, 10], "texture": "#wall", "cullface": "south"}, "south": {"uv": [5, 9, 10, 10], "texture": "#wall", "cullface": "south"}, "west": {"uv": [5, 9, 6, 10], "texture": "#wall", "cullface": "south"}, "up": {"uv": [5, 9, 10, 10], "texture": "#wall", "cullface": "south"}, "down": {"uv": [5, 9, 10, 10], "texture": "#wall", "cullface": "south"}}}, {"from": [7, 7, 12], "to": [12, 8, 12.5], "faces": {"east": {"uv": [11, 8, 12, 9], "texture": "#wall"}, "south": {"uv": [7, 8, 12, 9], "texture": "#wall"}, "west": {"uv": [7, 8, 8, 9], "texture": "#wall"}, "up": {"uv": [7, 8, 12, 9], "texture": "#wall"}, "down": {"uv": [7, 8, 12, 9], "texture": "#wall"}}}, {"from": [8, 8, 12], "to": [11, 9, 12.5], "faces": {"east": {"uv": [10, 7, 11, 8], "texture": "#wall", "cullface": "south"}, "south": {"uv": [8, 7, 11, 8], "texture": "#wall", "cullface": "south"}, "west": {"uv": [8, 7, 9, 8], "texture": "#wall", "cullface": "south"}, "up": {"uv": [8, 7, 11, 8], "texture": "#wall", "cullface": "south"}}}, {"from": [4, 8, 12], "to": [7, 9, 12.5], "faces": {"east": {"uv": [6, 7, 7, 8], "texture": "#wall"}, "south": {"uv": [4, 7, 7, 8], "texture": "#wall"}, "west": {"uv": [4, 7, 5, 8], "texture": "#wall"}, "down": {"uv": [4, 7, 7, 8], "texture": "#wall"}}}, {"from": [4, 9, 12], "to": [7, 10, 12.5], "faces": {"east": {"uv": [6, 6, 7, 7], "texture": "#wall"}, "south": {"uv": [4, 6, 7, 7], "texture": "#wall"}, "west": {"uv": [3, 6, 4, 7], "texture": "#wall"}, "up": {"uv": [3, 6, 7, 7], "texture": "#wall"}}}, {"from": [4, 10, 12], "to": [6, 11, 12.5], "faces": {"east": {"uv": [5, 5, 6, 6], "texture": "#wall"}, "south": {"uv": [4, 5, 6, 6], "texture": "#wall"}, "west": {"uv": [4, 5, 5, 6], "texture": "#wall"}}}, {"from": [4, 11, 12], "to": [6, 12, 12.5], "faces": {"east": {"uv": [5, 4, 6, 5], "texture": "#wall"}, "south": {"uv": [4, 4, 6, 5], "texture": "#wall"}, "west": {"uv": [4, 4, 5, 5], "texture": "#wall"}, "up": {"uv": [4, 4, 6, 5], "texture": "#wall"}}}, {"from": [4, 13, 12], "to": [5, 15, 12.5], "faces": {"east": {"uv": [4, 1, 5, 3], "texture": "#wall"}, "south": {"uv": [4, 1, 5, 3], "texture": "#wall"}, "west": {"uv": [4, 1, 5, 3], "texture": "#wall"}, "up": {"uv": [4, 1, 5, 2], "texture": "#wall"}, "down": {"uv": [4, 2, 5, 3], "texture": "#wall"}}}, {"from": [4, 2, 12], "to": [5, 3, 12.5], "faces": {"east": {"uv": [4, 13, 5, 14], "texture": "#wall"}, "south": {"uv": [4, 13, 5, 14], "texture": "#wall"}, "west": {"uv": [4, 13, 5, 14], "texture": "#wall"}, "up": {"uv": [4, 13.01, 5, 14.01], "rotation": 180, "texture": "#wall"}}}, {"from": [4, 0, 12], "to": [6, 2, 12.5], "faces": {"east": {"uv": [5, 14, 6, 16], "texture": "#wall"}, "south": {"uv": [4, 14, 6, 16], "texture": "#wall"}, "west": {"uv": [4, 14, 5, 16], "texture": "#wall"}, "up": {"uv": [4, 14, 6, 15], "texture": "#wall"}, "down": {"uv": [4, 15, 6, 16], "texture": "#wall"}}}, {"from": [8, 0, 12], "to": [9, 1, 12.5], "faces": {"east": {"uv": [8, 15, 9, 16], "texture": "#wall", "cullface": "south"}, "south": {"uv": [8, 15, 9, 16], "texture": "#wall", "cullface": "south"}, "west": {"uv": [8, 15, 9, 16], "texture": "#wall", "cullface": "south"}, "down": {"uv": [8, 15, 9, 16], "texture": "#wall", "cullface": "south"}}}, {"from": [7, 1, 12], "to": [10, 2, 12.5], "faces": {"east": {"uv": [9, 14, 10, 15], "texture": "#wall", "cullface": "south"}, "south": {"uv": [7, 14, 10, 15], "texture": "#wall", "cullface": "south"}, "west": {"uv": [7, 14, 8, 15], "texture": "#wall", "cullface": "south"}, "down": {"uv": [7, 14, 10, 15], "texture": "#wall", "cullface": "south"}}}, {"from": [6, 2, 12], "to": [11, 4, 12.5], "faces": {"east": {"uv": [10, 12, 11, 14], "texture": "#wall", "cullface": "south"}, "south": {"uv": [6, 12, 11, 14], "texture": "#wall", "cullface": "south"}, "west": {"uv": [6, 12, 7, 14], "texture": "#wall", "cullface": "south"}, "up": {"uv": [6, 12, 11, 13], "texture": "#wall", "cullface": "south"}, "down": {"uv": [6, 13, 11, 14], "texture": "#wall", "cullface": "south"}}}, {"from": [6, 4, 12], "to": [10, 5, 12.5], "faces": {"east": {"uv": [9, 11, 10, 12], "texture": "#wall", "cullface": "south"}, "south": {"uv": [6, 11, 10, 12], "texture": "#wall", "cullface": "south"}, "west": {"uv": [6, 11, 7, 12], "texture": "#wall", "cullface": "south"}, "up": {"uv": [6, 11, 10, 12], "texture": "#wall", "cullface": "south"}}}, {"from": [3.5, 0, 11], "to": [4, 1, 12], "faces": {"north": {"uv": [11, 15, 12, 16], "texture": "#wall"}, "south": {"uv": [11, 15, 12, 16], "texture": "#wall"}, "west": {"uv": [11, 15, 12, 16], "texture": "#wall"}, "up": {"uv": [10.9875, 14.9875, 11.9875, 15.9875], "rotation": 270, "texture": "#wall"}, "down": {"uv": [10.9875, 14.9875, 11.9875, 15.9875], "rotation": 90, "texture": "#wall"}}}, {"from": [3.5, 9, 11], "to": [4, 10, 12], "faces": {"north": {"uv": [11, 6, 12, 7], "texture": "#wall"}, "south": {"uv": [11, 6, 12, 7], "texture": "#wall"}, "west": {"uv": [11, 6, 12, 7], "texture": "#wall"}, "up": {"uv": [10.9875, 6, 11.9875, 7], "rotation": 270, "texture": "#wall"}, "down": {"uv": [10.9875, 6, 11.9875, 7], "rotation": 90, "texture": "#wall"}}}, {"from": [3.5, 10, 9], "to": [4, 11, 11], "faces": {"north": {"uv": [9, 5, 10, 6], "texture": "#wall"}, "south": {"uv": [10, 5, 11, 6], "texture": "#wall"}, "west": {"uv": [9, 5, 11, 6], "texture": "#wall"}, "up": {"uv": [9, 5, 11, 6], "rotation": 90, "texture": "#wall"}, "down": {"uv": [9, 5, 11, 6], "rotation": 270, "texture": "#wall"}}}, {"from": [3.5, 11, 10], "to": [4, 12, 12], "faces": {"north": {"uv": [10, 4, 11, 5], "texture": "#wall"}, "south": {"uv": [11, 4, 12, 5], "texture": "#wall"}, "west": {"uv": [10, 4, 12, 5], "texture": "#wall"}, "up": {"uv": [10, 4, 12, 5], "rotation": 90, "texture": "#wall"}, "down": {"uv": [10, 4, 12, 5], "rotation": 270, "texture": "#wall"}}}, {"from": [3.5, 12, 11], "to": [4, 13, 12], "faces": {"north": {"uv": [11, 3, 12, 4], "texture": "#wall"}, "south": {"uv": [11, 3, 12, 4], "texture": "#wall"}, "west": {"uv": [11, 3, 12, 4], "texture": "#wall"}, "up": {"uv": [10.9875, 3, 11.9875, 4], "rotation": 270, "texture": "#wall"}}}, {"from": [3.5, 15, 7], "to": [4, 16, 11], "faces": {"north": {"uv": [7, 0, 8, 1], "texture": "#wall"}, "south": {"uv": [10, 0, 11, 1], "texture": "#wall"}, "west": {"uv": [7, 0, 11, 1], "texture": "#wall"}, "up": {"uv": [7, 0, 11, 1], "rotation": 90, "texture": "#wall"}}}, {"from": [3.5, 14, 6], "to": [4, 15, 11], "faces": {"north": {"uv": [6, 1, 7, 2], "texture": "#wall"}, "south": {"uv": [10, 1, 11, 2], "texture": "#wall"}, "west": {"uv": [6, 1, 11, 2], "texture": "#wall"}, "up": {"uv": [6, 1, 11, 2], "rotation": 90, "texture": "#wall"}, "down": {"uv": [6, 1, 11, 2], "rotation": 270, "texture": "#wall"}}}, {"from": [3.5, 13, 6], "to": [4, 14, 10], "faces": {"north": {"uv": [6, 2, 7, 3], "texture": "#wall", "cullface": "west"}, "south": {"uv": [9, 2, 10, 3], "texture": "#wall", "cullface": "west"}, "west": {"uv": [6, 2, 10, 3], "texture": "#wall", "cullface": "west"}, "down": {"uv": [6, 2, 10, 3], "rotation": 270, "texture": "#wall", "cullface": "west"}}}, {"from": [3.5, 12, 6], "to": [4, 13, 9], "faces": {"north": {"uv": [6, 3, 7, 4], "texture": "#wall", "cullface": "west"}, "south": {"uv": [8, 3, 9, 4], "texture": "#wall", "cullface": "west"}, "west": {"uv": [6, 3, 9, 4], "texture": "#wall", "cullface": "west"}, "down": {"uv": [6, 3, 9, 4], "rotation": 270, "texture": "#wall", "cullface": "west"}}}, {"from": [3.5, 11, 7], "to": [4, 12, 8], "faces": {"north": {"uv": [7, 4, 8, 5], "texture": "#wall"}, "south": {"uv": [7, 4, 8, 5], "texture": "#wall"}, "west": {"uv": [7, 4, 8, 5], "texture": "#wall"}, "down": {"uv": [7, 4, 8, 5], "rotation": 270, "texture": "#wall"}}}, {"from": [3.5, 6, 5], "to": [4, 7, 10], "faces": {"north": {"uv": [5, 9, 6, 10], "texture": "#wall", "cullface": "west"}, "south": {"uv": [9, 9, 10, 10], "texture": "#wall", "cullface": "west"}, "west": {"uv": [5, 9, 10, 10], "texture": "#wall", "cullface": "west"}, "up": {"uv": [5, 9, 10, 10], "rotation": 90, "texture": "#wall", "cullface": "west"}, "down": {"uv": [5, 9, 10, 10], "rotation": 270, "texture": "#wall", "cullface": "west"}}}, {"from": [3.5, 7, 7], "to": [4, 8, 12], "faces": {"north": {"uv": [7, 8, 8, 9], "texture": "#wall"}, "south": {"uv": [11, 8, 12, 9], "texture": "#wall"}, "west": {"uv": [7, 8, 12, 9], "texture": "#wall"}, "up": {"uv": [7, 8, 12, 9], "rotation": 90, "texture": "#wall"}, "down": {"uv": [7, 8, 12, 9], "rotation": 270, "texture": "#wall"}}}, {"from": [3.5, 8, 8], "to": [4, 9, 11], "faces": {"north": {"uv": [8, 7, 9, 8], "texture": "#wall", "cullface": "west"}, "south": {"uv": [10, 7, 11, 8], "texture": "#wall", "cullface": "west"}, "west": {"uv": [8, 7, 11, 8], "texture": "#wall", "cullface": "west"}, "up": {"uv": [8, 7, 11, 8], "rotation": 90, "texture": "#wall", "cullface": "west"}}}, {"from": [3.5, 8, 4], "to": [4, 9, 7], "faces": {"north": {"uv": [4, 7, 5, 8], "texture": "#wall"}, "south": {"uv": [6, 7, 7, 8], "texture": "#wall"}, "west": {"uv": [4, 7, 7, 8], "texture": "#wall"}, "down": {"uv": [4, 7, 7, 8], "rotation": 270, "texture": "#wall"}}}, {"from": [3.5, 9, 4], "to": [4, 10, 7], "faces": {"north": {"uv": [3, 6, 4, 7], "texture": "#wall"}, "south": {"uv": [6, 6, 7, 7], "texture": "#wall"}, "west": {"uv": [4, 6, 7, 7], "texture": "#wall"}, "up": {"uv": [3, 6, 7, 7], "rotation": 90, "texture": "#wall"}}}, {"from": [3.5, 10, 4], "to": [4, 11, 6], "faces": {"north": {"uv": [4, 5, 5, 6], "texture": "#wall"}, "south": {"uv": [5, 5, 6, 6], "texture": "#wall"}, "west": {"uv": [4, 5, 6, 6], "texture": "#wall"}}}, {"from": [3.5, 11, 4], "to": [4, 12, 6], "faces": {"north": {"uv": [4, 4, 5, 5], "texture": "#wall"}, "south": {"uv": [5, 4, 6, 5], "texture": "#wall"}, "west": {"uv": [4, 4, 6, 5], "texture": "#wall"}, "up": {"uv": [4, 4, 6, 5], "rotation": 90, "texture": "#wall"}}}, {"from": [3.5, 13, 4], "to": [4, 15, 5], "faces": {"north": {"uv": [4, 1, 5, 3], "texture": "#wall"}, "south": {"uv": [4, 1, 5, 3], "texture": "#wall"}, "west": {"uv": [4, 1, 5, 3], "texture": "#wall"}, "up": {"uv": [4, 1, 5, 2], "rotation": 90, "texture": "#wall"}, "down": {"uv": [4, 2, 5, 3], "rotation": 270, "texture": "#wall"}}}, {"from": [3.5, 2, 4], "to": [4, 3, 5], "faces": {"north": {"uv": [4, 13, 5, 14], "texture": "#wall"}, "south": {"uv": [4, 13, 5, 14], "texture": "#wall"}, "west": {"uv": [4, 13, 5, 14], "texture": "#wall"}, "up": {"uv": [4, 13.01, 5, 14.01], "rotation": 270, "texture": "#wall"}}}, {"from": [3.5, 0, 4], "to": [4, 2, 6], "faces": {"north": {"uv": [4, 14, 5, 16], "texture": "#wall"}, "south": {"uv": [5, 14, 6, 16], "texture": "#wall"}, "west": {"uv": [4, 14, 6, 16], "texture": "#wall"}, "up": {"uv": [4, 14, 6, 15], "rotation": 90, "texture": "#wall"}, "down": {"uv": [4, 15, 6, 16], "rotation": 270, "texture": "#wall"}}}, {"from": [3.5, 0, 8], "to": [4, 1, 9], "faces": {"north": {"uv": [8, 15, 9, 16], "texture": "#wall", "cullface": "west"}, "south": {"uv": [8, 15, 9, 16], "texture": "#wall", "cullface": "west"}, "west": {"uv": [8, 15, 9, 16], "texture": "#wall", "cullface": "west"}, "down": {"uv": [8, 15, 9, 16], "rotation": 270, "texture": "#wall", "cullface": "west"}}}, {"from": [3.5, 1, 7], "to": [4, 2, 10], "faces": {"north": {"uv": [7, 14, 8, 15], "texture": "#wall", "cullface": "west"}, "south": {"uv": [9, 14, 10, 15], "texture": "#wall", "cullface": "west"}, "west": {"uv": [7, 14, 10, 15], "texture": "#wall", "cullface": "west"}, "down": {"uv": [7, 14, 10, 15], "rotation": 270, "texture": "#wall", "cullface": "west"}}}, {"from": [3.5, 2, 6], "to": [4, 4, 11], "faces": {"north": {"uv": [6, 12, 7, 14], "texture": "#wall", "cullface": "west"}, "south": {"uv": [10, 12, 11, 14], "texture": "#wall", "cullface": "west"}, "west": {"uv": [6, 12, 11, 14], "texture": "#wall", "cullface": "west"}, "up": {"uv": [6, 12, 11, 13], "rotation": 90, "texture": "#wall", "cullface": "west"}, "down": {"uv": [6, 13, 11, 14], "rotation": 270, "texture": "#wall", "cullface": "west"}}}, {"from": [3.5, 4, 6], "to": [4, 5, 10], "faces": {"north": {"uv": [6, 11, 7, 12], "texture": "#wall", "cullface": "west"}, "south": {"uv": [9, 11, 10, 12], "texture": "#wall", "cullface": "west"}, "west": {"uv": [6, 11, 10, 12], "texture": "#wall", "cullface": "west"}, "up": {"uv": [6, 11, 10, 12], "rotation": 90, "texture": "#wall", "cullface": "west"}}}, {"from": [11, 16, 6], "to": [12, 16.5, 7], "faces": {"east": {"uv": [11, 6, 12, 7], "texture": "#wall", "cullface": "up"}, "south": {"uv": [11, 6, 12, 7], "texture": "#wall", "cullface": "up"}, "west": {"uv": [11, 6, 12, 7], "texture": "#wall", "cullface": "up"}, "up": {"uv": [10.9875, 6, 11.9875, 7], "texture": "#wall", "cullface": "up"}}}, {"from": [9, 16, 5], "to": [12, 16.5, 6], "faces": {"north": {"uv": [9, 5, 14, 6], "rotation": 180, "texture": "#wall", "cullface": "up"}, "east": {"uv": [11, 5, 12, 6], "rotation": 90, "texture": "#wall", "cullface": "up"}, "south": {"uv": [9, 5, 12, 6], "texture": "#wall", "cullface": "up"}, "west": {"uv": [9, 5, 10, 6], "rotation": 270, "texture": "#wall", "cullface": "up"}, "up": {"uv": [8.9875, 5.01, 11.9875, 6.01], "texture": "#wall", "cullface": "up"}}}, {"from": [10, 16, 4], "to": [12, 16.5, 5], "faces": {"north": {"uv": [10, 4, 12, 5], "rotation": 180, "texture": "#wall", "cullface": "up"}, "east": {"uv": [11, 4, 12, 5], "rotation": 90, "texture": "#wall", "cullface": "up"}, "west": {"uv": [10, 4, 11, 5], "rotation": 270, "texture": "#wall", "cullface": "up"}, "up": {"uv": [10, 4.0125, 12, 5.0125], "texture": "#wall", "cullface": "up"}}}, {"from": [7, 16, 4], "to": [8, 16.5, 5], "faces": {"north": {"uv": [7, 4, 8, 5], "texture": "#wall", "cullface": "up"}, "east": {"uv": [7, 4, 8, 5], "rotation": 90, "texture": "#wall", "cullface": "up"}, "south": {"uv": [7, 4, 8, 5], "texture": "#wall", "cullface": "up"}, "west": {"uv": [7, 4, 8, 5], "rotation": 270, "texture": "#wall", "cullface": "up"}, "up": {"uv": [7, 4, 8, 5], "texture": "#wall", "cullface": "up"}}}, {"from": [5, 16, 9], "to": [10, 16.5, 10], "faces": {"north": {"uv": [5, 9, 10, 10], "rotation": 180, "texture": "#wall", "cullface": "up"}, "east": {"uv": [9, 9, 10, 10], "rotation": 90, "texture": "#wall", "cullface": "up"}, "south": {"uv": [5, 9, 10, 10], "texture": "#wall", "cullface": "up"}, "west": {"uv": [5, 9, 6, 10], "rotation": 270, "texture": "#wall", "cullface": "up"}, "up": {"uv": [5, 9, 10, 10], "texture": "#wall", "cullface": "up"}}}, {"from": [7, 16, 8], "to": [12, 16.5, 9], "faces": {"north": {"uv": [7, 8, 12, 9], "rotation": 180, "texture": "#wall", "cullface": "up"}, "east": {"uv": [11, 8, 12, 9], "rotation": 90, "texture": "#wall", "cullface": "up"}, "south": {"uv": [7, 8, 12, 9], "texture": "#wall", "cullface": "up"}, "west": {"uv": [7, 8, 8, 9], "rotation": 270, "texture": "#wall", "cullface": "up"}, "up": {"uv": [7, 8, 12, 9], "texture": "#wall", "cullface": "up"}}}, {"from": [8, 16, 7], "to": [11, 16.5, 8], "faces": {"north": {"uv": [8, 7, 11, 8], "rotation": 180, "texture": "#wall", "cullface": "up"}, "east": {"uv": [10, 7, 11, 8], "rotation": 90, "texture": "#wall", "cullface": "up"}, "west": {"uv": [8, 7, 9, 8], "rotation": 270, "texture": "#wall", "cullface": "up"}, "up": {"uv": [8, 7, 11, 8], "texture": "#wall", "cullface": "up"}}}, {"from": [4, 16, 7], "to": [7, 16.5, 8], "faces": {"east": {"uv": [6, 7, 7, 8], "rotation": 90, "texture": "#wall", "cullface": "up"}, "south": {"uv": [4, 7, 7, 8], "texture": "#wall", "cullface": "up"}, "west": {"uv": [4, 7, 5, 8], "rotation": 270, "texture": "#wall", "cullface": "up"}, "up": {"uv": [4, 7, 7, 8], "texture": "#wall", "cullface": "up"}}}, {"from": [4, 16, 6], "to": [7, 16.5, 7], "faces": {"north": {"uv": [3, 6, 7, 7], "rotation": 180, "texture": "#wall", "cullface": "up"}, "east": {"uv": [6, 6, 7, 7], "rotation": 90, "texture": "#wall", "cullface": "up"}, "west": {"uv": [4, 6, 5, 7], "rotation": 270, "texture": "#wall", "cullface": "up"}, "up": {"uv": [4, 6.01, 7, 7.01], "texture": "#wall", "cullface": "up"}}}, {"from": [4, 16, 5], "to": [6, 16.5, 6], "faces": {"east": {"uv": [5, 5, 6, 6], "rotation": 90, "texture": "#wall", "cullface": "up"}, "west": {"uv": [4, 5, 5, 6], "rotation": 270, "texture": "#wall", "cullface": "up"}, "up": {"uv": [4.0125, 5.0125, 6.0125, 6.0125], "texture": "#wall", "cullface": "up"}}}, {"from": [4, 16, 4], "to": [6, 16.5, 5], "faces": {"north": {"uv": [4, 4, 6, 5], "rotation": 180, "texture": "#wall", "cullface": "up"}, "east": {"uv": [5, 4, 6, 5], "rotation": 90, "texture": "#wall", "cullface": "up"}, "west": {"uv": [4, 4, 5, 5], "rotation": 270, "texture": "#wall", "cullface": "up"}, "up": {"uv": [4, 4, 6, 5], "texture": "#wall", "cullface": "up"}}}, {"from": [6, 16, 11], "to": [10, 16.5, 12], "faces": {"north": {"uv": [6, 11, 10, 12], "rotation": 180, "texture": "#wall", "cullface": "up"}, "east": {"uv": [9, 11, 10, 12], "rotation": 90, "texture": "#wall", "cullface": "up"}, "south": {"uv": [6, 11, 10, 12], "texture": "#wall", "cullface": "up"}, "west": {"uv": [6, 11, 7, 12], "rotation": 270, "texture": "#wall", "cullface": "up"}, "up": {"uv": [6, 11, 10, 12], "texture": "#wall", "cullface": "up"}}}, {"from": [4, -0.5, 6], "to": [5, 0, 7], "faces": {"east": {"uv": [11, 6, 12, 7], "rotation": 180, "texture": "#wall", "cullface": "down"}, "south": {"uv": [11, 6, 12, 7], "rotation": 180, "texture": "#wall", "cullface": "down"}, "west": {"uv": [11, 6, 12, 7], "rotation": 180, "texture": "#wall", "cullface": "down"}, "down": {"uv": [10.9875, 6, 11.9875, 7], "rotation": 180, "texture": "#wall", "cullface": "down"}}}, {"from": [4, -0.5, 5], "to": [7, 0, 6], "faces": {"north": {"uv": [9, 5, 14, 6], "texture": "#wall", "cullface": "down"}, "east": {"uv": [9, 5, 10, 6], "rotation": 90, "texture": "#wall", "cullface": "down"}, "south": {"uv": [9, 5, 12, 6], "rotation": 180, "texture": "#wall", "cullface": "down"}, "west": {"uv": [11, 5, 12, 6], "rotation": 270, "texture": "#wall", "cullface": "down"}, "down": {"uv": [8.9875, 5.01, 11.9875, 6.01], "rotation": 180, "texture": "#wall", "cullface": "down"}}}, {"from": [4, -0.5, 4], "to": [6, 0, 5], "faces": {"north": {"uv": [10, 4, 12, 5], "texture": "#wall", "cullface": "down"}, "east": {"uv": [10, 4, 11, 5], "rotation": 90, "texture": "#wall", "cullface": "down"}, "west": {"uv": [11, 4, 12, 5], "rotation": 270, "texture": "#wall", "cullface": "down"}, "down": {"uv": [10, 4.0125, 12, 5.0125], "rotation": 180, "texture": "#wall", "cullface": "down"}}}, {"from": [8, -0.5, 4], "to": [9, 0, 5], "faces": {"north": {"uv": [7, 4, 8, 5], "rotation": 180, "texture": "#wall", "cullface": "down"}, "east": {"uv": [7, 4, 8, 5], "rotation": 90, "texture": "#wall", "cullface": "down"}, "south": {"uv": [7, 4, 8, 5], "rotation": 180, "texture": "#wall", "cullface": "down"}, "west": {"uv": [7, 4, 8, 5], "rotation": 270, "texture": "#wall", "cullface": "down"}, "down": {"uv": [7, 4, 8, 5], "rotation": 180, "texture": "#wall", "cullface": "down"}}}, {"from": [6, -0.5, 9], "to": [11, 0, 10], "faces": {"north": {"uv": [5, 9, 10, 10], "texture": "#wall", "cullface": "down"}, "east": {"uv": [5, 9, 6, 10], "rotation": 90, "texture": "#wall", "cullface": "down"}, "south": {"uv": [5, 9, 10, 10], "rotation": 180, "texture": "#wall", "cullface": "down"}, "west": {"uv": [9, 9, 10, 10], "rotation": 270, "texture": "#wall", "cullface": "down"}, "down": {"uv": [5, 9, 10, 10], "rotation": 180, "texture": "#wall", "cullface": "down"}}}, {"from": [4, -0.5, 8], "to": [9, 0, 9], "faces": {"north": {"uv": [7, 8, 12, 9], "texture": "#wall", "cullface": "down"}, "east": {"uv": [7, 8, 8, 9], "rotation": 90, "texture": "#wall", "cullface": "down"}, "south": {"uv": [7, 8, 12, 9], "rotation": 180, "texture": "#wall", "cullface": "down"}, "west": {"uv": [11, 8, 12, 9], "rotation": 270, "texture": "#wall", "cullface": "down"}, "down": {"uv": [7, 8, 12, 9], "rotation": 180, "texture": "#wall", "cullface": "down"}}}, {"from": [5, -0.5, 7], "to": [8, 0, 8], "faces": {"north": {"uv": [8, 7, 11, 8], "texture": "#wall", "cullface": "down"}, "east": {"uv": [8, 7, 9, 8], "rotation": 90, "texture": "#wall", "cullface": "down"}, "west": {"uv": [10, 7, 11, 8], "rotation": 270, "texture": "#wall", "cullface": "down"}, "down": {"uv": [8, 7, 11, 8], "rotation": 180, "texture": "#wall", "cullface": "down"}}}, {"from": [9, -0.5, 7], "to": [12, 0, 8], "faces": {"east": {"uv": [4, 7, 5, 8], "rotation": 90, "texture": "#wall", "cullface": "down"}, "south": {"uv": [4, 7, 7, 8], "rotation": 180, "texture": "#wall", "cullface": "down"}, "west": {"uv": [6, 7, 7, 8], "rotation": 270, "texture": "#wall", "cullface": "down"}, "down": {"uv": [4, 7, 7, 8], "rotation": 180, "texture": "#wall", "cullface": "down"}}}, {"from": [9, -0.5, 6], "to": [12, 0, 7], "faces": {"north": {"uv": [3, 6, 7, 7], "texture": "#wall", "cullface": "down"}, "east": {"uv": [4, 6, 5, 7], "rotation": 90, "texture": "#wall", "cullface": "down"}, "west": {"uv": [6, 6, 7, 7], "rotation": 270, "texture": "#wall", "cullface": "down"}, "down": {"uv": [4, 6.01, 7, 7.01], "rotation": 180, "texture": "#wall", "cullface": "down"}}}, {"from": [10, -0.5, 5], "to": [12, 0, 6], "faces": {"east": {"uv": [4, 5, 5, 6], "rotation": 90, "texture": "#wall", "cullface": "down"}, "west": {"uv": [5, 5, 6, 6], "rotation": 270, "texture": "#wall", "cullface": "down"}, "down": {"uv": [4.0125, 5.0125, 6.0125, 6.0125], "rotation": 180, "texture": "#wall", "cullface": "down"}}}, {"from": [10, -0.5, 4], "to": [12, 0, 5], "faces": {"north": {"uv": [4, 4, 6, 5], "texture": "#wall", "cullface": "down"}, "east": {"uv": [4, 4, 5, 5], "rotation": 90, "texture": "#wall", "cullface": "down"}, "west": {"uv": [5, 4, 6, 5], "rotation": 270, "texture": "#wall", "cullface": "down"}, "down": {"uv": [4, 4, 6, 5], "rotation": 180, "texture": "#wall", "cullface": "down"}}}, {"from": [6, -0.5, 11], "to": [10, 0, 12], "faces": {"north": {"uv": [6, 11, 10, 12], "texture": "#wall", "cullface": "down"}, "east": {"uv": [6, 11, 7, 12], "rotation": 90, "texture": "#wall", "cullface": "down"}, "south": {"uv": [6, 11, 10, 12], "rotation": 180, "texture": "#wall", "cullface": "down"}, "west": {"uv": [9, 11, 10, 12], "rotation": 270, "texture": "#wall", "cullface": "down"}, "down": {"uv": [6, 11, 10, 12], "rotation": 180, "texture": "#wall", "cullface": "down"}}}], "display": {"thirdperson_righthand": {"scale": [0.375, 0.375, 0.375]}, "thirdperson_lefthand": {"rotation": [75, 45, 0], "translation": [0, 2.5, 0], "scale": [0.375, 0.375, 0.375]}, "firstperson_righthand": {"rotation": [0, 45, 0], "scale": [0.4, 0.4, 0.4]}, "firstperson_lefthand": {"rotation": [0, 225, 0], "scale": [0.4, 0.4, 0.4]}, "ground": {"translation": [0, 3, 0], "scale": [0.25, 0.25, 0.25]}, "gui": {"rotation": [30, 225, 0], "scale": [0.625, 0.625, 0.625]}, "head": {"rotation": [-60, 0, 0], "translation": [0, 5, -9]}, "fixed": {"scale": [0.5, 0.5, 0.5]}}, "groups": [0, {"name": "north", "origin": [8, 8, 8], "color": 0, "children": [1, 2, 3, 4, 5, 6, 7, 8, 9, 10, 11, 12, 13, 14, 15, 16, 17, 18, 19, 20, 21, 22, 23, 24]}, {"name": "east", "origin": [8, 8, 8], "color": 0, "children": [25, 26, 27, 28, 29, 30, 31, 32, 33, 34, 35, 36, 37, 38, 39, 40, 41, 42, 43, 44, 45, 46, 47, 48]}, {"name": "south", "origin": [8, 8, 8], "color": 0, "children": [49, 50, 51, 52, 53, 54, 55, 56, 57, 58, 59, 60, 61, 62, 63, 64, 65, 66, 67, 68, 69, 70, 71, 72]}, {"name": "west", "origin": [8, 8, 8], "color": 0, "children": [73, 74, 75, 76, 77, 78, 79, 80, 81, 82, 83, 84, 85, 86, 87, 88, 89, 90, 91, 92, 93, 94, 95, 96]}, {"name": "up", "origin": [8, 8, 8], "color": 0, "children": [97, 98, 99, 100, 101, 102, 103, 104, 105, 106, 107, 108]}, {"name": "down", "origin": [8, 8, 8], "color": 0, "children": [109, 110, 111, 112, 113, 114, 115, 116, 117, 118, 119, 120]}]}