{"parent": "block/cube_all", "textures": {"particle": "#all"}, "elements": [{"from": [0, 0, 0], "to": [16, 8, 16], "faces": {"north": {"uv": [0, 8, 16, 16], "texture": "#all", "cullface": "north"}, "east": {"uv": [0, 8, 16, 16], "texture": "#all", "cullface": "east"}, "south": {"uv": [0, 8, 16, 16], "texture": "#all", "cullface": "south"}, "west": {"uv": [0, 8, 16, 16], "texture": "#all", "cullface": "west"}, "up": {"uv": [0, 0, 16, 16], "texture": "#all"}, "down": {"uv": [0, 0, 16, 16], "texture": "#all", "cullface": "down"}}}, {"from": [0, 8, 0], "to": [8, 16, 16], "faces": {"north": {"uv": [8, 0, 16, 8], "texture": "#all", "cullface": "north"}, "east": {"uv": [0, 0, 16, 8], "texture": "#all"}, "south": {"uv": [0, 0, 8, 8], "texture": "#all", "cullface": "south"}, "west": {"uv": [0, 0, 16, 8], "texture": "#all", "cullface": "west"}, "up": {"uv": [0, 0, 8, 16], "texture": "#all", "cullface": "up"}}}, {"from": [8, -0.49, 1], "to": [15, 0.01, 8], "faces": {"north": {"uv": [8, 14, 15, 15], "rotation": 180, "texture": "#all", "cullface": "down"}, "east": {"uv": [14, 8, 15, 15], "rotation": 270, "texture": "#all", "cullface": "down"}, "south": {"uv": [8, 8, 15, 9], "texture": "#all", "cullface": "down"}, "west": {"uv": [8, 8, 9, 15], "rotation": 90, "texture": "#all", "cullface": "down"}, "down": {"uv": [8, 8, 15, 15], "texture": "#all", "cullface": "down"}}}, {"from": [0.01, -0.49, 1], "to": [7.01, 0.01, 8], "faces": {"north": {"uv": [0, 14, 7, 15], "rotation": 180, "texture": "#all", "cullface": "down"}, "east": {"uv": [6, 8, 7, 15], "rotation": 270, "texture": "#all", "cullface": "down"}, "south": {"uv": [0, 8, 7, 9], "texture": "#all", "cullface": "down"}, "west": {"uv": [0, 8, 1, 15], "rotation": 90, "texture": "#all", "cullface": "down"}, "down": {"uv": [0, 8, 7, 15], "texture": "#all", "cullface": "down"}}}, {"from": [0.01, -0.49, 8.99], "to": [7.01, 0.01, 15.99], "faces": {"north": {"uv": [0, 6, 7, 7], "rotation": 180, "texture": "#all", "cullface": "down"}, "east": {"uv": [6, 0, 7, 7], "rotation": 270, "texture": "#all", "cullface": "down"}, "south": {"uv": [0, 0, 7, 1], "texture": "#all", "cullface": "down"}, "west": {"uv": [0, 0, 1, 7], "rotation": 90, "texture": "#all", "cullface": "down"}, "down": {"uv": [0, 0, 7, 7], "texture": "#all", "cullface": "down"}}}, {"from": [8, -0.49, 8.99], "to": [15, 0.01, 15.99], "faces": {"north": {"uv": [8, 5, 15, 6], "rotation": 180, "texture": "#all", "cullface": "down"}, "east": {"uv": [13, 0, 14, 7], "rotation": 270, "texture": "#all", "cullface": "down"}, "south": {"uv": [8, 0, 15, 1], "texture": "#all", "cullface": "down"}, "west": {"uv": [8, 0, 9, 7], "rotation": 90, "texture": "#all", "cullface": "down"}, "down": {"uv": [8, 0, 15, 7], "texture": "#all", "cullface": "down"}}}, {"from": [8, 7.99, 8], "to": [15, 8.49, 15], "rotation": {"angle": 0, "axis": "y", "origin": [8, 0, 8]}, "faces": {"north": {"uv": [8, 8, 15, 9], "rotation": 180, "texture": "#all"}, "east": {"uv": [14, 8, 15, 15], "rotation": 90, "texture": "#all"}, "south": {"uv": [8, 14, 15, 15], "texture": "#all"}, "west": {"uv": [8, 8, 9, 15], "rotation": 270, "texture": "#all"}, "up": {"uv": [8, 8, 15, 15], "texture": "#all"}}}, {"from": [0.01, 15.99, 8], "to": [7.01, 16.49, 15], "faces": {"north": {"uv": [0, 8, 7, 9], "rotation": 180, "texture": "#all", "cullface": "up"}, "east": {"uv": [6, 8, 7, 15], "rotation": 90, "texture": "#all", "cullface": "up"}, "south": {"uv": [0, 14, 7, 15], "texture": "#all", "cullface": "up"}, "west": {"uv": [0, 8, 1, 15], "rotation": 270, "texture": "#all", "cullface": "up"}, "up": {"uv": [0, 8, 7, 15], "texture": "#all", "cullface": "up"}}}, {"from": [0.01, 15.99, 0.01], "to": [7.01, 16.49, 7.01], "faces": {"north": {"uv": [0, 0, 7, 1], "rotation": 180, "texture": "#all", "cullface": "up"}, "east": {"uv": [6, 0, 7, 7], "rotation": 90, "texture": "#all", "cullface": "up"}, "south": {"uv": [0, 6, 7, 7], "texture": "#all", "cullface": "up"}, "west": {"uv": [0, 0, 1, 7], "rotation": 270, "texture": "#all", "cullface": "up"}, "up": {"uv": [0, 0, 7, 7], "texture": "#all", "cullface": "up"}}}, {"from": [8, 7.99, 0.01], "to": [15, 8.49, 7.01], "rotation": {"angle": 0, "axis": "y", "origin": [8, 0, 8]}, "faces": {"north": {"uv": [8, 0, 15, 1], "rotation": 180, "texture": "#all"}, "east": {"uv": [13, 0, 14, 7], "rotation": 90, "texture": "#all"}, "south": {"uv": [8, 5, 15, 6], "texture": "#all"}, "west": {"uv": [8, 0, 9, 7], "rotation": 270, "texture": "#all"}, "up": {"uv": [8, 0, 15, 7], "texture": "#all"}}}, {"from": [-0.49, 1, 8.01], "to": [0.01, 7.99, 15], "faces": {"north": {"uv": [8, 8, 9, 15], "texture": "#all", "cullface": "west"}, "south": {"uv": [14, 8, 15, 15], "texture": "#all", "cullface": "west"}, "west": {"uv": [8, 8, 15, 15], "texture": "#all", "cullface": "west"}, "up": {"uv": [8, 8, 15, 9], "rotation": 90, "texture": "#all", "cullface": "west"}, "down": {"uv": [8, 14, 15, 15], "rotation": 270, "texture": "#all", "cullface": "west"}}}, {"from": [-0.49, 1, 0.01], "to": [0.01, 7.99, 7.01], "faces": {"north": {"uv": [0, 8, 1, 15], "texture": "#all", "cullface": "west"}, "south": {"uv": [6, 8, 7, 15], "texture": "#all", "cullface": "west"}, "west": {"uv": [0, 8, 7, 15], "texture": "#all", "cullface": "west"}, "up": {"uv": [0, 8, 7, 9], "rotation": 90, "texture": "#all", "cullface": "west"}, "down": {"uv": [0, 14, 7, 15], "rotation": 270, "texture": "#all", "cullface": "west"}}}, {"from": [-0.49, 8.99, 0.01], "to": [0.01, 15.99, 7.01], "faces": {"north": {"uv": [0, 0, 1, 7], "texture": "#all", "cullface": "west"}, "south": {"uv": [6, 0, 7, 7], "texture": "#all", "cullface": "west"}, "west": {"uv": [0, 0, 7, 7], "texture": "#all", "cullface": "west"}, "up": {"uv": [0, 0, 7, 1], "rotation": 90, "texture": "#all", "cullface": "west"}, "down": {"uv": [0, 6, 7, 7], "rotation": 270, "texture": "#all", "cullface": "west"}}}, {"from": [-0.49, 8.99, 8.01], "to": [0.01, 15.99, 15], "faces": {"north": {"uv": [8, 0, 9, 7], "texture": "#all", "cullface": "west"}, "south": {"uv": [13, 0, 14, 7], "texture": "#all", "cullface": "west"}, "west": {"uv": [8, 0, 15, 7], "texture": "#all", "cullface": "west"}, "up": {"uv": [8, 0, 15, 1], "rotation": 90, "texture": "#all", "cullface": "west"}, "down": {"uv": [8, 5, 15, 6], "rotation": 270, "texture": "#all", "cullface": "west"}}}, {"from": [8.01, 1, 15.99], "to": [15, 7.99, 16.49], "faces": {"east": {"uv": [14, 8, 15, 15], "texture": "#all", "cullface": "south"}, "south": {"uv": [8, 8, 15, 15], "texture": "#all", "cullface": "south"}, "west": {"uv": [8, 8, 9, 15], "texture": "#all", "cullface": "south"}, "up": {"uv": [8, 8, 15, 9], "texture": "#all", "cullface": "south"}, "down": {"uv": [8, 14, 15, 15], "texture": "#all", "cullface": "south"}}}, {"from": [0.01, 1, 15.99], "to": [7.01, 7.99, 16.49], "faces": {"east": {"uv": [6, 8, 7, 15], "texture": "#all", "cullface": "south"}, "south": {"uv": [0, 8, 7, 15], "texture": "#all", "cullface": "south"}, "west": {"uv": [0, 8, 1, 15], "texture": "#all", "cullface": "south"}, "up": {"uv": [0, 8, 7, 9], "texture": "#all", "cullface": "south"}, "down": {"uv": [0, 14, 7, 15], "texture": "#all", "cullface": "south"}}}, {"from": [0.01, 8.99, 15.99], "to": [7.01, 15.99, 16.49], "faces": {"east": {"uv": [6, 0, 7, 7], "texture": "#all", "cullface": "south"}, "south": {"uv": [0, 0, 7, 7], "texture": "#all", "cullface": "south"}, "west": {"uv": [0, 0, 1, 7], "texture": "#all", "cullface": "south"}, "up": {"uv": [0, 0, 7, 1], "texture": "#all", "cullface": "south"}, "down": {"uv": [0, 6, 7, 7], "texture": "#all", "cullface": "south"}}}, {"from": [15.99, 1, 1], "to": [16.49, 7.99, 7.99], "faces": {"north": {"uv": [14, 8, 15, 15], "texture": "#all", "cullface": "east"}, "east": {"uv": [8, 8, 15, 15], "texture": "#all", "cullface": "east"}, "south": {"uv": [8, 8, 9, 15], "texture": "#all", "cullface": "east"}, "up": {"uv": [8, 8, 15, 9], "rotation": 270, "texture": "#all", "cullface": "east"}, "down": {"uv": [8, 14, 15, 15], "rotation": 90, "texture": "#all", "cullface": "east"}}}, {"from": [15.99, 1, 8.99], "to": [16.49, 7.99, 15.99], "faces": {"north": {"uv": [6, 8, 7, 15], "texture": "#all", "cullface": "east"}, "east": {"uv": [0, 8, 7, 15], "texture": "#all", "cullface": "east"}, "south": {"uv": [8, 8, 9, 15], "texture": "#all", "cullface": "east"}, "up": {"uv": [0, 8, 7, 9], "rotation": 270, "texture": "#all", "cullface": "east"}, "down": {"uv": [0, 14, 7, 15], "rotation": 90, "texture": "#all", "cullface": "east"}}}, {"from": [7.99, 8.99, 8.99], "to": [8.49, 15.99, 15.99], "rotation": {"angle": 0, "axis": "y", "origin": [0, 8, 8]}, "faces": {"north": {"uv": [6, 0, 7, 7], "texture": "#all"}, "east": {"uv": [0, 0, 7, 7], "texture": "#all"}, "south": {"uv": [8, 8, 9, 15], "texture": "#all"}, "up": {"uv": [0, 0, 7, 1], "rotation": 270, "texture": "#all"}, "down": {"uv": [0, 6, 7, 7], "rotation": 90, "texture": "#all"}}}, {"from": [7.99, 8.99, 1], "to": [8.49, 15.99, 7.99], "rotation": {"angle": 0, "axis": "y", "origin": [0, 8, 8]}, "faces": {"north": {"uv": [13, 0, 14, 7], "texture": "#all"}, "east": {"uv": [8, 0, 15, 7], "texture": "#all"}, "south": {"uv": [8, 8, 9, 15], "texture": "#all"}, "up": {"uv": [8, 0, 15, 1], "rotation": 270, "texture": "#all"}, "down": {"uv": [8, 5, 15, 6], "rotation": 90, "texture": "#all"}}}, {"from": [1, 1, -0.49], "to": [7.99, 7.99, 0.01], "faces": {"north": {"uv": [8, 8, 15, 15], "texture": "#all", "cullface": "north"}, "east": {"uv": [8, 8, 9, 15], "texture": "#all", "cullface": "north"}, "west": {"uv": [14, 8, 15, 15], "texture": "#all", "cullface": "north"}, "up": {"uv": [8, 8, 15, 9], "rotation": 180, "texture": "#all", "cullface": "north"}, "down": {"uv": [8, 14, 15, 15], "rotation": 180, "texture": "#all", "cullface": "north"}}}, {"from": [8.99, 1, -0.49], "to": [15.99, 7.99, 0.01], "faces": {"north": {"uv": [0, 8, 7, 15], "texture": "#all", "cullface": "north"}, "east": {"uv": [0, 8, 1, 15], "texture": "#all", "cullface": "north"}, "west": {"uv": [6, 8, 7, 15], "texture": "#all", "cullface": "north"}, "up": {"uv": [0, 8, 7, 9], "rotation": 180, "texture": "#all", "cullface": "north"}, "down": {"uv": [0, 14, 7, 15], "rotation": 180, "texture": "#all", "cullface": "north"}}}, {"from": [1, 8.99, -0.49], "to": [7.99, 15.99, 0.01], "faces": {"north": {"uv": [8, 0, 15, 7], "texture": "#all", "cullface": "north"}, "east": {"uv": [8, 0, 9, 7], "texture": "#all", "cullface": "north"}, "west": {"uv": [13, 0, 14, 7], "texture": "#all", "cullface": "north"}, "up": {"uv": [8, 0, 15, 1], "rotation": 180, "texture": "#all", "cullface": "north"}, "down": {"uv": [8, 5, 15, 6], "rotation": 180, "texture": "#all", "cullface": "north"}}}], "display": {"thirdperson_lefthand": {"rotation": [75, -135, 0], "translation": [0, 2.5, 0], "scale": [0.375, 0.375, 0.375]}, "gui": {"rotation": [30, 135, 0], "scale": [0.625, 0.625, 0.625]}, "head": {"rotation": [0, -90, 0]}}, "groups": [0, 1, {"name": "down", "origin": [8, 8, 8], "children": [2, 3, 4, 5]}, {"name": "up", "origin": [8, 8, 8], "children": [6, 7, 8, 9]}, {"name": "west", "origin": [8, 8, 8], "children": [10, 11, 12, 13]}, {"name": "south", "origin": [8, 8, 8], "children": [14, 15, 16]}, {"name": "east", "origin": [8, 8, 8], "children": [17, 18, 19, 20]}, {"name": "north", "origin": [8, 8, 8], "children": [21, 22, 23]}]}