{"textures": {"particle": "#all"}, "elements": [{"from": [0, 0, 0], "to": [16, 16, 16], "rotation": {"angle": 0, "axis": "y", "origin": [8, 8, 8]}, "faces": {"north": {"uv": [0, 0, 16, 16], "texture": "#all", "cullface": "north"}, "east": {"uv": [0, 0, 16, 16], "texture": "#all", "cullface": "east"}, "south": {"uv": [0, 0, 16, 16], "texture": "#all", "cullface": "south"}, "west": {"uv": [0, 0, 16, 16], "texture": "#all", "cullface": "west"}, "up": {"uv": [0, 0, 16, 16], "texture": "#all", "cullface": "up"}, "down": {"uv": [0, 0, 16, 16], "texture": "#all", "cullface": "down"}}}, {"from": [0.010819394215082273, 0.010819394215082273, -0.48951383489925127], "to": [3, 3, 0], "rotation": {"angle": 0, "axis": "y", "origin": [8, 8, 8]}, "faces": {"north": {"uv": [13, 13, 16, 16], "texture": "#all", "cullface": "north"}, "east": {"uv": [13, 13, 14, 16], "texture": "#all", "cullface": "north"}, "west": {"uv": [15, 13, 16, 16], "texture": "#all", "cullface": "north"}, "up": {"uv": [13, 13, 16, 14], "rotation": 180, "texture": "#all", "cullface": "north"}, "down": {"uv": [13, 15, 16, 16], "rotation": 180, "texture": "#all", "cullface": "north"}}}, {"from": [10, 4, -0.48951383489925127], "to": [13, 7, 0], "rotation": {"angle": 0, "axis": "y", "origin": [8, 8, 8]}, "faces": {"north": {"uv": [3, 9, 6, 12], "texture": "#all", "cullface": "north"}, "east": {"uv": [3, 9, 4, 12], "texture": "#all", "cullface": "north"}, "west": {"uv": [5, 9, 6, 12], "texture": "#all", "cullface": "north"}, "up": {"uv": [3, 9, 6, 10], "rotation": 180, "texture": "#all", "cullface": "north"}, "down": {"uv": [3, 11, 6, 12], "rotation": 180, "texture": "#all", "cullface": "north"}}}, {"from": [6, 4, -0.48951383489925127], "to": [9, 7, 0], "rotation": {"angle": 0, "axis": "y", "origin": [8, 8, 8]}, "faces": {"north": {"uv": [7, 9, 10, 12], "texture": "#all", "cullface": "north"}, "east": {"uv": [7, 9, 8, 12], "texture": "#all", "cullface": "north"}, "west": {"uv": [9, 9, 10, 12], "texture": "#all", "cullface": "north"}, "up": {"uv": [7, 9, 10, 10], "rotation": 180, "texture": "#all", "cullface": "north"}, "down": {"uv": [7, 11, 10, 12], "rotation": 180, "texture": "#all", "cullface": "north"}}}, {"from": [2, 4, -0.48951383489925127], "to": [5, 7, 0], "rotation": {"angle": 0, "axis": "y", "origin": [8, 8, 8]}, "faces": {"north": {"uv": [11, 9, 14, 12], "texture": "#all", "cullface": "north"}, "east": {"uv": [11, 9, 12, 12], "texture": "#all", "cullface": "north"}, "west": {"uv": [13, 9, 14, 12], "texture": "#all", "cullface": "north"}, "up": {"uv": [11, 9, 14, 10], "rotation": 180, "texture": "#all", "cullface": "north"}, "down": {"uv": [11, 11, 14, 12], "rotation": 180, "texture": "#all", "cullface": "north"}}}, {"from": [0.010420111116074821, 12, -0.48951383489925127], "to": [3, 15, 0], "rotation": {"angle": 0, "axis": "y", "origin": [8, 8, 8]}, "faces": {"north": {"uv": [13, 1, 16, 4], "texture": "#all", "cullface": "north"}, "east": {"uv": [13, 1, 14, 4], "texture": "#all", "cullface": "north"}, "west": {"uv": [15, 1, 16, 4], "texture": "#all", "cullface": "north"}, "up": {"uv": [13, 1, 16, 2], "rotation": 180, "texture": "#all", "cullface": "north"}, "down": {"uv": [13, 3, 16, 4], "rotation": 180, "texture": "#all", "cullface": "north"}}}, {"from": [0.010305311590026957, 4, -0.48951383489925127], "to": [1, 7, 0], "rotation": {"angle": 0, "axis": "y", "origin": [8, 8, 8]}, "faces": {"north": {"uv": [15, 9, 16, 12], "texture": "#all", "cullface": "north"}, "east": {"uv": [15, 9, 16, 12], "texture": "#all", "cullface": "north"}, "west": {"uv": [15, 9, 16, 12], "texture": "#all", "cullface": "north"}, "up": {"uv": [15, 9, 16, 10], "rotation": 180, "texture": "#all", "cullface": "north"}, "down": {"uv": [15, 11, 16, 12], "rotation": 180, "texture": "#all", "cullface": "north"}}}, {"from": [14, 4, -0.48951383489925127], "to": [15.989886555104363, 7, 0], "rotation": {"angle": 0, "axis": "y", "origin": [8, 8, 8]}, "faces": {"north": {"uv": [0, 9, 2, 12], "texture": "#all", "cullface": "north"}, "east": {"uv": [0, 9, 1, 12], "texture": "#all", "cullface": "north"}, "west": {"uv": [1, 9, 2, 12], "texture": "#all", "cullface": "north"}, "up": {"uv": [0, 9, 2, 10], "rotation": 180, "texture": "#all", "cullface": "north"}, "down": {"uv": [0, 11, 2, 12], "rotation": 180, "texture": "#all", "cullface": "north"}}}, {"from": [12, 12, -0.48951383489925127], "to": [15.989574029751928, 15, 0], "rotation": {"angle": 0, "axis": "y", "origin": [8, 8, 8]}, "faces": {"north": {"uv": [0, 1, 4, 4], "texture": "#all", "cullface": "north"}, "east": {"uv": [0, 1, 1, 4], "texture": "#all", "cullface": "north"}, "west": {"uv": [3, 1, 4, 4], "texture": "#all", "cullface": "north"}, "up": {"uv": [0, 1, 4, 2], "rotation": 180, "texture": "#all", "cullface": "north"}, "down": {"uv": [0, 3, 4, 4], "rotation": 180, "texture": "#all", "cullface": "north"}}}, {"from": [12, 0.010566012974247758, -0.48951383489925127], "to": [15.989433987025752, 3, 0], "rotation": {"angle": 0, "axis": "y", "origin": [8, 8, 8]}, "faces": {"north": {"uv": [0, 13, 4, 16], "texture": "#all", "cullface": "north"}, "east": {"uv": [0, 13, 1, 16], "texture": "#all", "cullface": "north"}, "west": {"uv": [3, 13, 4, 16], "texture": "#all", "cullface": "north"}, "up": {"uv": [0, 13, 4, 14], "rotation": 180, "texture": "#all", "cullface": "north"}, "down": {"uv": [0, 15, 4, 16], "rotation": 180, "texture": "#all", "cullface": "north"}}}, {"from": [8, 8, -0.48951383489925127], "to": [15, 11, 0], "rotation": {"angle": 0, "axis": "y", "origin": [8, 8, 8]}, "faces": {"north": {"uv": [1, 5, 8, 8], "texture": "#all", "cullface": "north"}, "east": {"uv": [1, 5, 2, 8], "texture": "#all", "cullface": "north"}, "west": {"uv": [7, 5, 8, 8], "texture": "#all", "cullface": "north"}, "up": {"uv": [1, 5, 8, 6], "rotation": 180, "texture": "#all", "cullface": "north"}, "down": {"uv": [1, 7, 8, 8], "rotation": 180, "texture": "#all", "cullface": "north"}}}, {"from": [0.010935754769330954, 8, -0.48951383489925127], "to": [7, 11, 0], "rotation": {"angle": 0, "axis": "y", "origin": [8, 8, 8]}, "faces": {"north": {"uv": [9, 5, 16, 8], "texture": "#all", "cullface": "north"}, "east": {"uv": [9, 5, 10, 8], "texture": "#all", "cullface": "north"}, "west": {"uv": [15, 5, 16, 8], "texture": "#all", "cullface": "north"}, "up": {"uv": [9, 5, 16, 6], "rotation": 180, "texture": "#all", "cullface": "north"}, "down": {"uv": [9, 7, 16, 8], "rotation": 180, "texture": "#all", "cullface": "north"}}}, {"from": [4, 12, -0.48951383489925127], "to": [11, 15, 0], "rotation": {"angle": 0, "axis": "y", "origin": [8, 8, 8]}, "faces": {"north": {"uv": [5, 1, 12, 4], "texture": "#all", "cullface": "north"}, "east": {"uv": [5, 1, 6, 4], "texture": "#all", "cullface": "north"}, "west": {"uv": [11, 1, 12, 4], "texture": "#all", "cullface": "north"}, "up": {"uv": [5, 1, 12, 2], "rotation": 180, "texture": "#all", "cullface": "north"}, "down": {"uv": [5, 3, 12, 4], "rotation": 180, "texture": "#all", "cullface": "north"}}}, {"from": [4, 0.010099210988098095, -0.48951383489925127], "to": [11, 3, 0], "rotation": {"angle": 0, "axis": "y", "origin": [8, 8, 8]}, "faces": {"north": {"uv": [5, 13, 12, 16], "texture": "#all", "cullface": "north"}, "east": {"uv": [5, 13, 6, 16], "texture": "#all", "cullface": "north"}, "west": {"uv": [11, 13, 12, 16], "texture": "#all", "cullface": "north"}, "up": {"uv": [5, 13, 12, 14], "rotation": 180, "texture": "#all", "cullface": "north"}, "down": {"uv": [5, 15, 12, 16], "rotation": 180, "texture": "#all", "cullface": "north"}}}, {"from": [16, 0.010773818732471444, 0.010773818732471444], "to": [16.489098928600352, 3, 3], "rotation": {"angle": 0, "axis": "y", "origin": [8, 8, 8]}, "faces": {"north": {"uv": [15, 13, 16, 16], "texture": "#all", "cullface": "east"}, "east": {"uv": [13, 13, 16, 16], "texture": "#all", "cullface": "east"}, "south": {"uv": [13, 13, 14, 16], "texture": "#all", "cullface": "east"}, "up": {"uv": [13, 13, 16, 14], "rotation": 270, "texture": "#all", "cullface": "east"}, "down": {"uv": [13, 15, 16, 16], "rotation": 90, "texture": "#all", "cullface": "east"}}}, {"from": [16, 4, 10], "to": [16.489098928600352, 7, 13], "rotation": {"angle": 0, "axis": "y", "origin": [8, 8, 8]}, "faces": {"north": {"uv": [5, 9, 6, 12], "texture": "#all", "cullface": "east"}, "east": {"uv": [3, 9, 6, 12], "texture": "#all", "cullface": "east"}, "south": {"uv": [3, 9, 4, 12], "texture": "#all", "cullface": "east"}, "up": {"uv": [3, 9, 6, 10], "rotation": 270, "texture": "#all", "cullface": "east"}, "down": {"uv": [3, 11, 6, 12], "rotation": 90, "texture": "#all", "cullface": "east"}}}, {"from": [16, 4, 6], "to": [16.489098928600352, 7, 9], "rotation": {"angle": 0, "axis": "y", "origin": [8, 8, 8]}, "faces": {"north": {"uv": [9, 9, 10, 12], "texture": "#all", "cullface": "east"}, "east": {"uv": [7, 9, 10, 12], "texture": "#all", "cullface": "east"}, "south": {"uv": [7, 9, 8, 12], "texture": "#all", "cullface": "east"}, "up": {"uv": [7, 9, 10, 10], "rotation": 270, "texture": "#all", "cullface": "east"}, "down": {"uv": [7, 11, 10, 12], "rotation": 90, "texture": "#all", "cullface": "east"}}}, {"from": [16, 4, 2], "to": [16.489098928600352, 7, 5], "rotation": {"angle": 0, "axis": "y", "origin": [8, 8, 8]}, "faces": {"north": {"uv": [13, 9, 14, 12], "texture": "#all", "cullface": "east"}, "east": {"uv": [11, 9, 14, 12], "texture": "#all", "cullface": "east"}, "south": {"uv": [11, 9, 12, 12], "texture": "#all", "cullface": "east"}, "up": {"uv": [11, 9, 14, 10], "rotation": 270, "texture": "#all", "cullface": "east"}, "down": {"uv": [11, 11, 14, 12], "rotation": 90, "texture": "#all", "cullface": "east"}}}, {"from": [16, 12, 0.010686418104298559], "to": [16.489098928600352, 15, 3], "rotation": {"angle": 0, "axis": "y", "origin": [8, 8, 8]}, "faces": {"north": {"uv": [15, 1, 16, 4], "texture": "#all", "cullface": "east"}, "east": {"uv": [13, 1, 16, 4], "texture": "#all", "cullface": "east"}, "south": {"uv": [13, 1, 14, 4], "texture": "#all", "cullface": "east"}, "up": {"uv": [13, 1, 16, 2], "rotation": 270, "texture": "#all", "cullface": "east"}, "down": {"uv": [13, 3, 16, 4], "rotation": 90, "texture": "#all", "cullface": "east"}}}, {"from": [16, 4, 0.01003013423455227], "to": [16.489098928600352, 7, 1], "rotation": {"angle": 0, "axis": "y", "origin": [8, 8, 8]}, "faces": {"north": {"uv": [15, 9, 16, 12], "texture": "#all", "cullface": "east"}, "east": {"uv": [15, 9, 16, 12], "texture": "#all", "cullface": "east"}, "south": {"uv": [15, 9, 16, 12], "texture": "#all", "cullface": "east"}, "up": {"uv": [15, 9, 16, 10], "rotation": 270, "texture": "#all", "cullface": "east"}, "down": {"uv": [15, 11, 16, 12], "rotation": 90, "texture": "#all", "cullface": "east"}}}, {"from": [16, 4, 14], "to": [16.489098928600352, 7, 15.989080717646598], "rotation": {"angle": 0, "axis": "y", "origin": [8, 8, 8]}, "faces": {"north": {"uv": [1, 9, 2, 12], "texture": "#all", "cullface": "east"}, "east": {"uv": [0, 9, 2, 12], "texture": "#all", "cullface": "east"}, "south": {"uv": [0, 9, 1, 12], "texture": "#all", "cullface": "east"}, "up": {"uv": [0, 9, 2, 10], "rotation": 270, "texture": "#all", "cullface": "east"}, "down": {"uv": [0, 11, 2, 12], "rotation": 90, "texture": "#all", "cullface": "east"}}}, {"from": [16, 12, 12], "to": [16.489098928600352, 15, 15.98903775751349], "rotation": {"angle": 0, "axis": "y", "origin": [8, 8, 8]}, "faces": {"north": {"uv": [3, 1, 4, 4], "texture": "#all", "cullface": "east"}, "east": {"uv": [0, 1, 4, 4], "texture": "#all", "cullface": "east"}, "south": {"uv": [0, 1, 1, 4], "texture": "#all", "cullface": "east"}, "up": {"uv": [0, 1, 4, 2], "rotation": 270, "texture": "#all", "cullface": "east"}, "down": {"uv": [0, 3, 4, 4], "rotation": 90, "texture": "#all", "cullface": "east"}}}, {"from": [16, 0.01072254277208884, 12], "to": [16.489098928600352, 3, 15.989277457227912], "rotation": {"angle": 0, "axis": "y", "origin": [8, 8, 8]}, "faces": {"north": {"uv": [3, 13, 4, 16], "texture": "#all", "cullface": "east"}, "east": {"uv": [0, 13, 4, 16], "texture": "#all", "cullface": "east"}, "south": {"uv": [0, 13, 1, 16], "texture": "#all", "cullface": "east"}, "up": {"uv": [0, 13, 4, 14], "rotation": 270, "texture": "#all", "cullface": "east"}, "down": {"uv": [0, 15, 4, 16], "rotation": 90, "texture": "#all", "cullface": "east"}}}, {"from": [16, 8, 8], "to": [16.489098928600352, 11, 15], "rotation": {"angle": 0, "axis": "y", "origin": [8, 8, 8]}, "faces": {"north": {"uv": [7, 5, 8, 8], "texture": "#all", "cullface": "east"}, "east": {"uv": [1, 5, 8, 8], "texture": "#all", "cullface": "east"}, "south": {"uv": [1, 5, 2, 8], "texture": "#all", "cullface": "east"}, "up": {"uv": [1, 5, 8, 6], "rotation": 270, "texture": "#all", "cullface": "east"}, "down": {"uv": [1, 7, 8, 8], "rotation": 90, "texture": "#all", "cullface": "east"}}}, {"from": [16, 8, 0.010070329465876356], "to": [16.489098928600352, 11, 7], "rotation": {"angle": 0, "axis": "y", "origin": [8, 8, 8]}, "faces": {"north": {"uv": [15, 5, 16, 8], "texture": "#all", "cullface": "east"}, "east": {"uv": [9, 5, 16, 8], "texture": "#all", "cullface": "east"}, "south": {"uv": [9, 5, 10, 8], "texture": "#all", "cullface": "east"}, "up": {"uv": [9, 5, 16, 6], "rotation": 270, "texture": "#all", "cullface": "east"}, "down": {"uv": [9, 7, 16, 8], "rotation": 90, "texture": "#all", "cullface": "east"}}}, {"from": [16, 12, 4], "to": [16.489098928600352, 15, 11], "rotation": {"angle": 0, "axis": "y", "origin": [8, 8, 8]}, "faces": {"north": {"uv": [11, 1, 12, 4], "texture": "#all", "cullface": "east"}, "east": {"uv": [5, 1, 12, 4], "texture": "#all", "cullface": "east"}, "south": {"uv": [5, 1, 6, 4], "texture": "#all", "cullface": "east"}, "up": {"uv": [5, 1, 12, 2], "rotation": 270, "texture": "#all", "cullface": "east"}, "down": {"uv": [5, 3, 12, 4], "rotation": 90, "texture": "#all", "cullface": "east"}}}, {"from": [16, 0.010029377507756987, 4], "to": [16.489098928600352, 3, 11], "rotation": {"angle": 0, "axis": "y", "origin": [8, 8, 8]}, "faces": {"north": {"uv": [11, 13, 12, 16], "texture": "#all", "cullface": "east"}, "east": {"uv": [5, 13, 12, 16], "texture": "#all", "cullface": "east"}, "south": {"uv": [5, 13, 6, 16], "texture": "#all", "cullface": "east"}, "up": {"uv": [5, 13, 12, 14], "rotation": 270, "texture": "#all", "cullface": "east"}, "down": {"uv": [5, 15, 12, 16], "rotation": 90, "texture": "#all", "cullface": "east"}}}, {"from": [13, 0.01034787772728434, 16], "to": [15.989652122272716, 3, 16.489055216748117], "rotation": {"angle": 0, "axis": "y", "origin": [8, 8, 8]}, "faces": {"east": {"uv": [15, 13, 16, 16], "texture": "#all", "cullface": "south"}, "south": {"uv": [13, 13, 16, 16], "texture": "#all", "cullface": "south"}, "west": {"uv": [13, 13, 14, 16], "texture": "#all", "cullface": "south"}, "up": {"uv": [13, 13, 16, 14], "texture": "#all", "cullface": "south"}, "down": {"uv": [13, 15, 16, 16], "texture": "#all", "cullface": "south"}}}, {"from": [3, 4, 16], "to": [6, 7, 16.489055216748117], "rotation": {"angle": 0, "axis": "y", "origin": [8, 8, 8]}, "faces": {"east": {"uv": [5, 9, 6, 12], "texture": "#all", "cullface": "south"}, "south": {"uv": [3, 9, 6, 12], "texture": "#all", "cullface": "south"}, "west": {"uv": [3, 9, 4, 12], "texture": "#all", "cullface": "south"}, "up": {"uv": [3, 9, 6, 10], "texture": "#all", "cullface": "south"}, "down": {"uv": [3, 11, 6, 12], "texture": "#all", "cullface": "south"}}}, {"from": [7, 4, 16], "to": [10, 7, 16.489055216748117], "rotation": {"angle": 0, "axis": "y", "origin": [8, 8, 8]}, "faces": {"east": {"uv": [9, 9, 10, 12], "texture": "#all", "cullface": "south"}, "south": {"uv": [7, 9, 10, 12], "texture": "#all", "cullface": "south"}, "west": {"uv": [7, 9, 8, 12], "texture": "#all", "cullface": "south"}, "up": {"uv": [7, 9, 10, 10], "texture": "#all", "cullface": "south"}, "down": {"uv": [7, 11, 10, 12], "texture": "#all", "cullface": "south"}}}, {"from": [11, 4, 16], "to": [14, 7, 16.489055216748117], "rotation": {"angle": 0, "axis": "y", "origin": [8, 8, 8]}, "faces": {"east": {"uv": [13, 9, 14, 12], "texture": "#all", "cullface": "south"}, "south": {"uv": [11, 9, 14, 12], "texture": "#all", "cullface": "south"}, "west": {"uv": [11, 9, 12, 12], "texture": "#all", "cullface": "south"}, "up": {"uv": [11, 9, 14, 10], "texture": "#all", "cullface": "south"}, "down": {"uv": [11, 11, 14, 12], "texture": "#all", "cullface": "south"}}}, {"from": [13, 12, 16], "to": [15.989929482388522, 15, 16.489055216748117], "rotation": {"angle": 0, "axis": "y", "origin": [8, 8, 8]}, "faces": {"east": {"uv": [15, 1, 16, 4], "texture": "#all", "cullface": "south"}, "south": {"uv": [13, 1, 16, 4], "texture": "#all", "cullface": "south"}, "west": {"uv": [13, 1, 14, 4], "texture": "#all", "cullface": "south"}, "up": {"uv": [13, 1, 16, 2], "texture": "#all", "cullface": "south"}, "down": {"uv": [13, 3, 16, 4], "texture": "#all", "cullface": "south"}}}, {"from": [15, 4, 16], "to": [15.989106564908152, 7, 16.489055216748117], "rotation": {"angle": 0, "axis": "y", "origin": [8, 8, 8]}, "faces": {"east": {"uv": [15, 9, 16, 12], "texture": "#all", "cullface": "south"}, "south": {"uv": [15, 9, 16, 12], "texture": "#all", "cullface": "south"}, "west": {"uv": [15, 9, 16, 12], "texture": "#all", "cullface": "south"}, "up": {"uv": [15, 9, 16, 10], "texture": "#all", "cullface": "south"}, "down": {"uv": [15, 11, 16, 12], "texture": "#all", "cullface": "south"}}}, {"from": [0.010207978040004015, 4, 16], "to": [2, 7, 16.489055216748117], "rotation": {"angle": 0, "axis": "y", "origin": [8, 8, 8]}, "faces": {"east": {"uv": [1, 9, 2, 12], "texture": "#all", "cullface": "south"}, "south": {"uv": [0, 9, 2, 12], "texture": "#all", "cullface": "south"}, "west": {"uv": [0, 9, 1, 12], "texture": "#all", "cullface": "south"}, "up": {"uv": [0, 9, 2, 10], "texture": "#all", "cullface": "south"}, "down": {"uv": [0, 11, 2, 12], "texture": "#all", "cullface": "south"}}}, {"from": [0.01020479079826935, 12, 16], "to": [4, 15, 16.489055216748117], "rotation": {"angle": 0, "axis": "y", "origin": [8, 8, 8]}, "faces": {"east": {"uv": [3, 1, 4, 4], "texture": "#all", "cullface": "south"}, "south": {"uv": [0, 1, 4, 4], "texture": "#all", "cullface": "south"}, "west": {"uv": [0, 1, 1, 4], "texture": "#all", "cullface": "south"}, "up": {"uv": [0, 1, 4, 2], "texture": "#all", "cullface": "south"}, "down": {"uv": [0, 3, 4, 4], "texture": "#all", "cullface": "south"}}}, {"from": [0.010673759145528833, 0.010673759145528833, 16], "to": [4, 3, 16.489055216748117], "rotation": {"angle": 0, "axis": "y", "origin": [8, 8, 8]}, "faces": {"east": {"uv": [3, 13, 4, 16], "texture": "#all", "cullface": "south"}, "south": {"uv": [0, 13, 4, 16], "texture": "#all", "cullface": "south"}, "west": {"uv": [0, 13, 1, 16], "texture": "#all", "cullface": "south"}, "up": {"uv": [0, 13, 4, 14], "texture": "#all", "cullface": "south"}, "down": {"uv": [0, 15, 4, 16], "texture": "#all", "cullface": "south"}}}, {"from": [1, 8, 16], "to": [8, 11, 16.489055216748117], "rotation": {"angle": 0, "axis": "y", "origin": [8, 8, 8]}, "faces": {"east": {"uv": [7, 5, 8, 8], "texture": "#all", "cullface": "south"}, "south": {"uv": [1, 5, 8, 8], "texture": "#all", "cullface": "south"}, "west": {"uv": [1, 5, 2, 8], "texture": "#all", "cullface": "south"}, "up": {"uv": [1, 5, 8, 6], "texture": "#all", "cullface": "south"}, "down": {"uv": [1, 7, 8, 8], "texture": "#all", "cullface": "south"}}}, {"from": [9, 8, 16], "to": [15.989876811878771, 11, 16.489055216748117], "rotation": {"angle": 0, "axis": "y", "origin": [8, 8, 8]}, "faces": {"east": {"uv": [15, 5, 16, 8], "texture": "#all", "cullface": "south"}, "south": {"uv": [9, 5, 16, 8], "texture": "#all", "cullface": "south"}, "west": {"uv": [9, 5, 10, 8], "texture": "#all", "cullface": "south"}, "up": {"uv": [9, 5, 16, 6], "texture": "#all", "cullface": "south"}, "down": {"uv": [9, 7, 16, 8], "texture": "#all", "cullface": "south"}}}, {"from": [5, 12, 16], "to": [12, 15, 16.489055216748117], "rotation": {"angle": 0, "axis": "y", "origin": [8, 8, 8]}, "faces": {"east": {"uv": [11, 1, 12, 4], "texture": "#all", "cullface": "south"}, "south": {"uv": [5, 1, 12, 4], "texture": "#all", "cullface": "south"}, "west": {"uv": [5, 1, 6, 4], "texture": "#all", "cullface": "south"}, "up": {"uv": [5, 1, 12, 2], "texture": "#all", "cullface": "south"}, "down": {"uv": [5, 3, 12, 4], "texture": "#all", "cullface": "south"}}}, {"from": [5, 0.010369130147170025, 16], "to": [12, 3, 16.489055216748117], "rotation": {"angle": 0, "axis": "y", "origin": [8, 8, 8]}, "faces": {"east": {"uv": [11, 13, 12, 16], "texture": "#all", "cullface": "south"}, "south": {"uv": [5, 13, 12, 16], "texture": "#all", "cullface": "south"}, "west": {"uv": [5, 13, 6, 16], "texture": "#all", "cullface": "south"}, "up": {"uv": [5, 13, 12, 14], "texture": "#all", "cullface": "south"}, "down": {"uv": [5, 15, 12, 16], "texture": "#all", "cullface": "south"}}}, {"from": [-0.48933348884754435, 0.010024650014436157, 13], "to": [0, 3, 15.989975349985563], "rotation": {"angle": 0, "axis": "y", "origin": [8, 8, 8]}, "faces": {"north": {"uv": [13, 13, 14, 16], "texture": "#all", "cullface": "west"}, "south": {"uv": [15, 13, 16, 16], "texture": "#all", "cullface": "west"}, "west": {"uv": [13, 13, 16, 16], "texture": "#all", "cullface": "west"}, "up": {"uv": [13, 13, 16, 14], "rotation": 90, "texture": "#all", "cullface": "west"}, "down": {"uv": [13, 15, 16, 16], "rotation": 270, "texture": "#all", "cullface": "west"}}}, {"from": [-0.48933348884754435, 4, 3], "to": [0, 7, 6], "rotation": {"angle": 0, "axis": "y", "origin": [8, 8, 8]}, "faces": {"north": {"uv": [3, 9, 4, 12], "texture": "#all", "cullface": "west"}, "south": {"uv": [5, 9, 6, 12], "texture": "#all", "cullface": "west"}, "west": {"uv": [3, 9, 6, 12], "texture": "#all", "cullface": "west"}, "up": {"uv": [3, 9, 6, 10], "rotation": 90, "texture": "#all", "cullface": "west"}, "down": {"uv": [3, 11, 6, 12], "rotation": 270, "texture": "#all", "cullface": "west"}}}, {"from": [-0.48933348884754435, 4, 7], "to": [0, 7, 10], "rotation": {"angle": 0, "axis": "y", "origin": [8, 8, 8]}, "faces": {"north": {"uv": [7, 9, 8, 12], "texture": "#all", "cullface": "west"}, "south": {"uv": [9, 9, 10, 12], "texture": "#all", "cullface": "west"}, "west": {"uv": [7, 9, 10, 12], "texture": "#all", "cullface": "west"}, "up": {"uv": [7, 9, 10, 10], "rotation": 90, "texture": "#all", "cullface": "west"}, "down": {"uv": [7, 11, 10, 12], "rotation": 270, "texture": "#all", "cullface": "west"}}}, {"from": [-0.48933348884754435, 4, 11], "to": [0, 7, 14], "rotation": {"angle": 0, "axis": "y", "origin": [8, 8, 8]}, "faces": {"north": {"uv": [11, 9, 12, 12], "texture": "#all", "cullface": "west"}, "south": {"uv": [13, 9, 14, 12], "texture": "#all", "cullface": "west"}, "west": {"uv": [11, 9, 14, 12], "texture": "#all", "cullface": "west"}, "up": {"uv": [11, 9, 14, 10], "rotation": 90, "texture": "#all", "cullface": "west"}, "down": {"uv": [11, 11, 14, 12], "rotation": 270, "texture": "#all", "cullface": "west"}}}, {"from": [-0.48933348884754435, 12, 13], "to": [0, 15, 15.98988760896417], "rotation": {"angle": 0, "axis": "y", "origin": [8, 8, 8]}, "faces": {"north": {"uv": [13, 1, 14, 4], "texture": "#all", "cullface": "west"}, "south": {"uv": [15, 1, 16, 4], "texture": "#all", "cullface": "west"}, "west": {"uv": [13, 1, 16, 4], "texture": "#all", "cullface": "west"}, "up": {"uv": [13, 1, 16, 2], "rotation": 90, "texture": "#all", "cullface": "west"}, "down": {"uv": [13, 3, 16, 4], "rotation": 270, "texture": "#all", "cullface": "west"}}}, {"from": [-0.48933348884754435, 4, 15], "to": [0, 7, 15.989655550392662], "rotation": {"angle": 0, "axis": "y", "origin": [8, 8, 8]}, "faces": {"north": {"uv": [15, 9, 16, 12], "texture": "#all", "cullface": "west"}, "south": {"uv": [15, 9, 16, 12], "texture": "#all", "cullface": "west"}, "west": {"uv": [15, 9, 16, 12], "texture": "#all", "cullface": "west"}, "up": {"uv": [15, 9, 16, 10], "rotation": 90, "texture": "#all", "cullface": "west"}, "down": {"uv": [15, 11, 16, 12], "rotation": 270, "texture": "#all", "cullface": "west"}}}, {"from": [-0.48933348884754435, 4, 0.010959171520607314], "to": [0, 7, 2], "rotation": {"angle": 0, "axis": "y", "origin": [8, 8, 8]}, "faces": {"north": {"uv": [0, 9, 1, 12], "texture": "#all", "cullface": "west"}, "south": {"uv": [1, 9, 2, 12], "texture": "#all", "cullface": "west"}, "west": {"uv": [0, 9, 2, 12], "texture": "#all", "cullface": "west"}, "up": {"uv": [0, 9, 2, 10], "rotation": 90, "texture": "#all", "cullface": "west"}, "down": {"uv": [0, 11, 2, 12], "rotation": 270, "texture": "#all", "cullface": "west"}}}, {"from": [-0.48933348884754435, 12, 0.010130157694428684], "to": [0, 15, 4], "rotation": {"angle": 0, "axis": "y", "origin": [8, 8, 8]}, "faces": {"north": {"uv": [0, 1, 1, 4], "texture": "#all", "cullface": "west"}, "south": {"uv": [3, 1, 4, 4], "texture": "#all", "cullface": "west"}, "west": {"uv": [0, 1, 4, 4], "texture": "#all", "cullface": "west"}, "up": {"uv": [0, 1, 4, 2], "rotation": 90, "texture": "#all", "cullface": "west"}, "down": {"uv": [0, 3, 4, 4], "rotation": 270, "texture": "#all", "cullface": "west"}}}, {"from": [-0.48933348884754435, 0.010966519260466994, 0.010966519260466994], "to": [0, 3, 4], "rotation": {"angle": 0, "axis": "y", "origin": [8, 8, 8]}, "faces": {"north": {"uv": [0, 13, 1, 16], "texture": "#all", "cullface": "west"}, "south": {"uv": [3, 13, 4, 16], "texture": "#all", "cullface": "west"}, "west": {"uv": [0, 13, 4, 16], "texture": "#all", "cullface": "west"}, "up": {"uv": [0, 13, 4, 14], "rotation": 90, "texture": "#all", "cullface": "west"}, "down": {"uv": [0, 15, 4, 16], "rotation": 270, "texture": "#all", "cullface": "west"}}}, {"from": [-0.48933348884754435, 8, 1], "to": [0, 11, 8], "rotation": {"angle": 0, "axis": "y", "origin": [8, 8, 8]}, "faces": {"north": {"uv": [1, 5, 2, 8], "texture": "#all", "cullface": "west"}, "south": {"uv": [7, 5, 8, 8], "texture": "#all", "cullface": "west"}, "west": {"uv": [1, 5, 8, 8], "texture": "#all", "cullface": "west"}, "up": {"uv": [1, 5, 8, 6], "rotation": 90, "texture": "#all", "cullface": "west"}, "down": {"uv": [1, 7, 8, 8], "rotation": 270, "texture": "#all", "cullface": "west"}}}, {"from": [-0.48933348884754435, 8, 9], "to": [0, 11, 15.98952662959724], "rotation": {"angle": 0, "axis": "y", "origin": [8, 8, 8]}, "faces": {"north": {"uv": [9, 5, 10, 8], "texture": "#all", "cullface": "west"}, "south": {"uv": [15, 5, 16, 8], "texture": "#all", "cullface": "west"}, "west": {"uv": [9, 5, 16, 8], "texture": "#all", "cullface": "west"}, "up": {"uv": [9, 5, 16, 6], "rotation": 90, "texture": "#all", "cullface": "west"}, "down": {"uv": [9, 7, 16, 8], "rotation": 270, "texture": "#all", "cullface": "west"}}}, {"from": [-0.48933348884754435, 12, 5], "to": [0, 15, 12], "rotation": {"angle": 0, "axis": "y", "origin": [8, 8, 8]}, "faces": {"north": {"uv": [5, 1, 6, 4], "texture": "#all", "cullface": "west"}, "south": {"uv": [11, 1, 12, 4], "texture": "#all", "cullface": "west"}, "west": {"uv": [5, 1, 12, 4], "texture": "#all", "cullface": "west"}, "up": {"uv": [5, 1, 12, 2], "rotation": 90, "texture": "#all", "cullface": "west"}, "down": {"uv": [5, 3, 12, 4], "rotation": 270, "texture": "#all", "cullface": "west"}}}, {"from": [-0.48933348884754435, 0.01093712684421547, 5], "to": [0, 3, 12], "rotation": {"angle": 0, "axis": "y", "origin": [8, 8, 8]}, "faces": {"north": {"uv": [5, 13, 6, 16], "texture": "#all", "cullface": "west"}, "south": {"uv": [11, 13, 12, 16], "texture": "#all", "cullface": "west"}, "west": {"uv": [5, 13, 12, 16], "texture": "#all", "cullface": "west"}, "up": {"uv": [5, 13, 12, 14], "rotation": 90, "texture": "#all", "cullface": "west"}, "down": {"uv": [5, 15, 12, 16], "rotation": 270, "texture": "#all", "cullface": "west"}}}, {"from": [13, 16, 13], "to": [15.989041852105013, 16.489428203173908, 15.989041852105013], "rotation": {"angle": 0, "axis": "y", "origin": [8, 8, 8]}, "faces": {"north": {"uv": [13, 13, 16, 14], "rotation": 180, "texture": "#all", "cullface": "up"}, "east": {"uv": [15, 13, 16, 16], "rotation": 90, "texture": "#all", "cullface": "up"}, "south": {"uv": [13, 15, 16, 16], "texture": "#all", "cullface": "up"}, "west": {"uv": [13, 13, 14, 16], "rotation": 270, "texture": "#all", "cullface": "up"}, "up": {"uv": [13, 13, 16, 16], "texture": "#all", "cullface": "up"}}}, {"from": [3, 16, 9], "to": [6, 16.489428203173908, 12], "rotation": {"angle": 0, "axis": "y", "origin": [8, 8, 8]}, "faces": {"north": {"uv": [3, 9, 6, 10], "rotation": 180, "texture": "#all", "cullface": "up"}, "east": {"uv": [5, 9, 6, 12], "rotation": 90, "texture": "#all", "cullface": "up"}, "south": {"uv": [3, 11, 6, 12], "texture": "#all", "cullface": "up"}, "west": {"uv": [3, 9, 4, 12], "rotation": 270, "texture": "#all", "cullface": "up"}, "up": {"uv": [3, 9, 6, 12], "texture": "#all", "cullface": "up"}}}, {"from": [7, 16, 9], "to": [10, 16.489428203173908, 12], "rotation": {"angle": 0, "axis": "y", "origin": [8, 8, 8]}, "faces": {"north": {"uv": [7, 9, 10, 10], "rotation": 180, "texture": "#all", "cullface": "up"}, "east": {"uv": [9, 9, 10, 12], "rotation": 90, "texture": "#all", "cullface": "up"}, "south": {"uv": [7, 11, 10, 12], "texture": "#all", "cullface": "up"}, "west": {"uv": [7, 9, 8, 12], "rotation": 270, "texture": "#all", "cullface": "up"}, "up": {"uv": [7, 9, 10, 12], "texture": "#all", "cullface": "up"}}}, {"from": [11, 16, 9], "to": [14, 16.489428203173908, 12], "rotation": {"angle": 0, "axis": "y", "origin": [8, 8, 8]}, "faces": {"north": {"uv": [11, 9, 14, 10], "rotation": 180, "texture": "#all", "cullface": "up"}, "east": {"uv": [13, 9, 14, 12], "rotation": 90, "texture": "#all", "cullface": "up"}, "south": {"uv": [11, 11, 14, 12], "texture": "#all", "cullface": "up"}, "west": {"uv": [11, 9, 12, 12], "rotation": 270, "texture": "#all", "cullface": "up"}, "up": {"uv": [11, 9, 14, 12], "texture": "#all", "cullface": "up"}}}, {"from": [13, 16, 1], "to": [15.989897419560453, 16.489428203173908, 4], "rotation": {"angle": 0, "axis": "y", "origin": [8, 8, 8]}, "faces": {"north": {"uv": [13, 1, 16, 2], "rotation": 180, "texture": "#all", "cullface": "up"}, "east": {"uv": [15, 1, 16, 4], "rotation": 90, "texture": "#all", "cullface": "up"}, "south": {"uv": [13, 3, 16, 4], "texture": "#all", "cullface": "up"}, "west": {"uv": [13, 1, 14, 4], "rotation": 270, "texture": "#all", "cullface": "up"}, "up": {"uv": [13, 1, 16, 4], "texture": "#all", "cullface": "up"}}}, {"from": [15, 16, 9], "to": [15.989419150618406, 16.489428203173908, 12], "rotation": {"angle": 0, "axis": "y", "origin": [8, 8, 8]}, "faces": {"north": {"uv": [15, 9, 16, 10], "rotation": 180, "texture": "#all", "cullface": "up"}, "east": {"uv": [15, 9, 16, 12], "rotation": 90, "texture": "#all", "cullface": "up"}, "south": {"uv": [15, 11, 16, 12], "texture": "#all", "cullface": "up"}, "west": {"uv": [15, 9, 16, 12], "rotation": 270, "texture": "#all", "cullface": "up"}, "up": {"uv": [15, 9, 16, 12], "texture": "#all", "cullface": "up"}}}, {"from": [0.01015640306008301, 16, 9], "to": [2, 16.489428203173908, 12], "rotation": {"angle": 0, "axis": "y", "origin": [8, 8, 8]}, "faces": {"north": {"uv": [0, 9, 2, 10], "rotation": 180, "texture": "#all", "cullface": "up"}, "east": {"uv": [1, 9, 2, 12], "rotation": 90, "texture": "#all", "cullface": "up"}, "south": {"uv": [0, 11, 2, 12], "texture": "#all", "cullface": "up"}, "west": {"uv": [0, 9, 1, 12], "rotation": 270, "texture": "#all", "cullface": "up"}, "up": {"uv": [0, 9, 2, 12], "texture": "#all", "cullface": "up"}}}, {"from": [0.010897675314150207, 16, 1], "to": [4, 16.489428203173908, 4], "rotation": {"angle": 0, "axis": "y", "origin": [8, 8, 8]}, "faces": {"north": {"uv": [0, 1, 4, 2], "rotation": 180, "texture": "#all", "cullface": "up"}, "east": {"uv": [3, 1, 4, 4], "rotation": 90, "texture": "#all", "cullface": "up"}, "south": {"uv": [0, 3, 4, 4], "texture": "#all", "cullface": "up"}, "west": {"uv": [0, 1, 1, 4], "rotation": 270, "texture": "#all", "cullface": "up"}, "up": {"uv": [0, 1, 4, 4], "texture": "#all", "cullface": "up"}}}, {"from": [0.010945678391495616, 16, 13], "to": [4, 16.489428203173908, 15.989054321608505], "rotation": {"angle": 0, "axis": "y", "origin": [8, 8, 8]}, "faces": {"north": {"uv": [0, 13, 4, 14], "rotation": 180, "texture": "#all", "cullface": "up"}, "east": {"uv": [3, 13, 4, 16], "rotation": 90, "texture": "#all", "cullface": "up"}, "south": {"uv": [0, 15, 4, 16], "texture": "#all", "cullface": "up"}, "west": {"uv": [0, 13, 1, 16], "rotation": 270, "texture": "#all", "cullface": "up"}, "up": {"uv": [0, 13, 4, 16], "texture": "#all", "cullface": "up"}}}, {"from": [1, 16, 5], "to": [8, 16.489428203173908, 8], "rotation": {"angle": 0, "axis": "y", "origin": [8, 8, 8]}, "faces": {"north": {"uv": [1, 5, 8, 6], "rotation": 180, "texture": "#all", "cullface": "up"}, "east": {"uv": [7, 5, 8, 8], "rotation": 90, "texture": "#all", "cullface": "up"}, "south": {"uv": [1, 7, 8, 8], "texture": "#all", "cullface": "up"}, "west": {"uv": [1, 5, 2, 8], "rotation": 270, "texture": "#all", "cullface": "up"}, "up": {"uv": [1, 5, 8, 8], "texture": "#all", "cullface": "up"}}}, {"from": [9, 16, 5], "to": [15.989684108581331, 16.489428203173908, 8], "rotation": {"angle": 0, "axis": "y", "origin": [8, 8, 8]}, "faces": {"north": {"uv": [9, 5, 16, 6], "rotation": 180, "texture": "#all", "cullface": "up"}, "east": {"uv": [15, 5, 16, 8], "rotation": 90, "texture": "#all", "cullface": "up"}, "south": {"uv": [9, 7, 16, 8], "texture": "#all", "cullface": "up"}, "west": {"uv": [9, 5, 10, 8], "rotation": 270, "texture": "#all", "cullface": "up"}, "up": {"uv": [9, 5, 16, 8], "texture": "#all", "cullface": "up"}}}, {"from": [5, 16, 1], "to": [12, 16.489428203173908, 4], "rotation": {"angle": 0, "axis": "y", "origin": [8, 8, 8]}, "faces": {"north": {"uv": [5, 1, 12, 2], "rotation": 180, "texture": "#all", "cullface": "up"}, "east": {"uv": [11, 1, 12, 4], "rotation": 90, "texture": "#all", "cullface": "up"}, "south": {"uv": [5, 3, 12, 4], "texture": "#all", "cullface": "up"}, "west": {"uv": [5, 1, 6, 4], "rotation": 270, "texture": "#all", "cullface": "up"}, "up": {"uv": [5, 1, 12, 4], "texture": "#all", "cullface": "up"}}}, {"from": [5, 16, 13], "to": [12, 16.489428203173908, 15.989245141586782], "rotation": {"angle": 0, "axis": "y", "origin": [8, 8, 8]}, "faces": {"north": {"uv": [5, 13, 12, 14], "rotation": 180, "texture": "#all", "cullface": "up"}, "east": {"uv": [11, 13, 12, 16], "rotation": 90, "texture": "#all", "cullface": "up"}, "south": {"uv": [5, 15, 12, 16], "texture": "#all", "cullface": "up"}, "west": {"uv": [5, 13, 6, 16], "rotation": 270, "texture": "#all", "cullface": "up"}, "up": {"uv": [5, 13, 12, 16], "texture": "#all", "cullface": "up"}}}, {"from": [13, -0.4897840206158932, 0.010291059519145353], "to": [15.989708940480854, 0, 3], "rotation": {"angle": 0, "axis": "y", "origin": [8, 8, 8]}, "faces": {"north": {"uv": [13, 15, 16, 16], "rotation": 180, "texture": "#all", "cullface": "down"}, "east": {"uv": [15, 13, 16, 16], "rotation": 270, "texture": "#all", "cullface": "down"}, "south": {"uv": [13, 13, 16, 14], "texture": "#all", "cullface": "down"}, "west": {"uv": [13, 13, 14, 16], "rotation": 90, "texture": "#all", "cullface": "down"}, "down": {"uv": [13, 13, 16, 16], "texture": "#all", "cullface": "down"}}}, {"from": [3, -0.4897840206158932, 4], "to": [6, 0, 7], "rotation": {"angle": 0, "axis": "y", "origin": [8, 8, 8]}, "faces": {"north": {"uv": [3, 11, 6, 12], "rotation": 180, "texture": "#all", "cullface": "down"}, "east": {"uv": [5, 9, 6, 12], "rotation": 270, "texture": "#all", "cullface": "down"}, "south": {"uv": [3, 9, 6, 10], "texture": "#all", "cullface": "down"}, "west": {"uv": [3, 9, 4, 12], "rotation": 90, "texture": "#all", "cullface": "down"}, "down": {"uv": [3, 9, 6, 12], "texture": "#all", "cullface": "down"}}}, {"from": [7, -0.4897840206158932, 4], "to": [10, 0, 7], "rotation": {"angle": 0, "axis": "y", "origin": [8, 8, 8]}, "faces": {"north": {"uv": [7, 11, 10, 12], "rotation": 180, "texture": "#all", "cullface": "down"}, "east": {"uv": [9, 9, 10, 12], "rotation": 270, "texture": "#all", "cullface": "down"}, "south": {"uv": [7, 9, 10, 10], "texture": "#all", "cullface": "down"}, "west": {"uv": [7, 9, 8, 12], "rotation": 90, "texture": "#all", "cullface": "down"}, "down": {"uv": [7, 9, 10, 12], "texture": "#all", "cullface": "down"}}}, {"from": [11, -0.4897840206158932, 4], "to": [14, 0, 7], "rotation": {"angle": 0, "axis": "y", "origin": [8, 8, 8]}, "faces": {"north": {"uv": [11, 11, 14, 12], "rotation": 180, "texture": "#all", "cullface": "down"}, "east": {"uv": [13, 9, 14, 12], "rotation": 270, "texture": "#all", "cullface": "down"}, "south": {"uv": [11, 9, 14, 10], "texture": "#all", "cullface": "down"}, "west": {"uv": [11, 9, 12, 12], "rotation": 90, "texture": "#all", "cullface": "down"}, "down": {"uv": [11, 9, 14, 12], "texture": "#all", "cullface": "down"}}}, {"from": [13, -0.4897840206158932, 12], "to": [15.989979450379359, 0, 15], "rotation": {"angle": 0, "axis": "y", "origin": [8, 8, 8]}, "faces": {"north": {"uv": [13, 3, 16, 4], "rotation": 180, "texture": "#all", "cullface": "down"}, "east": {"uv": [15, 1, 16, 4], "rotation": 270, "texture": "#all", "cullface": "down"}, "south": {"uv": [13, 1, 16, 2], "texture": "#all", "cullface": "down"}, "west": {"uv": [13, 1, 14, 4], "rotation": 90, "texture": "#all", "cullface": "down"}, "down": {"uv": [13, 1, 16, 4], "texture": "#all", "cullface": "down"}}}, {"from": [15, -0.4897840206158932, 4], "to": [15.989922078879907, 0, 7], "rotation": {"angle": 0, "axis": "y", "origin": [8, 8, 8]}, "faces": {"north": {"uv": [15, 11, 16, 12], "rotation": 180, "texture": "#all", "cullface": "down"}, "east": {"uv": [15, 9, 16, 12], "rotation": 270, "texture": "#all", "cullface": "down"}, "south": {"uv": [15, 9, 16, 10], "texture": "#all", "cullface": "down"}, "west": {"uv": [15, 9, 16, 12], "rotation": 90, "texture": "#all", "cullface": "down"}, "down": {"uv": [15, 9, 16, 12], "texture": "#all", "cullface": "down"}}}, {"from": [0.010073211149364861, -0.4897840206158932, 4], "to": [2, 0, 7], "rotation": {"angle": 0, "axis": "y", "origin": [8, 8, 8]}, "faces": {"north": {"uv": [0, 11, 2, 12], "rotation": 180, "texture": "#all", "cullface": "down"}, "east": {"uv": [1, 9, 2, 12], "rotation": 270, "texture": "#all", "cullface": "down"}, "south": {"uv": [0, 9, 2, 10], "texture": "#all", "cullface": "down"}, "west": {"uv": [0, 9, 1, 12], "rotation": 90, "texture": "#all", "cullface": "down"}, "down": {"uv": [0, 9, 2, 12], "texture": "#all", "cullface": "down"}}}, {"from": [0.010420231702174147, -0.4897840206158932, 12], "to": [4, 0, 15], "rotation": {"angle": 0, "axis": "y", "origin": [8, 8, 8]}, "faces": {"north": {"uv": [0, 3, 4, 4], "rotation": 180, "texture": "#all", "cullface": "down"}, "east": {"uv": [3, 1, 4, 4], "rotation": 270, "texture": "#all", "cullface": "down"}, "south": {"uv": [0, 1, 4, 2], "texture": "#all", "cullface": "down"}, "west": {"uv": [0, 1, 1, 4], "rotation": 90, "texture": "#all", "cullface": "down"}, "down": {"uv": [0, 1, 4, 4], "texture": "#all", "cullface": "down"}}}, {"from": [0.010550777177637439, -0.4897840206158932, 0.010550777177637439], "to": [4, 0, 3], "rotation": {"angle": 0, "axis": "y", "origin": [8, 8, 8]}, "faces": {"north": {"uv": [0, 15, 4, 16], "rotation": 180, "texture": "#all", "cullface": "down"}, "east": {"uv": [3, 13, 4, 16], "rotation": 270, "texture": "#all", "cullface": "down"}, "south": {"uv": [0, 13, 4, 14], "texture": "#all", "cullface": "down"}, "west": {"uv": [0, 13, 1, 16], "rotation": 90, "texture": "#all", "cullface": "down"}, "down": {"uv": [0, 13, 4, 16], "texture": "#all", "cullface": "down"}}}, {"from": [1, -0.4897840206158932, 8], "to": [8, 0, 11], "rotation": {"angle": 0, "axis": "y", "origin": [8, 8, 8]}, "faces": {"north": {"uv": [1, 7, 8, 8], "rotation": 180, "texture": "#all", "cullface": "down"}, "east": {"uv": [7, 5, 8, 8], "rotation": 270, "texture": "#all", "cullface": "down"}, "south": {"uv": [1, 5, 8, 6], "texture": "#all", "cullface": "down"}, "west": {"uv": [1, 5, 2, 8], "rotation": 90, "texture": "#all", "cullface": "down"}, "down": {"uv": [1, 5, 8, 8], "texture": "#all", "cullface": "down"}}}, {"from": [9, -0.4897840206158932, 8], "to": [15.989857716526158, 0, 11], "rotation": {"angle": 0, "axis": "y", "origin": [8, 8, 8]}, "faces": {"north": {"uv": [9, 7, 16, 8], "rotation": 180, "texture": "#all", "cullface": "down"}, "east": {"uv": [15, 5, 16, 8], "rotation": 270, "texture": "#all", "cullface": "down"}, "south": {"uv": [9, 5, 16, 6], "texture": "#all", "cullface": "down"}, "west": {"uv": [9, 5, 10, 8], "rotation": 90, "texture": "#all", "cullface": "down"}, "down": {"uv": [9, 5, 16, 8], "texture": "#all", "cullface": "down"}}}, {"from": [5, -0.4897840206158932, 12], "to": [12, 0, 15], "rotation": {"angle": 0, "axis": "y", "origin": [8, 8, 8]}, "faces": {"north": {"uv": [5, 3, 12, 4], "rotation": 180, "texture": "#all", "cullface": "down"}, "east": {"uv": [11, 1, 12, 4], "rotation": 270, "texture": "#all", "cullface": "down"}, "south": {"uv": [5, 1, 12, 2], "texture": "#all", "cullface": "down"}, "west": {"uv": [5, 1, 6, 4], "rotation": 90, "texture": "#all", "cullface": "down"}, "down": {"uv": [5, 1, 12, 4], "texture": "#all", "cullface": "down"}}}, {"from": [5, -0.4897840206158932, 0.01063696603741172], "to": [12, 0, 3], "rotation": {"angle": 0, "axis": "y", "origin": [8, 8, 8]}, "faces": {"north": {"uv": [5, 15, 12, 16], "rotation": 180, "texture": "#all", "cullface": "down"}, "east": {"uv": [11, 13, 12, 16], "rotation": 270, "texture": "#all", "cullface": "down"}, "south": {"uv": [5, 13, 12, 14], "texture": "#all", "cullface": "down"}, "west": {"uv": [5, 13, 6, 16], "rotation": 90, "texture": "#all", "cullface": "down"}, "down": {"uv": [5, 13, 12, 16], "texture": "#all", "cullface": "down"}}}], "display": {"thirdperson_righthand": {"rotation": [75, 45, 0], "translation": [0, 2.5, 0], "scale": [0.375, 0.375, 0.375]}, "thirdperson_lefthand": {"rotation": [75, 45, 0], "translation": [0, 2.5, 0], "scale": [0.375, 0.375, 0.375]}, "firstperson_righthand": {"rotation": [0, 45, 0], "scale": [0.4, 0.4, 0.4]}, "firstperson_lefthand": {"rotation": [0, 225, 0], "scale": [0.4, 0.4, 0.4]}, "ground": {"translation": [0, 3, 0], "scale": [0.25, 0.25, 0.25]}, "gui": {"rotation": [30, 225, 0], "scale": [0.625, 0.625, 0.625]}, "fixed": {"scale": [0.5, 0.5, 0.5]}}, "groups": [0, {"name": "north", "origin": [8, 8, 8], "color": 0, "children": [1, 2, 3, 4, 5, 6, 7, 8, 9, 10, 11, 12, 13]}, {"name": "east", "origin": [8, 8, 8], "color": 0, "children": [14, 15, 16, 17, 18, 19, 20, 21, 22, 23, 24, 25, 26]}, {"name": "south", "origin": [8, 8, 8], "color": 0, "children": [27, 28, 29, 30, 31, 32, 33, 34, 35, 36, 37, 38, 39]}, {"name": "west", "origin": [8, 8, 8], "color": 0, "children": [40, 41, 42, 43, 44, 45, 46, 47, 48, 49, 50, 51, 52]}, {"name": "up", "origin": [8, 8, 8], "color": 0, "children": [53, 54, 55, 56, 57, 58, 59, 60, 61, 62, 63, 64, 65]}, {"name": "down", "origin": [8, 8, 8], "color": 0, "children": [66, 67, 68, 69, 70, 71, 72, 73, 74, 75, 76, 77, 78]}]}