{"parent": "block/template_stone_bricks", "textures": {"particle": "#wall"}, "elements": [{"name": "wall", "from": [5, 0, 0], "to": [11, 14, 8], "faces": {"north": {"uv": [5, 2, 11, 16], "texture": "#wall", "cullface": "north"}, "east": {"uv": [8, 2, 16, 16], "texture": "#wall"}, "west": {"uv": [0, 2, 8, 16], "texture": "#wall"}, "up": {"uv": [5, 0, 11, 8], "texture": "#wall"}, "down": {"uv": [5, 8, 11, 16], "texture": "#wall", "cullface": "down"}}}, {"from": [8, -0.5, 1], "to": [11, 0, 8], "faces": {"north": {"uv": [8, 14, 16, 15], "rotation": 180, "texture": "#wall", "cullface": "down"}, "east": {"uv": [10, 8, 11, 15], "rotation": 270, "texture": "#wall", "cullface": "down"}, "south": {"uv": [8, 8, 11, 9], "texture": "#wall", "cullface": "down"}, "west": {"uv": [8, 8, 9, 15], "rotation": 90, "texture": "#wall", "cullface": "down"}, "down": {"uv": [7.99, 7.99, 10.99, 14.99], "texture": "#wall", "cullface": "down"}}}, {"from": [5, -0.5, 1], "to": [7, 0, 8], "faces": {"north": {"uv": [0, 14, 7, 15], "rotation": 180, "texture": "#wall", "cullface": "down"}, "east": {"uv": [6, 8, 7, 15], "rotation": 270, "texture": "#wall", "cullface": "down"}, "south": {"uv": [5, 8, 7, 9], "texture": "#wall", "cullface": "down"}, "west": {"uv": [5, 8, 6, 15], "rotation": 90, "texture": "#wall", "cullface": "down"}, "down": {"uv": [5.01, 7.99, 7.01, 14.99], "texture": "#wall", "cullface": "down"}}}, {"from": [5, 14, 0], "to": [11, 14.5, 7], "rotation": {"angle": 0, "axis": "y", "origin": [8, 6, 8]}, "faces": {"north": {"uv": [5, 0, 11, 1], "rotation": 180, "texture": "#wall"}, "east": {"uv": [10, 0, 11, 7], "rotation": 90, "texture": "#wall"}, "south": {"uv": [5, 6, 11, 7], "texture": "#wall"}, "west": {"uv": [5, 0, 6, 7], "rotation": 270, "texture": "#wall"}, "up": {"uv": [5.01, 0.01, 11.01, 7.01], "texture": "#wall"}}}, {"from": [4.5, 1, 0], "to": [5, 8, 7], "rotation": {"angle": 0, "axis": "y", "origin": [13, 8, 8]}, "faces": {"north": {"uv": [0, 8, 1, 15], "texture": "#wall"}, "south": {"uv": [6, 8, 7, 15], "texture": "#wall"}, "west": {"uv": [0, 8, 7, 15], "texture": "#wall"}, "up": {"uv": [0, 8, 7, 9], "rotation": 90, "texture": "#wall"}, "down": {"uv": [0, 14, 7, 15], "rotation": 270, "texture": "#wall"}}}, {"from": [4.5, 9, 0], "to": [5, 14, 8], "rotation": {"angle": 0, "axis": "y", "origin": [13, 8, 8]}, "faces": {"north": {"uv": [0, 2, 1, 7], "texture": "#wall"}, "west": {"uv": [0, 2, 8, 7], "texture": "#wall"}, "up": {"uv": [0, 2, 8, 3], "rotation": 90, "texture": "#wall"}, "down": {"uv": [0, 6, 15, 7], "rotation": 270, "texture": "#wall"}}}, {"from": [11, 1, 0], "to": [11.5, 8, 8], "rotation": {"angle": 0, "axis": "y", "origin": [3, 8, 8]}, "faces": {"north": {"uv": [15, 8, 16, 15], "texture": "#wall"}, "east": {"uv": [8, 8, 16, 15], "texture": "#wall"}, "south": {"uv": [8, 8, 9, 15], "texture": "#wall"}, "up": {"uv": [8, 8, 16, 9], "rotation": 270, "texture": "#wall"}, "down": {"uv": [8, 14, 16, 15], "rotation": 90, "texture": "#wall"}}}, {"from": [11, 9, 1], "to": [11.5, 14, 8], "rotation": {"angle": 0, "axis": "y", "origin": [3, 8, 8]}, "faces": {"north": {"uv": [14, 2, 15, 7], "texture": "#wall"}, "east": {"uv": [8, 2, 15, 7], "texture": "#wall"}, "up": {"uv": [8, 2, 15, 3], "rotation": 270, "texture": "#wall"}, "down": {"uv": [8, 6, 15, 7], "rotation": 90, "texture": "#wall"}}}, {"from": [5, 1, -0.5], "to": [8, 8, 0], "faces": {"north": {"uv": [8, 8, 11, 15], "texture": "#wall", "cullface": "north"}, "east": {"uv": [8, 8, 9, 15], "texture": "#wall", "cullface": "north"}, "west": {"uv": [15, 8, 16, 15], "texture": "#wall", "cullface": "north"}, "up": {"uv": [8, 8, 11, 9], "rotation": 180, "texture": "#wall", "cullface": "north"}, "down": {"uv": [8, 14, 11, 15], "rotation": 180, "texture": "#wall", "cullface": "north"}}}, {"from": [9, 1, -0.5], "to": [11, 8, 0], "faces": {"north": {"uv": [5, 8, 7, 15], "texture": "#wall", "cullface": "north"}, "east": {"uv": [5, 8, 6, 15], "texture": "#wall", "cullface": "north"}, "west": {"uv": [6, 8, 7, 15], "texture": "#wall", "cullface": "north"}, "up": {"uv": [5, 8, 7, 9], "rotation": 180, "texture": "#wall", "cullface": "north"}, "down": {"uv": [5, 14, 7, 15], "rotation": 180, "texture": "#wall", "cullface": "north"}}}, {"from": [5, 9, -0.5], "to": [11, 14, 0], "faces": {"north": {"uv": [5, 2, 11, 7], "texture": "#wall", "cullface": "north"}, "east": {"uv": [5, 2, 6, 7], "texture": "#wall", "cullface": "north"}, "west": {"uv": [10, 2, 11, 7], "texture": "#wall", "cullface": "north"}, "up": {"uv": [5, 2, 11, 3], "rotation": 180, "texture": "#wall", "cullface": "north"}, "down": {"uv": [0, 6, 15, 7], "rotation": 180, "texture": "#wall", "cullface": "north"}}}], "display": {"thirdperson_righthand": {"rotation": [75, 45, 0], "translation": [0, 2.5, 0], "scale": [0.375, 0.375, 0.375]}, "thirdperson_lefthand": {"rotation": [75, 45, 0], "translation": [0, 2.5, 0], "scale": [0.375, 0.375, 0.375]}, "firstperson_righthand": {"rotation": [0, 45, 0], "scale": [0.4, 0.4, 0.4]}, "firstperson_lefthand": {"rotation": [0, 225, 0], "scale": [0.4, 0.4, 0.4]}, "ground": {"translation": [0, 3, 0], "scale": [0.25, 0.25, 0.25]}, "gui": {"rotation": [30, 225, 0], "scale": [0.625, 0.625, 0.625]}, "fixed": {"scale": [0.5, 0.5, 0.5]}}, "groups": [0, {"name": "down", "origin": [8, 8, 8], "color": 0, "children": [1, 2]}, {"name": "up", "origin": [8, 8, 8], "color": 0, "children": [3]}, {"name": "west", "origin": [8, 8, 8], "color": 0, "children": [4, 5]}, {"name": "east", "origin": [8, 8, 8], "color": 0, "children": [6, 7]}, {"name": "north", "origin": [8, 8, 8], "color": 0, "children": [8, 9, 10]}]}