{
	"credit": "by umsoea, made with Blockbench",
	"textures": {
		"0": "block/umsoea_models/redstone_wire",
		"1": "block/umsoea_models/redstone_wire_on",
		"2": "block/umsoea_models/palette_glossy"
	},
	"elements": [
		{
			"from": [5.5, -0.2, 5.5],
			"to": [10.5, 1.7, 10.5],
			"rotation": {"angle": 0, "axis": "y", "origin": [5.7, 0, 5.5]},
			"faces": {
				"north": {"uv": [0, 2, 1, 3], "texture": "#2"},
				"east": {"uv": [0, 2, 1, 3], "texture": "#2"},
				"south": {"uv": [0, 2, 1, 3], "texture": "#2"},
				"west": {"uv": [0, 2, 1, 3], "texture": "#2"},
				"up": {"uv": [4, 10, 10, 16], "rotation": 90, "texture": "#0"},
				"down": {"uv": [10, 10, 16, 16], "rotation": 90, "texture": "#0", "cullface": "down"}
			}
		},
		{
			"from": [7.15, 0.65, 5.05],
			"to": [8.85, 1.1, 10.95],
			"rotation": {"angle": 0, "axis": "y", "origin": [5.7, 0, 5.5]},
			"faces": {
				"north": {"uv": [0, 1, 1, 2], "texture": "#2"},
				"east": {"uv": [0, 1, 1, 2], "texture": "#2"},
				"south": {"uv": [0, 1, 1, 2], "texture": "#2"},
				"west": {"uv": [0, 1, 1, 2], "texture": "#2"},
				"up": {"uv": [0, 1, 1, 2], "texture": "#2"},
				"down": {"uv": [0, 1, 1, 2], "texture": "#2"}
			}
		},
		{
			"from": [5.05, 0.65, 7.15],
			"to": [10.95, 1.1, 8.85],
			"rotation": {"angle": 0, "axis": "y", "origin": [8, 0.55, 8]},
			"faces": {
				"north": {"uv": [0, 1, 1, 2], "texture": "#2"},
				"east": {"uv": [0, 1, 1, 2], "texture": "#2"},
				"south": {"uv": [0, 1, 1, 2], "texture": "#2"},
				"west": {"uv": [0, 1, 1, 2], "texture": "#2"},
				"up": {"uv": [0, 1, 1, 2], "texture": "#2"},
				"down": {"uv": [0, 1, 1, 2], "texture": "#2"}
			}
		},
		{
			"name": "red",
			"from": [7.225, 1.525, 8.8],
			"to": [7.675, 1.525, 9.15],
			"rotation": {"angle": 0, "axis": "y", "origin": [4.7, -0.175, 8.5]},
			"faces": {
				"up": {"uv": [4.92969, 8.805, 5.82769, 9.992], "rotation": 90, "texture": "#0"}
			}
		},
		{
			"name": "green",
			"from": [6.625, 1.525, 7.725],
			"to": [6.85, 1.525, 8.3],
			"rotation": {"angle": 0, "axis": "y", "origin": [4.025, -0.175, 7.2]},
			"faces": {
				"up": {"uv": [4.102, 8.03156, 5.688, 8.65556], "rotation": 90, "texture": "#0", "tintindex": 0}
			}
		},
		{
			"from": [5.525, 1.5, 5.525],
			"to": [10.475, 1.5, 10.475],
			"rotation": {"angle": 0, "axis": "y", "origin": [5.7, -0.2, 5.5]},
			"faces": {
				"up": {"uv": [4, 10, 10, 16], "rotation": 90, "texture": "#1"}
			}
		}
	]
}