{
	"credit": "by umsoea, made with Blockbench",
	"textures": {
		"0": "block/umsoea_models/redstone_wire",
		"1": "block/umsoea_models/redstone_wire_on"
	},
	"elements": [
		{
			"from": [7.41, 0.025, 7.4],
			"to": [16.01, 0.025, 16],
			"rotation": {"angle": 0, "axis": "x", "origin": [11.71, 0.025, 11.7]},
			"faces": {
				"down": {"uv": [0, 0, 8, 8], "rotation": 270, "texture": "#1", "cullface": "down", "tintindex": 0}
			}
		},
		{
			"from": [7.41, 0.875, 7.4],
			"to": [16.01, 0.875, 16],
			"rotation": {"angle": 0, "axis": "y", "origin": [11.71, 0.875, 11.7]},
			"faces": {
				"up": {"uv": [0, 0, 8, 8], "texture": "#1", "tintindex": 0}
			}
		},
		{
			"from": [7.41, 0.85, 7.4],
			"to": [16.01, 0.85, 16],
			"rotation": {"angle": 0, "axis": "y", "origin": [16, 8.85, 16]},
			"faces": {
				"up": {"uv": [0, 0, 8, 8], "texture": "#0"},
				"down": {"uv": [0, 0, 8, 8], "rotation": 270, "texture": "#0", "cullface": "down"}
			}
		},
		{
			"from": [7.41, 0.65, 7.4],
			"to": [16.01, 0.65, 16],
			"rotation": {"angle": 0, "axis": "y", "origin": [16, 8.65, 16]},
			"faces": {
				"up": {"uv": [0, 0, 8, 8], "texture": "#0"},
				"down": {"uv": [0, 0, 8, 8], "rotation": 270, "texture": "#0", "cullface": "down"}
			}
		},
		{
			"from": [7.41, 0.45, 7.4],
			"to": [16.01, 0.45, 16],
			"rotation": {"angle": 0, "axis": "y", "origin": [16, 8.45, 16]},
			"faces": {
				"up": {"uv": [0, 0, 8, 8], "texture": "#0"},
				"down": {"uv": [0, 0, 8, 8], "rotation": 270, "texture": "#0", "cullface": "down"}
			}
		},
		{
			"from": [7.41, 0.25, 7.4],
			"to": [16.01, 0.25, 16],
			"rotation": {"angle": 0, "axis": "y", "origin": [16, 8.25, 16]},
			"faces": {
				"up": {"uv": [0, 0, 8, 8], "texture": "#0"},
				"down": {"uv": [0, 0, 8, 8], "rotation": 270, "texture": "#0", "cullface": "down"}
			}
		},
		{
			"from": [7.41, 0.05, 7.4],
			"to": [16.01, 0.05, 16],
			"rotation": {"angle": 0, "axis": "y", "origin": [16, 8.05, 16]},
			"faces": {
				"up": {"uv": [0, 0, 8, 8], "texture": "#0"},
				"down": {"uv": [0, 0, 8, 8], "rotation": 270, "texture": "#0", "cullface": "down"}
			}
		}
	]
}