{
	"credit": "by umsoea, made with Blockbench",
	"textures": {
		"0": "block/umsoea_models/redstone_wire",
		"1": "block/umsoea_models/redstone_wire_on",
		"2": "block/umsoea_models/palette_glossy"
	},
	"elements": [
		{
			"from": [1.275, -0.15, 7.7],
			"to": [1.725, 1.35, 8.3],
			"rotation": {"angle": 0, "axis": "y", "origin": [-0.8, 0.8375, 8]},
			"faces": {
				"north": {"uv": [0, 14, 1, 15], "texture": "#2", "tintindex": 0},
				"east": {"uv": [0, 14, 1, 15], "texture": "#2", "tintindex": 0},
				"south": {"uv": [0, 14, 1, 15], "texture": "#2", "tintindex": 0},
				"up": {"uv": [0, 14, 1, 15], "texture": "#2", "tintindex": 0},
				"down": {"uv": [0, 14, 1, 15], "texture": "#2", "cullface": "down", "tintindex": 0}
			}
		},
		{
			"from": [1.3, -0.1, 7.3],
			"to": [3.5, 1.3, 8.7],
			"rotation": {"angle": 0, "axis": "y", "origin": [1.4, 0.5, 7.5]},
			"faces": {
				"north": {"uv": [1, 1, 2, 2], "rotation": 90, "texture": "#2"},
				"east": {"uv": [1, 1, 2, 2], "rotation": 90, "texture": "#2"},
				"south": {"uv": [1, 1, 2, 2], "rotation": 90, "texture": "#2"},
				"up": {"uv": [0, 1, 1, 2], "rotation": 90, "texture": "#2"},
				"down": {"uv": [1, 1, 2, 2], "rotation": 90, "texture": "#2", "cullface": "down"}
			}
		},
		{
			"from": [-0.025, -0.2, 6.9],
			"to": [1.7, 0.1, 9.1],
			"rotation": {"angle": 0, "axis": "y", "origin": [1.4, 0.5, 7.5]},
			"faces": {
				"north": {"uv": [1, 1, 2, 2], "rotation": 90, "texture": "#2"},
				"east": {"uv": [1, 1, 2, 2], "rotation": 90, "texture": "#2"},
				"south": {"uv": [1, 1, 2, 2], "rotation": 90, "texture": "#2"},
				"west": {"uv": [1, 1, 2, 2], "rotation": 90, "texture": "#2"},
				"up": {"uv": [1, 2, 2, 3], "rotation": 90, "texture": "#2"},
				"down": {"uv": [7.485, 8.016, 9.985, 9.992], "rotation": 90, "texture": "#0"}
			}
		},
		{
			"from": [-0.025, 0.1, 6.9],
			"to": [1.6, 1.7, 7.2],
			"rotation": {"angle": 0, "axis": "y", "origin": [1.4, 0.5, 7.5]},
			"faces": {
				"north": {"uv": [1, 1, 2, 2], "rotation": 90, "texture": "#2"},
				"south": {"uv": [1, 2, 2, 3], "rotation": 90, "texture": "#2"},
				"west": {"uv": [1, 1, 2, 2], "rotation": 90, "texture": "#2"}
			}
		},
		{
			"from": [0.975, 0.6, 7.55],
			"to": [0.975, 1.2, 7.7],
			"rotation": {"angle": 0, "axis": "y", "origin": [2.375, 0.5, 8.025]},
			"faces": {
				"west": {"uv": [0, 0, 1, 1], "rotation": 90, "texture": "#2"}
			}
		},
		{
			"from": [0.975, 0.6, 8.3],
			"to": [0.975, 1.2, 8.45],
			"rotation": {"angle": 0, "axis": "y", "origin": [2.375, 0.5, 8.775]},
			"faces": {
				"west": {"uv": [0, 0, 1, 1], "rotation": 90, "texture": "#2"}
			}
		},
		{
			"from": [-0.025, 0.1, 8.8],
			"to": [1.6, 1.7, 9.1],
			"rotation": {"angle": 0, "axis": "y", "origin": [1.4, 0.5, 9.4]},
			"faces": {
				"north": {"uv": [1, 2, 2, 3], "rotation": 90, "texture": "#2"},
				"south": {"uv": [1, 1, 2, 2], "rotation": 90, "texture": "#2"},
				"west": {"uv": [1, 1, 2, 2], "rotation": 90, "texture": "#2"}
			}
		},
		{
			"from": [-0.025, 1.7, 6.9],
			"to": [1.7, 2, 9.1],
			"rotation": {"angle": 0, "axis": "y", "origin": [1.4, 0.5, 7.5]},
			"faces": {
				"north": {"uv": [1, 1, 2, 2], "rotation": 90, "texture": "#2"},
				"east": {"uv": [1, 1, 2, 2], "rotation": 90, "texture": "#2"},
				"south": {"uv": [1, 1, 2, 2], "rotation": 90, "texture": "#2"},
				"west": {"uv": [1, 1, 2, 2], "rotation": 90, "texture": "#2"},
				"up": {"uv": [7.485, 8.016, 9.985, 9.992], "rotation": 90, "texture": "#0"},
				"down": {"uv": [1, 3, 2, 4], "rotation": 90, "texture": "#2"}
			}
		},
		{
			"from": [1, -0.1, 6.9],
			"to": [1.7, 1.9, 9.1],
			"rotation": {"angle": 0, "axis": "y", "origin": [1.4, 0.5, 7.5]},
			"faces": {
				"north": {"uv": [1, 1, 2, 2], "rotation": 90, "texture": "#2"},
				"east": {"uv": [1, 1, 2, 2], "rotation": 90, "texture": "#2"},
				"south": {"uv": [1, 1, 2, 2], "rotation": 90, "texture": "#2"},
				"west": {"uv": [1, 4, 2, 5], "rotation": 90, "texture": "#2"}
			}
		},
		{
			"from": [1.005, 0.85, 7.425],
			"to": [16.005, 0.85, 8.575],
			"rotation": {"angle": 0, "axis": "y", "origin": [8.005, 0.45, 8]},
			"faces": {
				"up": {"uv": [8.164, 0.031, 16, 1.079], "texture": "#0"},
				"down": {"uv": [8.164, 0.031, 16, 1.079], "rotation": 180, "texture": "#0", "cullface": "down"}
			}
		},
		{
			"from": [1.005, 0.65, 7.425],
			"to": [16.005, 0.65, 8.575],
			"rotation": {"angle": 0, "axis": "y", "origin": [8.005, 0.25, 8]},
			"faces": {
				"up": {"uv": [8.164, 0.031, 16, 1.079], "texture": "#0"},
				"down": {"uv": [8.164, 0.031, 16, 1.079], "rotation": 180, "texture": "#0", "cullface": "down"}
			}
		},
		{
			"from": [1.005, 0.45, 7.425],
			"to": [16.005, 0.45, 8.575],
			"rotation": {"angle": 0, "axis": "y", "origin": [8.005, 0.05, 8]},
			"faces": {
				"up": {"uv": [8.164, 0.031, 16, 1.079], "texture": "#0"},
				"down": {"uv": [8.164, 0.031, 16, 1.079], "rotation": 180, "texture": "#0", "cullface": "down"}
			}
		},
		{
			"from": [1.005, 0.25, 7.425],
			"to": [16.005, 0.25, 8.575],
			"rotation": {"angle": 0, "axis": "y", "origin": [8.005, -0.15, 8]},
			"faces": {
				"up": {"uv": [8.164, 0.031, 16, 1.079], "texture": "#0"},
				"down": {"uv": [8.164, 0.031, 16, 1.079], "rotation": 180, "texture": "#0", "cullface": "down"}
			}
		},
		{
			"from": [1.005, 0.05, 7.425],
			"to": [16.005, 0.05, 8.575],
			"rotation": {"angle": 0, "axis": "y", "origin": [8.005, -0.35, 8]},
			"faces": {
				"up": {"uv": [8.164, 0.031, 16, 1.079], "texture": "#0"},
				"down": {"uv": [8.164, 0.031, 16, 1.079], "rotation": 180, "texture": "#0"}
			}
		},
		{
			"from": [8.005, 0.875, 7.425],
			"to": [16.005, 0.875, 8.575],
			"rotation": {"angle": 0, "axis": "y", "origin": [8.005, 0.45, 8]},
			"faces": {
				"up": {"uv": [7.898, 0.031, 15.977, 1.079], "texture": "#1", "tintindex": 0}
			}
		},
		{
			"from": [8.005, 0.025, 7.425],
			"to": [16.005, 0.025, 8.575],
			"rotation": {"angle": 0, "axis": "y", "origin": [8.005, 0.45, 8]},
			"faces": {
				"down": {"uv": [7.898, 0.031, 15.977, 1.079], "texture": "#1", "cullface": "down", "tintindex": 0}
			}
		},
		{
			"from": [1.005, 0.875, 7.425],
			"to": [8.005, 0.875, 8.575],
			"rotation": {"angle": 0, "axis": "y", "origin": [8.005, 0.45, 8]},
			"faces": {
				"up": {"uv": [8.234, 0.031, 16, 1.079], "texture": "#1", "tintindex": 0}
			}
		},
		{
			"from": [1.005, 0.025, 7.425],
			"to": [8.005, 0.025, 8.575],
			"rotation": {"angle": 0, "axis": "y", "origin": [8.005, 0.45, 8]},
			"faces": {
				"down": {"uv": [8.234, 0.031, 16, 1.079], "texture": "#1", "cullface": "down", "tintindex": 0}
			}
		}
	],
	"groups": [0, 1, 2, 3, 4, 5, 6, 7, 8,
		{
			"name": "line",
			"origin": [8, 8, 8],
			"children": [9, 10, 11, 12, 13, 14, 15, 16, 17]
		}
	]
}