{
	"credit": "by umsoea, made with Blockbench",
	"textures": {
		"0": "block/umsoea_models/redstone_wire",
		"1": "block/umsoea_models/redstone_wire_on"
	},
	"elements": [
		{
			"from": [7.43, 0.875, 8],
			"to": [8.58, 0.875, 16],
			"rotation": {"angle": 0, "axis": "y", "origin": [8.025, 0.525, 8]},
			"faces": {
				"up": {"uv": [7.898, 0.031, 15.977, 1.079], "rotation": 90, "texture": "#1", "tintindex": 0}
			}
		},
		{
			"from": [7.43, 0.025, 8],
			"to": [8.58, 0.025, 16],
			"rotation": {"angle": 0, "axis": "z", "origin": [8.005, 0.025, 8]},
			"faces": {
				"down": {"uv": [7.898, 0.031, 15.977, 1.079], "rotation": 270, "texture": "#1", "cullface": "down", "tintindex": 0}
			}
		},
		{
			"from": [7.43, 0.875, 0],
			"to": [8.58, 0.875, 8],
			"rotation": {"angle": 0, "axis": "y", "origin": [8.025, 0.525, 0]},
			"faces": {
				"up": {"uv": [8.234, 0.031, 16, 1.079], "rotation": 90, "texture": "#1", "tintindex": 0}
			}
		},
		{
			"from": [7.43, 0.025, 0],
			"to": [8.58, 0.025, 8],
			"rotation": {"angle": 0, "axis": "z", "origin": [8.005, -0.975, 8]},
			"faces": {
				"down": {"uv": [8.234, 0.031, 16, 1.079], "rotation": 270, "texture": "#1", "cullface": "down", "tintindex": 0}
			}
		},
		{
			"from": [7.43, 0.05, 0],
			"to": [8.58, 0.05, 16],
			"rotation": {"angle": 0, "axis": "y", "origin": [8.025, -0.3, 8]},
			"faces": {
				"up": {"uv": [8.164, 0.031, 16, 1.079], "rotation": 90, "texture": "#0"},
				"down": {"uv": [8.164, 0.031, 16, 1.079], "rotation": 90, "texture": "#0", "cullface": "down"}
			}
		},
		{
			"from": [7.43, 0.25, 0],
			"to": [8.58, 0.25, 16],
			"rotation": {"angle": 0, "axis": "y", "origin": [8.025, -0.1, 8]},
			"faces": {
				"up": {"uv": [8.164, 0.031, 16, 1.079], "rotation": 90, "texture": "#0"},
				"down": {"uv": [8.164, 0.031, 16, 1.079], "rotation": 90, "texture": "#0", "cullface": "down"}
			}
		},
		{
			"from": [7.43, 0.45, 0],
			"to": [8.58, 0.45, 16],
			"rotation": {"angle": 0, "axis": "y", "origin": [8.025, 0.1, 8]},
			"faces": {
				"up": {"uv": [8.164, 0.031, 16, 1.079], "rotation": 90, "texture": "#0"},
				"down": {"uv": [8.164, 0.031, 16, 1.079], "rotation": 90, "texture": "#0", "cullface": "down"}
			}
		},
		{
			"from": [7.43, 0.65, 0],
			"to": [8.58, 0.65, 16],
			"rotation": {"angle": 0, "axis": "y", "origin": [8.025, 0.3, 8]},
			"faces": {
				"up": {"uv": [8.164, 0.031, 16, 1.079], "rotation": 90, "texture": "#0"},
				"down": {"uv": [8.164, 0.031, 16, 1.079], "rotation": 90, "texture": "#0", "cullface": "down"}
			}
		},
		{
			"from": [7.43, 0.85, 0],
			"to": [8.58, 0.85, 16],
			"rotation": {"angle": 0, "axis": "y", "origin": [8.025, 0.5, 8]},
			"faces": {
				"up": {"uv": [8.164, 0.031, 16, 1.079], "rotation": 90, "texture": "#0"},
				"down": {"uv": [8.164, 0.031, 16, 1.079], "rotation": 90, "texture": "#0", "cullface": "down"}
			}
		}
	]
}