{
	"credit": "by umsoea, made with Blockbench",
	"textures": {
		"0": "block/umsoea_models/redstone_wire",
		"1": "block/umsoea_models/redstone_wire_on",
		"2": "block/umsoea_models/palette_glossy",
		"3": "block/umsoea_models/palette_metal",
		"particle": "block/umsoea_models/redstone_wire"
	},
	"elements": [
		{
			"from": [1.275, -0.15, 7.7],
			"to": [1.725, 1.35, 8.3],
			"rotation": {"angle": 0, "axis": "y", "origin": [-0.8, 0.8375, 8]},
			"faces": {
				"north": {"uv": [0, 14, 1, 15], "texture": "#2", "tintindex": 0},
				"east": {"uv": [0, 14, 1, 15], "texture": "#2", "tintindex": 0},
				"south": {"uv": [0, 14, 1, 15], "texture": "#2", "tintindex": 0},
				"up": {"uv": [0, 14, 1, 15], "texture": "#2", "tintindex": 0},
				"down": {"uv": [0, 14, 1, 15], "texture": "#2", "cullface": "down", "tintindex": 0}
			}
		},
		{
			"from": [0.3, -0.1, 7.3],
			"to": [3.5, 1.3, 8.7],
			"rotation": {"angle": 0, "axis": "y", "origin": [1.4, 0.5, 7.5]},
			"faces": {
				"north": {"uv": [1, 1, 2, 2], "rotation": 90, "texture": "#2"},
				"east": {"uv": [1, 1, 2, 2], "rotation": 90, "texture": "#2"},
				"south": {"uv": [1, 1, 2, 2], "rotation": 90, "texture": "#2"},
				"up": {"uv": [0, 1, 1, 2], "rotation": 90, "texture": "#2"},
				"down": {"uv": [1, 1, 2, 2], "rotation": 90, "texture": "#2", "cullface": "down"}
			}
		},
		{
			"from": [-0.025, -0.2, 6.9],
			"to": [1.7, 2, 9.1],
			"rotation": {"angle": 0, "axis": "y", "origin": [1.4, 0.5, 7.5]},
			"faces": {
				"north": {"uv": [1, 1, 2, 2], "rotation": 90, "texture": "#2"},
				"east": {"uv": [1, 1, 2, 2], "rotation": 90, "texture": "#2"},
				"south": {"uv": [1, 1, 2, 2], "rotation": 90, "texture": "#2"},
				"west": {"uv": [1, 1, 2, 2], "rotation": 90, "texture": "#2"},
				"up": {"uv": [7.469, 8.016, 10.001, 9.992], "rotation": 90, "texture": "#0"},
				"down": {"uv": [7.469, 8.016, 10.001, 9.992], "rotation": 90, "texture": "#0"}
			}
		},
		{
			"from": [-0.3, 0.1, 7.2],
			"to": [1, 1.7, 8.8],
			"rotation": {"angle": 0, "axis": "y", "origin": [7, 0.5, 7.5]},
			"faces": {
				"north": {"uv": [0, 1, 1, 2], "texture": "#2"},
				"south": {"uv": [0, 1, 1, 2], "texture": "#2"},
				"west": {"uv": [0, 1, 1, 2], "texture": "#2"},
				"up": {"uv": [0, 1, 1, 2], "texture": "#2"},
				"down": {"uv": [0, 1, 1, 2], "texture": "#2"}
			}
		},
		{
			"from": [-1.5, 0.7, 8.4],
			"to": [1, 1.1, 8.5],
			"rotation": {"angle": 0, "axis": "y", "origin": [7, 0.4, 7.6]},
			"faces": {
				"north": {"uv": [13, 8, 14, 9], "texture": "#3"},
				"south": {"uv": [13, 8, 14, 9], "texture": "#3"},
				"west": {"uv": [13, 8, 14, 9], "texture": "#3"},
				"up": {"uv": [13, 8, 14, 9], "texture": "#3"},
				"down": {"uv": [13, 8, 14, 9], "texture": "#3"}
			}
		},
		{
			"from": [-1.5, 0.7, 7.5],
			"to": [1, 1.1, 7.6],
			"rotation": {"angle": 0, "axis": "y", "origin": [7, 0.4, 6.8]},
			"faces": {
				"north": {"uv": [13, 8, 14, 9], "texture": "#3"},
				"south": {"uv": [13, 8, 14, 9], "texture": "#3"},
				"west": {"uv": [13, 8, 14, 9], "texture": "#3"},
				"up": {"uv": [13, 8, 14, 9], "texture": "#3"},
				"down": {"uv": [13, 8, 14, 9], "texture": "#3"}
			}
		},
		{
			"from": [8.005, 0.875, 7.425],
			"to": [16.005, 0.875, 8.575],
			"rotation": {"angle": 0, "axis": "y", "origin": [8.005, 0.45, 8]},
			"faces": {
				"north": {"uv": [3, 1, 4, 2], "rotation": 90, "texture": "#2"},
				"east": {"uv": [8.164, 0.031, 16, 1.079], "rotation": 90, "texture": "#0"},
				"south": {"uv": [3, 1, 4, 2], "rotation": 90, "texture": "#2"},
				"west": {"uv": [8.164, 0.031, 16, 1.079], "rotation": 90, "texture": "#0"},
				"up": {"uv": [7.898, 0.031, 15.977, 1.079], "texture": "#1", "tintindex": 0}
			}
		},
		{
			"from": [8.005, 0.025, 7.425],
			"to": [16.005, 0.025, 8.575],
			"rotation": {"angle": 0, "axis": "y", "origin": [8.005, 0.45, 8]},
			"faces": {
				"north": {"uv": [3, 1, 4, 2], "rotation": 270, "texture": "#2"},
				"east": {"uv": [8.164, 0.031, 16, 1.079], "rotation": 270, "texture": "#0"},
				"south": {"uv": [3, 1, 4, 2], "rotation": 270, "texture": "#2"},
				"west": {"uv": [8.164, 0.031, 16, 1.079], "rotation": 270, "texture": "#0"},
				"down": {"uv": [7.898, 0.031, 15.977, 1.079], "texture": "#1", "cullface": "down", "tintindex": 0}
			}
		},
		{
			"from": [0.005, 0.875, 7.425],
			"to": [8.005, 0.875, 8.575],
			"rotation": {"angle": 0, "axis": "y", "origin": [8.005, 0.45, 8]},
			"faces": {
				"north": {"uv": [3, 1, 4, 2], "rotation": 90, "texture": "#2"},
				"east": {"uv": [8.164, 0.031, 16, 1.079], "rotation": 90, "texture": "#0"},
				"south": {"uv": [3, 1, 4, 2], "rotation": 90, "texture": "#2"},
				"west": {"uv": [8.164, 0.031, 16, 1.079], "rotation": 90, "texture": "#0"},
				"up": {"uv": [8.234, 0.031, 16, 1.079], "texture": "#1", "tintindex": 0}
			}
		},
		{
			"from": [0.005, 0.025, 7.425],
			"to": [8.005, 0.025, 8.575],
			"rotation": {"angle": 0, "axis": "y", "origin": [8.005, 0.45, 8]},
			"faces": {
				"north": {"uv": [3, 1, 4, 2], "rotation": 270, "texture": "#2"},
				"east": {"uv": [8.164, 0.031, 16, 1.079], "rotation": 270, "texture": "#0"},
				"south": {"uv": [3, 1, 4, 2], "rotation": 270, "texture": "#2"},
				"west": {"uv": [8.164, 0.031, 16, 1.079], "rotation": 270, "texture": "#0"},
				"down": {"uv": [8.234, 0.031, 16, 1.079], "texture": "#1", "cullface": "down", "tintindex": 0}
			}
		},
		{
			"from": [0.005, 0.05, 7.425],
			"to": [16.005, 0.05, 8.575],
			"rotation": {"angle": 0, "axis": "y", "origin": [8.005, 0.45, 8]},
			"faces": {
				"up": {"uv": [8.164, 0.031, 16, 1.079], "texture": "#0"},
				"down": {"uv": [8.164, 0.031, 16, 1.079], "rotation": 180, "texture": "#0", "cullface": "down"}
			}
		},
		{
			"from": [0.005, 0.25, 7.425],
			"to": [16.005, 0.25, 8.575],
			"rotation": {"angle": 0, "axis": "y", "origin": [8.005, 0.65, 8]},
			"faces": {
				"up": {"uv": [8.164, 0.031, 16, 1.079], "texture": "#0"},
				"down": {"uv": [8.164, 0.031, 16, 1.079], "rotation": 180, "texture": "#0", "cullface": "down"}
			}
		},
		{
			"from": [0.005, 0.45, 7.425],
			"to": [16.005, 0.45, 8.575],
			"rotation": {"angle": 0, "axis": "y", "origin": [8.005, 0.85, 8]},
			"faces": {
				"up": {"uv": [8.164, 0.031, 16, 1.079], "texture": "#0"},
				"down": {"uv": [8.164, 0.031, 16, 1.079], "rotation": 180, "texture": "#0", "cullface": "down"}
			}
		},
		{
			"from": [0.005, 0.65, 7.425],
			"to": [16.005, 0.65, 8.575],
			"rotation": {"angle": 0, "axis": "y", "origin": [8.005, 1.05, 8]},
			"faces": {
				"up": {"uv": [8.164, 0.031, 16, 1.079], "texture": "#0"},
				"down": {"uv": [8.164, 0.031, 16, 1.079], "rotation": 180, "texture": "#0", "cullface": "down"}
			}
		},
		{
			"from": [0.005, 0.85, 7.425],
			"to": [16.005, 0.85, 8.575],
			"rotation": {"angle": 0, "axis": "y", "origin": [8.005, 1.25, 8]},
			"faces": {
				"up": {"uv": [8.164, 0.031, 16, 1.079], "texture": "#0"},
				"down": {"uv": [8.164, 0.031, 16, 1.079], "rotation": 180, "texture": "#0", "cullface": "down"}
			}
		}
	],
	"groups": [0, 1, 2, 3, 4, 5,
		{
			"name": "line",
			"origin": [8, 8, 8],
			"children": [6, 7, 8, 9, 10, 11, 12, 13, 14]
		}
	]
}