{
	"credit": "by umsoea, made with Blockbench",
	"textures": {
		"0": "item/ender_pearl",
		"particle": "item/ender_pearl"
	},
	"elements": [
		{
			"from": [0.7, 0.7, 8.1],
			"to": [15.3, 15.3, 8.1],
			"rotation": {"angle": 0, "axis": "x", "origin": [8, 8, 16.1]},
			"faces": {
				"north": {"uv": [0, 0, 16, 16], "texture": "#0"},
				"south": {"uv": [0, 0, 16, 16], "texture": "#0"}
			}
		},
		{
			"from": [0.7, 0.7, 8.3],
			"to": [15.3, 15.3, 8.3],
			"rotation": {"angle": 0, "axis": "x", "origin": [8, 8, 16.3]},
			"faces": {
				"north": {"uv": [0, 0, 16, 16], "texture": "#0"},
				"south": {"uv": [0, 0, 16, 16], "texture": "#0"}
			}
		}
	],
	"display": {
		"thirdperson_righthand": {
			"translation": [0, 2.5, 0.25],
			"scale": [0.42109, 0.42109, 0.42109]
		},
		"thirdperson_lefthand": {
			"translation": [0, 3, 1],
			"scale": [0.42109, 0.42109, 0.42109]
		},
		"firstperson_righthand": {
			"rotation": [-81.25, 117.5, 100],
			"translation": [3.88, 0.7, -4.12],
			"scale": [0.68, 0.68, 0.5]
		},
		"firstperson_lefthand": {
			"rotation": [-81.25, 117.5, 100],
			"translation": [3.88, 0.7, -4.12],
			"scale": [-0.68, 0.68, 0.5]
		},
		"ground": {
			"translation": [0, 2, 0],
			"scale": [0.5, 0.5, 0.5]
		},
		"head": {
			"rotation": [0, 180, 0],
			"translation": [0, 13, 7]
		},
		"fixed": {
			"rotation": [0, 180, 0],
			"translation": [0, 0, -0.25],
			"scale": [1.05, 1.05, 1.05]
		}
	}
}