{
	"credit": "Made with Blockbench",
	"textures": {
		"0": "block/glass",
		"particle": "block/glass"
	},
	"elements": [
		{
			"from": [2, 1, 2],
			"to": [14, 1, 14],
			"rotation": {"angle": 0, "axis": "y", "origin": [8, 9, 8]},
			"faces": {
				"up": {"uv": [0, 0, 16, 16], "texture": "#0"},
				"down": {"uv": [0, 0, 16, 16], "texture": "#0"}
			}
		},
		{
			"from": [2, 1.2, 2],
			"to": [14, 1.2, 14],
			"rotation": {"angle": 0, "axis": "y", "origin": [8, 9.2, 8]},
			"faces": {
				"up": {"uv": [0, 0, 16, 16], "texture": "#0"},
				"down": {"uv": [0, 0, 16, 16], "texture": "#0"}
			}
		},
		{
			"from": [2, 1.4, 2],
			"to": [14, 1.4, 14],
			"rotation": {"angle": 0, "axis": "y", "origin": [8, 9.4, 8]},
			"faces": {
				"up": {"uv": [0, 0, 16, 16], "texture": "#0"},
				"down": {"uv": [0, 0, 16, 16], "texture": "#0"}
			}
		},
		{
			"from": [2, 1.6, 2],
			"to": [14, 1.6, 14],
			"rotation": {"angle": 0, "axis": "y", "origin": [8, 9.6, 8]},
			"faces": {
				"up": {"uv": [0, 0, 16, 16], "texture": "#0"},
				"down": {"uv": [0, 0, 16, 16], "texture": "#0"}
			}
		}
	],
	"display": {
		"thirdperson_righthand": {
			"rotation": [75, 45, 0],
			"translation": [0, 2.5, 1.75],
			"scale": [0.375, 0.375, 0.375]
		},
		"thirdperson_lefthand": {
			"rotation": [75, 45, 0],
			"translation": [0, 2.5, 1.75],
			"scale": [0.375, 0.375, 0.375]
		},
		"firstperson_righthand": {
			"rotation": [0, -7.75, 90],
			"translation": [-1.5, 2, 0],
			"scale": [0.4, 0.4, 0.4]
		},
		"firstperson_lefthand": {
			"rotation": [0, -184.75, 90],
			"translation": [4.25, 1.75, 0],
			"scale": [0.4, 0.4, 0.34727]
		},
		"ground": {
			"rotation": [90, 0, 0],
			"translation": [0, 3, 3],
			"scale": [0.5, 0.5, 0.5]
		},
		"gui": {
			"rotation": [90, 0, 0]
		},
		"head": {
			"translation": [0, 15, 0]
		},
		"fixed": {
			"rotation": [90, 0, 0],
			"translation": [0, 0, 2.75],
			"scale": [0.5, 0.5, 0.5]
		}
	}
}