{
    "parent": "item/umsoea_diamond_generated",
	"display": {
		"thirdperson_righthand": {
			"rotation": [0, -90, 55],
			"translation": [0, 4.8, 0.5],
			"scale": [0.932, 0.932, 0.495]
		},
		"thirdperson_lefthand": {
			"rotation": [0, 90, -55],
			"translation": [0, 4.8, 0.5],
			"scale": [0.932, 0.932, 0.495]
		},
		"firstperson_righthand": {
			"rotation": [-58, -76, -16],
			"translation": [9, -0.7, -8.5],
			"scale": [1.1, 1.1, 0.4]
		},
		"firstperson_lefthand": {
			"rotation": [0, 90, -25],
			"translation": [1.13, 3.2, 1.13],
			"scale": [0.68, 0.68, 0.25]
	    }
    }
}
