{
    "parent": "item/umsoea_ironsword_generated",
    "display": {
        "thirdperson_righthand": {
            "rotation": [ 0, -90, 55 ],
            "translation": [ 0, 4.4, 0.5 ],
            "scale": [ 0.932, 0.932, 0.495 ]
        },
        "thirdperson_lefthand": {
            "rotation": [ 0, 90, -55 ],
            "translation": [ 0, 4.0, 0.5 ],
            "scale": [ 0.85, 0.85, 0.45 ]
        },
        "firstperson_righthand": {
            "rotation": [ 68.5, -100, 105 ],
            "translation": [ 1.123, 3.25, 1.13 ],
            "scale": [ 0.6, 0.6, 0.15 ]
        },
        "firstperson_lefthand": {
            "rotation": [ 0, 90, -25 ],
            "translation": [ 1.13, 3.2, 1.13 ],
            "scale": [ 0.68, 0.68, 0.25 ]
        }
    }
}
