{
	"credit": "by umsoea, made with Blockbench",
	"textures": {
		"0": "block/dead_bush",
		"particle": "block/dead_bush"
	},
	"elements": [
		{
			"from": [6.25, -1, -4],
			"to": [6.25, 24, 21],
			"rotation": {"angle": 22.5, "axis": "z", "origin": [5.25, 7, 8]},
			"faces": {
				"east": {"uv": [0, 0, 16, 16], "texture": "#0"},
				"west": {"uv": [16, 0, 0, 16], "texture": "#0"}
			}
		},
		{
			"from": [-3.75, 0, 8],
			"to": [21.25, 25, 8],
			"rotation": {"angle": -22.5, "axis": "y", "origin": [9.25, 8, 7]},
			"faces": {
				"north": {"uv": [16, 0, 0, 16], "texture": "#0"},
				"south": {"uv": [0, 0, 16, 16], "texture": "#0"}
			}
		},
		{
			"from": [12.25, 0, 0.5],
			"to": [12.25, 17, 17.5],
			"rotation": {"angle": -45, "axis": "y", "origin": [11.25, 8, 4.5]},
			"faces": {
				"east": {"uv": [0, 0, 16, 16], "texture": "#0"},
				"west": {"uv": [16, 0, 0, 16], "texture": "#0"}
			}
		}
	]
}