{
	"credit": "Made with Blockbench",
	"textures": {
		"0": "block/umsoea_models/fernbush",
		"particle": "block/umsoea_models/fernbush"
	},
	"elements": [
		{
			"from": [-4.5, 9.5, 0.5],
			"to": [9.75, 9.5, 14.5],
			"rotation": {"angle": -22.5, "axis": "y", "origin": [1.5, 9.5, 8.5]},
			"faces": {
				"north": {"uv": [0, 0, 0, 16], "rotation": 270, "texture": "#0"},
				"east": {"uv": [0, 16, 0, 0], "rotation": 90, "texture": "#0"},
				"south": {"uv": [0, 0, 0, 16], "rotation": 90, "texture": "#0"},
				"west": {"uv": [0, 16, 0, 0], "rotation": 90, "texture": "#0"},
				"up": {"uv": [16, 0, 0, 16], "rotation": 90, "texture": "#0"},
				"down": {"uv": [0, 0, 16, 16], "rotation": 90, "texture": "#0"}
			}
		},
		{
			"from": [-0.5, 4.75, 1.5],
			"to": [13.5, 4.75, 15.75],
			"rotation": {"angle": 22.5, "axis": "y", "origin": [9.5, 4.75, 7.5]},
			"faces": {
				"up": {"uv": [16, 0, 0, 16], "rotation": 180, "texture": "#0"},
				"down": {"uv": [0, 0, 16, 16], "texture": "#0"}
			}
		},
		{
			"from": [2.25, 11.75, 4.5],
			"to": [16.5, 11.75, 18.5],
			"rotation": {"angle": 22.5, "axis": "z", "origin": [10.5, 11.75, 12.5]},
			"faces": {
				"up": {"uv": [16, 0, 0, 16], "rotation": 270, "texture": "#0"},
				"down": {"uv": [0, 0, 16, 16], "rotation": 270, "texture": "#0"}
			}
		},
		{
			"from": [-4.5, 11.75, 9],
			"to": [9.5, 11.75, 23.25],
			"rotation": {"angle": 45, "axis": "x", "origin": [3.5, 11.75, 15.25]},
			"faces": {
				"up": {"uv": [0, 0, 16, 16], "texture": "#0"},
				"down": {"uv": [16, 0, 0, 16], "rotation": 180, "texture": "#0"}
			}
		},
		{
			"from": [1, 11.25, 0],
			"to": [13, 11.25, 12.25],
			"rotation": {"angle": 22.5, "axis": "y", "origin": [9, 11.25, 4]},
			"faces": {
				"up": {"uv": [0, 0, 16, 16], "rotation": 180, "texture": "#0"},
				"down": {"uv": [16, 0, 0, 16], "texture": "#0"}
			}
		},
		{
			"from": [-7.5, 11.5, -4.5],
			"to": [6.75, 11.5, 9.5],
			"rotation": {"angle": 22.5, "axis": "z", "origin": [0.5, 11.5, 3.5]},
			"faces": {
				"up": {"uv": [0, 0, 16, 16], "rotation": 90, "texture": "#0"},
				"down": {"uv": [16, 0, 0, 16], "rotation": 90, "texture": "#0"}
			}
		},
		{
			"from": [-1.5, 10.5, -6.5],
			"to": [12.5, 10.5, 7.75],
			"rotation": {"angle": -45, "axis": "x", "origin": [4.5, 10.5, 1.5]},
			"faces": {
				"up": {"uv": [0, 0, 16, 16], "rotation": 180, "texture": "#0"},
				"down": {"uv": [16, 0, 0, 16], "texture": "#0"}
			}
		},
		{
			"from": [4, 3.5, 5],
			"to": [18, 3.5, 19.25],
			"rotation": {"angle": 22.5, "axis": "x", "origin": [12, 3.5, 15.25]},
			"faces": {
				"up": {"uv": [0, 0, 16, 16], "texture": "#0"},
				"down": {"uv": [16, 0, 0, 16], "rotation": 180, "texture": "#0"}
			}
		},
		{
			"from": [-5.5, 2.75, 11.5],
			"to": [8.5, 17, 11.5],
			"rotation": {"angle": -22.5, "axis": "x", "origin": [2.5, 11, 11.5]},
			"faces": {
				"north": {"uv": [16, 0, 0, 16], "rotation": 180, "texture": "#0"},
				"south": {"uv": [0, 0, 16, 16], "rotation": 180, "texture": "#0"}
			}
		},
		{
			"from": [-1.5, -0.5, -3.5],
			"to": [-1.5, 13.75, 10.5],
			"rotation": {"angle": -22.5, "axis": "z", "origin": [-1.5, 5.5, 2.5]},
			"faces": {
				"east": {"uv": [0, 0, 16, 16], "texture": "#0"},
				"west": {"uv": [16, 0, 0, 16], "texture": "#0"}
			}
		},
		{
			"from": [-1.25, 12.75, 4.5],
			"to": [11, 12.75, 16.5],
			"rotation": {"angle": -22.5, "axis": "z", "origin": [6.75, 12.75, 10.5]},
			"faces": {
				"up": {"uv": [16, 0, 0, 16], "rotation": 90, "texture": "#0"},
				"down": {"uv": [0, 0, 16, 16], "rotation": 90, "texture": "#0"}
			}
		},
		{
			"from": [-3.5, -1, 16.5],
			"to": [10.5, 13.25, 16.5],
			"rotation": {"angle": -22.5, "axis": "x", "origin": [4.5, 5, 16.5]},
			"faces": {
				"north": {"uv": [0, 0, 16, 16], "texture": "#0"},
				"south": {"uv": [16, 0, 0, 16], "texture": "#0"}
			}
		},
		{
			"from": [15.5, -1, -0.75],
			"to": [15.5, 13.25, 13.25],
			"rotation": {"angle": 22.5, "axis": "z", "origin": [15.5, 5, 5.25]},
			"faces": {
				"east": {"uv": [0, 0, 16, 16], "texture": "#0"},
				"west": {"uv": [16, 0, 0, 16], "texture": "#0"},
				"up": {"uv": [0, 0, 0, 16], "rotation": 180, "texture": "#0"}
			}
		},
		{
			"from": [6.25, 9.75, 4.5],
			"to": [18.5, 9.75, 16.5],
			"rotation": {"angle": -22.5, "axis": "z", "origin": [12.5, 9.75, 8.5]},
			"faces": {
				"up": {"uv": [0, 0, 16, 16], "rotation": 270, "texture": "#0"},
				"down": {"uv": [16, 0, 0, 16], "rotation": 270, "texture": "#0"}
			}
		},
		{
			"from": [0, 0.75, 7.5],
			"to": [0, 13, 19.5],
			"rotation": {"angle": -45, "axis": "z", "origin": [0, 8.75, 15.5]},
			"faces": {
				"east": {"uv": [0, 0, 16, 16], "texture": "#0"},
				"west": {"uv": [16, 0, 0, 16], "texture": "#0"}
			}
		},
		{
			"from": [3.5, -2, 1.25],
			"to": [17.5, 12.25, 1.25],
			"rotation": {"angle": 45, "axis": "x", "origin": [11.5, 6, 1.25]},
			"faces": {
				"north": {"uv": [0, 0, 16, 16], "texture": "#0"},
				"south": {"uv": [16, 0, 0, 16], "texture": "#0"}
			}
		},
		{
			"from": [4.25, 10, -2.5],
			"to": [18.5, 10, 11.5],
			"rotation": {"angle": -45, "axis": "z", "origin": [10.5, 10, 3.5]},
			"faces": {
				"up": {"uv": [16, 0, 0, 16], "rotation": 270, "texture": "#0"},
				"down": {"uv": [0, 0, 16, 16], "rotation": 270, "texture": "#0"}
			}
		},
		{
			"from": [6, -1, 2],
			"to": [6, 13, 16],
			"rotation": {"angle": -45, "axis": "z", "origin": [6, 7, 8]},
			"faces": {
				"east": {"uv": [16, 0, 0, 16], "texture": "#0"},
				"west": {"uv": [0, 0, 16, 16], "texture": "#0"}
			}
		},
		{
			"from": [1.5, 11.5, 6.25],
			"to": [13.5, 11.5, 18.5],
			"rotation": {"angle": -22.5, "axis": "x", "origin": [7.5, 11.5, 14.5]},
			"faces": {
				"north": {"uv": [0, 0, 0, 16], "rotation": 270, "texture": "#0"},
				"south": {"uv": [0, 0, 0, 16], "rotation": 270, "texture": "#0"},
				"up": {"uv": [0, 16, 16, 0], "rotation": 180, "texture": "#0"},
				"down": {"uv": [16, 16, 0, 0], "texture": "#0"}
			}
		}
	]
}