{
	"credit": "Made with Blockbench",
	"textures": {
		"particle": "block/item_frame_rim",
		"wood": "block/item_frame_rim",
		"back": "block/item_frame"
	},
	"elements": [
		{
			"from": [3, 3, 15.5],
			"to": [13, 13, 16],
			"faces": {
				"north": {"uv": [3, 3, 13, 13], "texture": "#back"},
				"south": {"uv": [3, 3, 13, 13], "texture": "#back"}
			}
		},
		{
			"from": [2, 2, 15],
			"to": [14, 3, 16],
			"faces": {
				"north": {"uv": [2, 13, 14, 14], "texture": "#wood"},
				"east": {"uv": [0, 13, 1, 14], "texture": "#wood"},
				"south": {"uv": [2, 13, 14, 14], "texture": "#wood"},
				"west": {"uv": [15, 13, 16, 14], "texture": "#wood"},
				"up": {"uv": [2, 15, 14, 16], "texture": "#wood"},
				"down": {"uv": [2, 0, 14, 1], "texture": "#wood"}
			}
		},
		{
			"from": [2, 13, 15],
			"to": [14, 14, 16],
			"faces": {
				"north": {"uv": [2, 2, 14, 3], "texture": "#wood"},
				"east": {"uv": [0, 2, 1, 3], "texture": "#wood"},
				"south": {"uv": [2, 2, 14, 3], "texture": "#wood"},
				"west": {"uv": [15, 2, 16, 3], "texture": "#wood"},
				"up": {"uv": [2, 15, 14, 16], "texture": "#wood"},
				"down": {"uv": [2, 0, 14, 1], "texture": "#wood"}
			}
		},
		{
			"from": [2, 3, 15],
			"to": [3, 13, 16],
			"faces": {
				"north": {"uv": [13, 3, 14, 13], "texture": "#wood"},
				"east": {"uv": [0, 3, 1, 13], "texture": "#wood"},
				"south": {"uv": [2, 3, 3, 13], "texture": "#wood"},
				"west": {"uv": [15, 3, 16, 13], "texture": "#wood"}
			}
		},
		{
			"from": [13, 3, 15],
			"to": [14, 13, 16],
			"faces": {
				"north": {"uv": [2, 3, 3, 13], "texture": "#wood"},
				"east": {"uv": [0, 3, 1, 13], "texture": "#wood"},
				"south": {"uv": [13, 3, 14, 13], "texture": "#wood"},
				"west": {"uv": [15, 3, 16, 13], "texture": "#wood"}
			}
		}
	],
	"display": {
		"thirdperson_righthand": {
			"rotation": [31, 89.5, 0],
			"translation": [-2.75, 1.25, -1],
			"scale": [0.375, 0.375, 0.375]
		},
		"thirdperson_lefthand": {
			"rotation": [28.5, -270, 0],
			"translation": [-3.25, 1, -1.25],
			"scale": [0.375, 0.375, 0.375]
		},
		"firstperson_righthand": {
			"rotation": [0, 84.25, 0],
			"translation": [-2, 2, 0],
			"scale": [0.28477, 0.4, 0.4]
		},
		"firstperson_lefthand": {
			"rotation": [0, 99, 0],
			"translation": [-1.25, 1.75, 0],
			"scale": [0.30039, 0.4, 0.4]
		},
		"ground": {
			"translation": [0, 3, -3.5],
			"scale": [0.5, 0.5, 0.5]
		},
		"gui": {
			"rotation": [10, 155, 0],
			"translation": [-3.25, -1.5, 0],
			"scale": [0.98, 0.9, 0.99]
		},
		"head": {
			"rotation": [0, 180, 0],
			"translation": [0, 12.5, 7]
		},
		"fixed": {
			"translation": [0, 0, -6.75],
			"scale": [0.8, 0.8, 0.8]
		}
	}
}