{
	"credit": "by umsoea, made with Blockbench",
	"ambientocclusion": false,
	"textures": {
		"0": "block/umsoea_models/palm_leaves2",
		"particle": "block/umsoea_models/palm_leaves2"
	},
	"elements": [
		{
			"from": [7.3, 6.75, 7.3],
			"to": [23.3, 6.75, 23.3],
			"shade": false,
			"rotation": {"angle": -22.5, "axis": "y", "origin": [8.5, 7.75, 8.5]},
			"faces": {
				"up": {"uv": [16, 0, 0, 16], "rotation": 180, "texture": "#0"},
				"down": {"uv": [0, 0, 16, 16], "texture": "#0"}
			}
		},
		{
			"from": [8.5, 8, -9.5],
			"to": [24.5, 8, 6.5],
			"shade": false,
			"rotation": {"angle": -22.5, "axis": "y", "origin": [9.7, 7, 5.3]},
			"faces": {
				"up": {"uv": [0, 0, 16, 16], "texture": "#0"},
				"down": {"uv": [16, 0, 0, 16], "rotation": 180, "texture": "#0"}
			}
		},
		{
			"from": [8.5, 8.5, -6.5],
			"to": [21.5, 8.5, 6.5],
			"shade": false,
			"rotation": {"angle": 22.5, "axis": "z", "origin": [9.7, 7.5, 5.3]},
			"faces": {
				"up": {"uv": [0, 0, 16, 16], "texture": "#0"},
				"down": {"uv": [16, 0, 0, 16], "rotation": 180, "texture": "#0"}
			}
		},
		{
			"from": [8.8, 8, 6.9],
			"to": [21.8, 8, 19.9],
			"shade": false,
			"rotation": {"angle": 22.5, "axis": "z", "origin": [10, 7, 8.1]},
			"faces": {
				"up": {"uv": [0, 0, 16, 16], "rotation": 90, "texture": "#0"},
				"down": {"uv": [16, 0, 0, 16], "rotation": 90, "texture": "#0"}
			}
		},
		{
			"from": [9, 6.6, 6.9],
			"to": [9, 19.6, 19.9],
			"shade": false,
			"rotation": {"angle": -45, "axis": "z", "origin": [10, 7.8, 8.1]},
			"faces": {
				"east": {"uv": [16, 0, 0, 16], "texture": "#0"},
				"west": {"uv": [0, 0, 16, 16], "texture": "#0"}
			}
		},
		{
			"from": [8.1, -7.1, 5.9],
			"to": [8.1, 6.9, 17.9],
			"shade": false,
			"rotation": {"angle": 22.5, "axis": "x", "origin": [9.1, 5.7, 7.1]},
			"faces": {
				"east": {"uv": [16, 0, 0, 16], "rotation": 270, "texture": "#0"},
				"west": {"uv": [0, 0, 16, 16], "rotation": 90, "texture": "#0"}
			}
		},
		{
			"from": [-3.3, -6.3, 6.2],
			"to": [8.7, 6.7, 6.2],
			"shade": false,
			"rotation": {"angle": 22.5, "axis": "z", "origin": [7.5, 5.5, 5.2]},
			"faces": {
				"north": {"uv": [16, 0, 0, 16], "rotation": 180, "texture": "#0"},
				"south": {"uv": [0, 0, 16, 16], "rotation": 180, "texture": "#0"}
			}
		},
		{
			"from": [-8.5, 6.9, 6.5],
			"to": [7.5, 6.9, 22.5],
			"shade": false,
			"rotation": {"angle": 22.5, "axis": "z", "origin": [8, 8, 8]},
			"faces": {
				"up": {"uv": [16, 0, 0, 16], "rotation": 270, "texture": "#0"},
				"down": {"uv": [0, 0, 16, 16], "rotation": 270, "texture": "#0"}
			}
		},
		{
			"from": [-8.5, 5.7, 6.5],
			"to": [7.5, 5.7, 22.5],
			"shade": false,
			"rotation": {"angle": 45, "axis": "x", "origin": [8, 6.8, 8]},
			"faces": {
				"up": {"uv": [16, 0, 0, 16], "rotation": 270, "texture": "#0"},
				"down": {"uv": [0, 0, 16, 16], "rotation": 270, "texture": "#0"}
			}
		},
		{
			"from": [-6.8, 8.05, -10.1],
			"to": [9.2, 8.05, 5.9],
			"shade": false,
			"rotation": {"angle": -45, "axis": "x", "origin": [8.7, 8.3, 7.9]},
			"faces": {
				"up": {"uv": [16, 0, 0, 16], "texture": "#0"},
				"down": {"uv": [0, 0, 16, 16], "rotation": 180, "texture": "#0"}
			}
		},
		{
			"from": [7, -8.3, -9.7],
			"to": [7, 7.7, 6.3],
			"shade": false,
			"rotation": {"angle": -45, "axis": "z", "origin": [6.75, 7.2, 8.3]},
			"faces": {
				"east": {"uv": [0, 0, 16, 16], "rotation": 90, "texture": "#0"},
				"west": {"uv": [16, 0, 0, 16], "rotation": 270, "texture": "#0"}
			}
		},
		{
			"from": [-3.8, 5.85, -6.3],
			"to": [9.2, 5.85, 6.7],
			"shade": false,
			"rotation": {"angle": 22.5, "axis": "x", "origin": [8.7, 6.1, 8.7]},
			"faces": {
				"up": {"uv": [16, 0, 0, 16], "texture": "#0"},
				"down": {"uv": [0, 0, 16, 16], "rotation": 180, "texture": "#0"}
			}
		},
		{
			"from": [-3.8, 5.85, -5.1],
			"to": [9.2, 5.85, 7.9],
			"shade": false,
			"rotation": {"angle": -45, "axis": "z", "origin": [8.7, 6.1, 9.9]},
			"faces": {
				"up": {"uv": [16, 0, 0, 16], "texture": "#0"},
				"down": {"uv": [0, 0, 16, 16], "rotation": 180, "texture": "#0"}
			}
		},
		{
			"from": [-5.05, 7.25, 6.8],
			"to": [7.95, 7.25, 19.8],
			"shade": false,
			"rotation": {"angle": -22.5, "axis": "x", "origin": [9.95, 7.5, 7.3]},
			"faces": {
				"up": {"uv": [16, 0, 0, 16], "rotation": 270, "texture": "#0"},
				"down": {"uv": [0, 0, 16, 16], "rotation": 270, "texture": "#0"}
			}
		},
		{
			"from": [-2.05, 7.1, 7.05],
			"to": [7.95, 17.1, 7.05],
			"shade": false,
			"rotation": {"angle": 22.5, "axis": "x", "origin": [9.95, 7.6, 6.8]},
			"faces": {
				"north": {"uv": [16, 0, 0, 16], "rotation": 90, "texture": "#0"},
				"south": {"uv": [0, 0, 16, 16], "rotation": 270, "texture": "#0"}
			}
		},
		{
			"from": [7.15, 7.25, -9.35],
			"to": [23.15, 7.25, 6.65],
			"shade": false,
			"rotation": {"angle": -22.5, "axis": "x", "origin": [6.9, 9, 6.9]},
			"faces": {
				"up": {"uv": [16, 0, 0, 16], "rotation": 90, "texture": "#0"},
				"down": {"uv": [0, 0, 16, 16], "rotation": 90, "texture": "#0"}
			}
		},
		{
			"from": [8, 7, 9.5],
			"to": [24, 7, 25.5],
			"shade": false,
			"rotation": {"angle": 45, "axis": "x", "origin": [8, 8, 9.5]},
			"faces": {
				"up": {"uv": [16, 0, 0, 16], "rotation": 180, "texture": "#0"},
				"down": {"uv": [0, 0, 16, 16], "texture": "#0"}
			}
		},
		{
			"from": [9.4, 7, 8],
			"to": [25.4, 7, 24],
			"shade": false,
			"rotation": {"angle": -45, "axis": "z", "origin": [9.4, 8, 8]},
			"faces": {
				"up": {"uv": [16, 0, 0, 16], "rotation": 180, "texture": "#0"},
				"down": {"uv": [0, 0, 16, 16], "texture": "#0"}
			}
		},
		{
			"from": [9.3, -8.5, -8.7],
			"to": [9.3, 7.5, 7.3],
			"shade": false,
			"rotation": {"angle": 45, "axis": "z", "origin": [10.3, 7.5, 7.3]},
			"faces": {
				"east": {"uv": [16, 0, 0, 16], "rotation": 180, "texture": "#0"},
				"west": {"uv": [0, 0, 16, 16], "rotation": 180, "texture": "#0"}
			}
		}
	],
	"display": {
		"thirdperson_righthand": {
			"rotation": [163, 180, 140],
			"translation": [0, 2, -2],
			"scale": [0.35, 0.35, 0.35]
		},
		"thirdperson_lefthand": {
			"rotation": [78, 63, 0],
			"translation": [0, 2.25, -1],
			"scale": [0.35, 0.35, 0.35]
		},
		"firstperson_righthand": {
			"rotation": [180, 8, 7],
			"translation": [1.5, 0.25, -1],
			"scale": [0.37, 0.35, 0.24844]
		},
		"firstperson_lefthand": {
			"rotation": [1, 0, 6],
			"scale": [0.35, 0.35, 0.23633]
		},
		"ground": {
			"scale": [0.35, 0.35, 0.35]
		},
		"gui": {
			"rotation": [32, 37, -2],
			"scale": [0.59, 0.6, 0.6]
		}
	}
}