{
	"credit": "Made with Blockbench",
	"textures": {
		"particle": "block/lantern",
		"all": "block/lantern"
	},
	"elements": [
		{
			"from": [5, 0, 5],
			"to": [11, 7, 11],
			"faces": {
				"north": {"uv": [0, 2, 6, 9], "texture": "#all"},
				"east": {"uv": [0, 2, 6, 9], "texture": "#all"},
				"south": {"uv": [0, 2, 6, 9], "texture": "#all"},
				"west": {"uv": [0, 2, 6, 9], "texture": "#all"},
				"up": {"uv": [0, 9, 6, 15], "texture": "#all"},
				"down": {"uv": [0, 9, 6, 15], "texture": "#all", "cullface": "down"}
			}
		},
		{
			"from": [6, 7, 6],
			"to": [10, 9, 10],
			"faces": {
				"north": {"uv": [1, 0, 5, 2], "texture": "#all"},
				"east": {"uv": [1, 0, 5, 2], "texture": "#all"},
				"south": {"uv": [1, 0, 5, 2], "texture": "#all"},
				"west": {"uv": [1, 0, 5, 2], "texture": "#all"},
				"up": {"uv": [1, 10, 5, 14], "texture": "#all"}
			}
		},
		{
			"from": [8, 9, 6.85],
			"to": [8, 10.4, 9.15],
			"shade": false,
			"rotation": {"angle": 22.5, "axis": "y", "origin": [8, 8, 8]},
			"faces": {
				"east": {"uv": [11, 10, 14, 12], "texture": "#all"},
				"west": {"uv": [11, 10, 14, 12], "texture": "#all"}
			}
		}
	],
	"display": {
		"thirdperson_righthand": {
			"rotation": [68, 0, 0],
			"translation": [0.5, -2.25, -0.75],
			"scale": [0.7, 0.7, 0.7]
		},
		"thirdperson_lefthand": {
			"rotation": [68, 0, 0],
			"translation": [0, -1.75, -1],
			"scale": [0.7, 0.7, 0.7]
		},
		"firstperson_righthand": {
			"rotation": [14.25, -90, 21.75],
			"translation": [3.13, 1.95, -4.37],
			"scale": [0.68, 0.68, 0.68]
		},
		"firstperson_lefthand": {
			"rotation": [14.5, -90, 25],
			"translation": [8.13, 0.45, -6.12],
			"scale": [0.68, 0.68, 0.68]
		},
		"ground": {
			"translation": [0, 2, 0],
			"scale": [0.5, 0.5, 0.5]
		},
		"gui": {
			"rotation": [13, 60, 0],
			"translation": [0, 2.5, 0]
		},
		"head": {
			"rotation": [0, 180, 0],
			"translation": [0, 14.5, -0.75]
		},
		"fixed": {
			"rotation": [0, 180, 0],
			"translation": [0, 2.75, -3.25]
		}
	}
}