{
	"credit": "Made with Blockbench",
	"textures": {
		"1": "block/umsoea_models/vine_leaves",
		"2": "block/umsoea_models/vine_background",
		"particle": "block/umsoea_models/vine_leaves"
	},
	"elements": [
		{
			"from": [12, 10.5, 12.5],
			"to": [16, 14.5, 12.5],
			"rotation": {"angle": 22.5, "axis": "x", "origin": [14.5, 12, 12.5]},
			"faces": {
				"north": {"uv": [11, 5, 16, 10], "texture": "#1"},
				"south": {"uv": [16, 5, 11, 10], "texture": "#1"}
			}
		},
		{
			"from": [1, 12.5, 14],
			"to": [5, 16.5, 14],
			"rotation": {"angle": 22.5, "axis": "x", "origin": [2.5, 14, 14]},
			"faces": {
				"north": {"uv": [11, 0, 6, 5], "texture": "#1"},
				"south": {"uv": [6, 0, 11, 5], "texture": "#1"}
			}
		},
		{
			"from": [4, -5.25, 15.25],
			"to": [8, -1.25, 15.25],
			"faces": {
				"north": {"uv": [0, 0, 6, 6], "texture": "#1"},
				"south": {"uv": [6, 0, 0, 6], "texture": "#1"}
			}
		},
		{
			"from": [2.5, 9.75, 15],
			"to": [5.5, 12.75, 15],
			"faces": {
				"north": {"uv": [11, 0, 16, 5], "texture": "#1"},
				"south": {"uv": [16, 0, 11, 5], "texture": "#1"}
			}
		},
		{
			"from": [10, -2.75, 13.5],
			"to": [14, 1.25, 13.5],
			"faces": {
				"north": {"uv": [6, 10, 12, 16], "texture": "#1"},
				"south": {"uv": [12, 10, 6, 16], "texture": "#1"}
			}
		},
		{
			"from": [7.25, 1.25, 14],
			"to": [11.25, 5.25, 14],
			"rotation": {"angle": 22.5, "axis": "x", "origin": [8.75, 4.75, 14]},
			"faces": {
				"north": {"uv": [0, 10, 6, 16], "texture": "#1"},
				"south": {"uv": [6, 10, 0, 16], "texture": "#1"}
			}
		},
		{
			"from": [12.5, 7.25, 13.75],
			"to": [16.5, 11.25, 13.75],
			"rotation": {"angle": -22.5, "axis": "y", "origin": [14, 9.75, 13.75]},
			"faces": {
				"north": {"uv": [6, 0, 0, 6], "texture": "#1"},
				"south": {"uv": [0, 0, 6, 6], "texture": "#1"}
			}
		},
		{
			"from": [13, 5.25, 14.75],
			"to": [16, 8.25, 14.75],
			"faces": {
				"north": {"uv": [11, 0, 6, 5], "texture": "#1"},
				"south": {"uv": [6, 0, 11, 5], "texture": "#1"}
			}
		},
		{
			"from": [3, -2.5, 14],
			"to": [7, 1.5, 14],
			"rotation": {"angle": 22.5, "axis": "x", "origin": [4.5, -1, 14]},
			"faces": {
				"north": {"uv": [11, 0, 6, 5], "texture": "#1"},
				"south": {"uv": [6, 0, 11, 5], "texture": "#1"}
			}
		},
		{
			"from": [8, 8.25, 13.25],
			"to": [12, 12.25, 13.25],
			"rotation": {"angle": 22.5, "axis": "y", "origin": [9.5, 10.75, 13.25]},
			"faces": {
				"north": {"uv": [12, 10, 6, 16], "texture": "#1"},
				"south": {"uv": [6, 10, 12, 16], "texture": "#1"}
			}
		},
		{
			"from": [3.75, 6.25, 14],
			"to": [7.75, 10.25, 14],
			"rotation": {"angle": 22.5, "axis": "x", "origin": [5.25, 8.75, 14]},
			"faces": {
				"north": {"uv": [6, 0, 11, 5], "texture": "#1"},
				"south": {"uv": [11, 0, 6, 5], "texture": "#1"}
			}
		},
		{
			"from": [-1.5, 1.75, 14],
			"to": [2.5, 5.75, 14],
			"rotation": {"angle": 22.5, "axis": "x", "origin": [0, 3.25, 14]},
			"faces": {
				"north": {"uv": [11, 5, 16, 10], "texture": "#1"},
				"south": {"uv": [16, 5, 11, 10], "texture": "#1"}
			}
		},
		{
			"from": [13.25, 1, 12.75],
			"to": [17.25, 5, 12.75],
			"rotation": {"angle": -22.5, "axis": "y", "origin": [14.75, 3.5, 10.75]},
			"faces": {
				"north": {"uv": [11, 0, 16, 5], "texture": "#1"},
				"south": {"uv": [16, 0, 11, 5], "texture": "#1"}
			}
		},
		{
			"from": [4, 2.75, 14],
			"to": [7, 5.75, 14],
			"faces": {
				"north": {"uv": [11, 0, 16, 5], "texture": "#1"},
				"south": {"uv": [16, 0, 11, 5], "texture": "#1"}
			}
		},
		{
			"from": [9.5, 6, 14.25],
			"to": [13.5, 10, 14.25],
			"rotation": {"angle": 22.5, "axis": "x", "origin": [11, 8.5, 14.25]},
			"faces": {
				"north": {"uv": [6, 0, 11, 5], "texture": "#1"},
				"south": {"uv": [11, 0, 6, 5], "texture": "#1"}
			}
		},
		{
			"from": [11, -0.75, 13.5],
			"to": [15, 3.25, 13.5],
			"rotation": {"angle": 22.5, "axis": "x", "origin": [12.5, 0.75, 13.5]},
			"faces": {
				"north": {"uv": [11, 0, 6, 5], "texture": "#1"},
				"south": {"uv": [6, 0, 11, 5], "texture": "#1"}
			}
		},
		{
			"from": [-0.5, -1.25, 14.5],
			"to": [3.5, 2.75, 14.5],
			"rotation": {"angle": 22.5, "axis": "y", "origin": [1, 1.25, 14.5]},
			"faces": {
				"north": {"uv": [6, 0, 0, 6], "texture": "#1"},
				"south": {"uv": [0, 0, 6, 6], "texture": "#1"}
			}
		},
		{
			"from": [9, 4, 14.5],
			"to": [12, 7, 14.5],
			"faces": {
				"north": {"uv": [6, 10, 12, 16], "texture": "#1"},
				"south": {"uv": [12, 10, 6, 16], "texture": "#1"}
			}
		},
		{
			"from": [8, 12.25, 14],
			"to": [12, 16.25, 14],
			"rotation": {"angle": 22.5, "axis": "x", "origin": [9.5, 14.75, 14]},
			"faces": {
				"north": {"uv": [6, 0, 11, 5], "texture": "#1"},
				"south": {"uv": [11, 0, 6, 5], "texture": "#1"}
			}
		},
		{
			"from": [2, 4.5, 14.5],
			"to": [6, 8.5, 14.5],
			"rotation": {"angle": 22.5, "axis": "y", "origin": [3.5, 6, 14.5]},
			"faces": {
				"north": {"uv": [6, 10, 12, 16], "texture": "#1"},
				"south": {"uv": [12, 10, 6, 16], "texture": "#1"}
			}
		},
		{
			"from": [-2, 7.25, 14.75],
			"to": [2, 11.25, 14.75],
			"rotation": {"angle": 22.5, "axis": "y", "origin": [0, 9.25, 14.75]},
			"faces": {
				"north": {"uv": [11, 0, 6, 5], "texture": "#1"},
				"south": {"uv": [6, 0, 11, 5], "texture": "#1"}
			}
		},
		{
			"name": "background",
			"from": [-1.25, -0.75, 15.75],
			"to": [15.75, 16.25, 15.75],
			"faces": {
				"north": {"uv": [0, 0, 16, 16], "texture": "#2"},
				"south": {"uv": [0, 0, 16, 16], "texture": "#2"}
			}
		}
	]
}