{
	"credit": "Made with Blockbench",
	"textures": {
		"0": "block/umsoea_models/vine_leaves",
		"1": "block/umsoea_models/vine_background",
		"particle": "block/umsoea_models/vine_leaves"
	},
	"elements": [
		{
			"from": [12.15746, 7.22208, 3.5],
			"to": [12.15746, 11.22208, 7.5],
			"rotation": {"angle": -22.5, "axis": "z", "origin": [8, 7, 8]},
			"faces": {
				"east": {"uv": [16, 5, 11, 10], "texture": "#0"},
				"west": {"uv": [11, 5, 16, 10], "texture": "#0"}
			}
		},
		{
			"from": [11.05583, 13.80132, 12],
			"to": [11.05583, 17.80132, 16],
			"rotation": {"angle": -22.5, "axis": "z", "origin": [8, 7, 8]},
			"faces": {
				"east": {"uv": [6, 0, 11, 5], "texture": "#0"},
				"west": {"uv": [11, 0, 6, 5], "texture": "#0"}
			}
		},
		{
			"from": [15.25, -2.25, 8.25],
			"to": [15.25, 1.75, 12.25],
			"rotation": {"angle": 0, "axis": "y", "origin": [8, 7, 8]},
			"faces": {
				"east": {"uv": [6, 0, 0, 6], "texture": "#0"},
				"west": {"uv": [0, 0, 6, 6], "texture": "#0"}
			}
		},
		{
			"from": [15.25, 11.25, 10.5],
			"to": [15.25, 14.25, 13.5],
			"rotation": {"angle": 0, "axis": "y", "origin": [8, 7, 8]},
			"faces": {
				"east": {"uv": [16, 0, 11, 5], "texture": "#0"},
				"west": {"uv": [11, 0, 16, 5], "texture": "#0"}
			}
		},
		{
			"from": [12.4909, 8.33677, 8.5],
			"to": [12.4909, 12.33677, 12],
			"rotation": {"angle": -22.5, "axis": "z", "origin": [8, 7, 8]},
			"faces": {
				"east": {"uv": [6, 10, 0, 16], "texture": "#0"},
				"west": {"uv": [0, 10, 6, 16], "texture": "#0"}
			}
		},
		{
			"from": [11.39889, 7.25, -1.31983],
			"to": [11.39889, 11.25, 2.68017],
			"rotation": {"angle": -22.5, "axis": "y", "origin": [8, 7, 8]},
			"faces": {
				"east": {"uv": [0, 0, 6, 6], "texture": "#0"},
				"west": {"uv": [6, 0, 0, 6], "texture": "#0"}
			}
		},
		{
			"from": [13.13738, 12, 6.81618],
			"to": [13.13738, 16, 10.81618],
			"rotation": {"angle": 22.5, "axis": "y", "origin": [8, 7, 8]},
			"faces": {
				"east": {"uv": [6, 10, 12, 16], "texture": "#0"},
				"west": {"uv": [12, 10, 6, 16], "texture": "#0"}
			}
		},
		{
			"from": [15.45669, 2.1767, 3.25],
			"to": [15.45669, 6.1767, 7.25],
			"rotation": {"angle": -22.5, "axis": "z", "origin": [8, 7, 8]},
			"faces": {
				"east": {"uv": [11, 0, 6, 5], "texture": "#0"},
				"west": {"uv": [6, 0, 11, 5], "texture": "#0"}
			}
		},
		{
			"from": [11.44233, -3.5, -1.86238],
			"to": [11.44233, 0.5, 2.13762],
			"rotation": {"angle": -22.5, "axis": "y", "origin": [8, 7, 8]},
			"faces": {
				"east": {"uv": [16, 0, 11, 5], "texture": "#0"},
				"west": {"uv": [11, 0, 16, 5], "texture": "#0"}
			}
		},
		{
			"from": [14.7, 10.35, 13.65],
			"to": [14.7, 13.35, 16.65],
			"rotation": {"angle": 0, "axis": "y", "origin": [8, 7, 8]},
			"faces": {
				"east": {"uv": [16, 0, 11, 5], "texture": "#0"},
				"west": {"uv": [16, 0, 11, 5], "texture": "#0"}
			}
		},
		{
			"from": [14.03805, 5.29506, 11.5],
			"to": [14.03805, 8.79506, 15],
			"rotation": {"angle": -22.5, "axis": "z", "origin": [8, 7, 8]},
			"faces": {
				"east": {"uv": [6, 0, 11, 5], "texture": "#0"},
				"west": {"uv": [11, 0, 6, 5], "texture": "#0"}
			}
		},
		{
			"from": [11.32643, -0.25, 14.4546],
			"to": [11.32643, 3, 17.7046],
			"rotation": {"angle": 22.5, "axis": "y", "origin": [8, 7, 8]},
			"faces": {
				"north": {"uv": [0, 0, 0, 5], "texture": "#missing"},
				"east": {"uv": [0, 0, 6, 6], "texture": "#0"},
				"south": {"uv": [0, 0, 0, 5], "texture": "#missing"},
				"west": {"uv": [6, 0, 0, 6], "texture": "#0"},
				"up": {"uv": [5, 0, 0, 0], "rotation": 270, "texture": "#missing"},
				"down": {"uv": [5, 0, 0, 0], "rotation": 90, "texture": "#missing"}
			}
		},
		{
			"from": [14.5, 10.25, 3],
			"to": [14.5, 13.25, 6],
			"rotation": {"angle": 0, "axis": "y", "origin": [8, 7, 8]},
			"faces": {
				"east": {"uv": [12, 10, 6, 16], "texture": "#0"},
				"west": {"uv": [6, 10, 12, 16], "texture": "#0"}
			}
		},
		{
			"name": "background",
			"from": [15.75, -0.75, 0.25],
			"to": [15.75, 16.25, 17.25],
			"rotation": {"angle": 0, "axis": "y", "origin": [8, 7, 8]},
			"faces": {
				"east": {"uv": [0, 0, 16, 16], "texture": "#1"},
				"west": {"uv": [0, 0, 16, 16], "texture": "#1"}
			}
		},
		{
			"from": [5.75596, 11.84147, 12],
			"to": [5.75596, 15.84147, 16],
			"rotation": {"angle": 22.5, "axis": "z", "origin": [8, 7, 8]},
			"faces": {
				"east": {"uv": [11, 5, 16, 10], "texture": "#0"},
				"west": {"uv": [16, 5, 11, 10], "texture": "#0"}
			}
		},
		{
			"from": [1.30868, 5.02446, 1],
			"to": [1.30868, 9.02446, 5],
			"rotation": {"angle": 22.5, "axis": "z", "origin": [8, 7, 8]},
			"faces": {
				"east": {"uv": [11, 0, 6, 5], "texture": "#0"},
				"west": {"uv": [6, 0, 11, 5], "texture": "#0"}
			}
		},
		{
			"from": [0.75, -4.25, 7],
			"to": [0.75, -0.25, 11],
			"rotation": {"angle": 0, "axis": "y", "origin": [8, 7, 8]},
			"faces": {
				"east": {"uv": [0, 0, 6, 6], "texture": "#0"},
				"west": {"uv": [6, 0, 0, 6], "texture": "#0"}
			}
		},
		{
			"from": [1, 9.75, 2.5],
			"to": [1, 12.75, 5.5],
			"rotation": {"angle": 0, "axis": "y", "origin": [8, 7, 8]},
			"faces": {
				"east": {"uv": [11, 0, 16, 5], "texture": "#0"},
				"west": {"uv": [16, 0, 11, 5], "texture": "#0"}
			}
		},
		{
			"from": [2.5, -2.75, 1],
			"to": [2.5, 1.25, 5],
			"rotation": {"angle": 0, "axis": "y", "origin": [8, 7, 8]},
			"faces": {
				"east": {"uv": [6, 10, 12, 16], "texture": "#0"},
				"west": {"uv": [12, 10, 6, 16], "texture": "#0"}
			}
		},
		{
			"from": [1.59569, 3.71737, 11.25],
			"to": [1.59569, 7.71737, 15.25],
			"rotation": {"angle": 22.5, "axis": "z", "origin": [8, 7, 8]},
			"faces": {
				"east": {"uv": [0, 10, 6, 16], "texture": "#0"},
				"west": {"uv": [6, 10, 0, 16], "texture": "#0"}
			}
		},
		{
			"from": [0.39159, 7.25, 3.15715],
			"to": [0.39159, 11.25, 7.15715],
			"rotation": {"angle": -22.5, "axis": "y", "origin": [8, 7, 8]},
			"faces": {
				"east": {"uv": [6, 0, 0, 6], "texture": "#0"},
				"west": {"uv": [0, 0, 6, 6], "texture": "#0"}
			}
		},
		{
			"from": [4.98379, 6.25, 14.24371],
			"to": [4.98379, 9.25, 17.24371],
			"rotation": {"angle": -22.5, "axis": "y", "origin": [8, 7, 8]},
			"faces": {
				"east": {"uv": [11, 0, 6, 5], "texture": "#0"},
				"west": {"uv": [6, 0, 11, 5], "texture": "#0"}
			}
		},
		{
			"from": [-0.60474, 0.40506, 10],
			"to": [-0.60474, 4.40506, 14],
			"rotation": {"angle": 22.5, "axis": "z", "origin": [8, 7, 8]},
			"faces": {
				"east": {"uv": [11, 0, 6, 5], "texture": "#0"},
				"west": {"uv": [6, 0, 11, 5], "texture": "#0"}
			}
		},
		{
			"from": [3.12642, 8.41289, 3.75],
			"to": [3.12642, 12.41289, 7.75],
			"rotation": {"angle": 22.5, "axis": "z", "origin": [8, 7, 8]},
			"faces": {
				"east": {"uv": [6, 0, 11, 5], "texture": "#0"},
				"west": {"uv": [11, 0, 6, 5], "texture": "#0"}
			}
		},
		{
			"from": [1.02166, 4.33155, -1.5],
			"to": [1.02166, 8.33155, 2.5],
			"rotation": {"angle": 22.5, "axis": "z", "origin": [8, 7, 8]},
			"faces": {
				"east": {"uv": [11, 5, 16, 10], "texture": "#0"},
				"west": {"uv": [16, 5, 11, 10], "texture": "#0"}
			}
		},
		{
			"from": [1.83293, 1, 3.62589],
			"to": [1.83293, 5, 7.62589],
			"rotation": {"angle": -22.5, "axis": "y", "origin": [8, 7, 8]},
			"faces": {
				"east": {"uv": [11, 0, 16, 5], "texture": "#0"},
				"west": {"uv": [16, 0, 11, 5], "texture": "#0"}
			}
		},
		{
			"from": [1.75, 11.75, 10.5],
			"to": [1.75, 14.75, 13.5],
			"rotation": {"angle": 0, "axis": "y", "origin": [8, 7, 8]},
			"faces": {
				"east": {"uv": [11, 0, 16, 5], "texture": "#0"},
				"west": {"uv": [16, 0, 11, 5], "texture": "#0"}
			}
		},
		{
			"from": [1.74412, 5.46768, 9.5],
			"to": [1.74412, 9.46768, 13.5],
			"rotation": {"angle": 22.5, "axis": "z", "origin": [8, 7, 8]},
			"faces": {
				"east": {"uv": [6, 0, 11, 5], "texture": "#0"},
				"west": {"uv": [11, 0, 6, 5], "texture": "#0"}
			}
		},
		{
			"from": [4.35373, 11.06931, 11],
			"to": [4.35373, 15.06931, 15],
			"rotation": {"angle": 22.5, "axis": "z", "origin": [8, 7, 8]},
			"faces": {
				"east": {"uv": [11, 0, 6, 5], "texture": "#0"},
				"west": {"uv": [6, 0, 11, 5], "texture": "#0"}
			}
		},
		{
			"from": [3.14283, -1.25, 1.24092],
			"to": [3.14283, 2.75, 5.24092],
			"rotation": {"angle": 22.5, "axis": "y", "origin": [8, 7, 8]},
			"faces": {
				"east": {"uv": [6, 0, 0, 6], "texture": "#0"},
				"west": {"uv": [0, 0, 6, 6], "texture": "#0"}
			}
		},
		{
			"from": [1.5, 3, 9],
			"to": [1.5, 6, 12],
			"rotation": {"angle": 0, "axis": "y", "origin": [8, 7, 8]},
			"faces": {
				"east": {"uv": [6, 10, 12, 16], "texture": "#0"},
				"west": {"uv": [12, 10, 6, 16], "texture": "#0"}
			}
		},
		{
			"from": [0.75, -0.5, 6.5],
			"to": [0.75, 3.5, 10.5],
			"rotation": {"angle": 0, "axis": "y", "origin": [8, 7, 8]},
			"faces": {
				"east": {"uv": [6, 0, 11, 5], "texture": "#0"},
				"west": {"uv": [11, 0, 6, 5], "texture": "#0"}
			}
		},
		{
			"from": [4.48223, 12.5, -1.99266],
			"to": [4.48223, 16.5, 2.00734],
			"rotation": {"angle": 22.5, "axis": "y", "origin": [8, 7, 8]},
			"faces": {
				"east": {"uv": [6, 10, 12, 16], "texture": "#0"},
				"west": {"uv": [12, 10, 6, 16], "texture": "#0"}
			}
		},
		{
			"from": [4.63394, 7.25, -3.51221],
			"to": [4.63394, 11.25, 0.48779],
			"rotation": {"angle": 22.5, "axis": "y", "origin": [8, 7, 8]},
			"faces": {
				"east": {"uv": [11, 0, 6, 5], "texture": "#0"},
				"west": {"uv": [6, 0, 11, 5], "texture": "#0"}
			}
		},
		{
			"from": [4.62432, 4.25, 1.58397],
			"to": [4.62432, 7.25, 4.58397],
			"rotation": {"angle": 22.5, "axis": "y", "origin": [8, 7, 8]},
			"faces": {
				"east": {"uv": [11, 0, 16, 5], "texture": "#0"},
				"west": {"uv": [16, 0, 11, 5], "texture": "#0"}
			}
		},
		{
			"from": [5.75596, 11.84147, 4.75],
			"to": [5.75596, 15.84147, 8.75],
			"rotation": {"angle": 22.5, "axis": "z", "origin": [8, 7, 8]},
			"faces": {
				"east": {"uv": [11, 5, 16, 10], "texture": "#0"},
				"west": {"uv": [16, 5, 11, 10], "texture": "#0"}
			}
		},
		{
			"from": [2, 7.25, 7],
			"to": [2, 10.75, 10.5],
			"rotation": {"angle": 0, "axis": "y", "origin": [8, 7, 8]},
			"faces": {
				"east": {"uv": [6, 10, 12, 16], "texture": "#0"},
				"west": {"uv": [12, 10, 6, 16], "texture": "#0"}
			}
		},
		{
			"from": [1.42076, 10.75, 4.89838],
			"to": [1.42076, 14.75, 8.89838],
			"rotation": {"angle": 22.5, "axis": "y", "origin": [8, 7, 8]},
			"faces": {
				"east": {"uv": [6, 10, 12, 16], "texture": "#0"},
				"west": {"uv": [12, 10, 6, 16], "texture": "#0"}
			}
		},
		{
			"from": [3.98746, 9.49162, 8.25],
			"to": [3.98746, 12.74162, 11.25],
			"rotation": {"angle": 22.5, "axis": "z", "origin": [8, 7, 8]},
			"faces": {
				"east": {"uv": [0, 10, 6, 16], "texture": "#0"},
				"west": {"uv": [6, 10, 0, 16], "texture": "#0"}
			}
		},
		{
			"from": [1.65173, 6.50595, 6.25],
			"to": [1.65173, 10.50595, 10.25],
			"rotation": {"angle": 22.5, "axis": "z", "origin": [8, 7, 8]},
			"faces": {
				"east": {"uv": [11, 5, 16, 10], "texture": "#0"},
				"west": {"uv": [16, 5, 11, 10], "texture": "#0"}
			}
		},
		{
			"from": [5.51819, 14.18714, 4.25],
			"to": [5.51819, 17.68714, 7.75],
			"rotation": {"angle": 22.5, "axis": "z", "origin": [8, 7, 8]},
			"faces": {
				"east": {"uv": [6, 0, 11, 5], "texture": "#0"},
				"west": {"uv": [11, 0, 6, 5], "texture": "#0"}
			}
		},
		{
			"name": "background",
			"from": [0.25, -0.75, -1.25],
			"to": [0.25, 16.25, 15.75],
			"rotation": {"angle": 0, "axis": "y", "origin": [8, 7, 8]},
			"faces": {
				"east": {"uv": [0, 0, 16, 16], "texture": "#1"},
				"west": {"uv": [0, 0, 16, 16], "texture": "#1"}
			}
		}
	],
	"groups": [0, 1, 2, 3, 4, 5, 6, 7, 8, 9, 10, 11, 12, 13,
		{
			"name": "vine3",
			"origin": [8, 8, 8],
			"children": [14, 15, 16, 17, 18, 19, 20, 21, 22, 23, 24, 25, 26, 27, 28, 29, 30, 31, 32, 33, 34, 35, 36, 37, 38, 39, 40, 41]
		}
	]
}