{
	"credit": "Made with Blockbench",
	"textures": {
		"0": "block/umsoea_models/vine_leaves",
		"1": "block/umsoea_models/vine_background",
		"particle": "block/umsoea_models/vine_leaves"
	},
	"elements": [
		{
			"from": [3.5, 5.5, 3.5],
			"to": [7.5, 9.5, 3.5],
			"rotation": {"angle": -22.5, "axis": "x", "origin": [5, 7, 3.5]},
			"faces": {
				"north": {"uv": [16, 5, 11, 10], "texture": "#0"},
				"south": {"uv": [11, 5, 16, 10], "texture": "#0"}
			}
		},
		{
			"from": [12, 12, 2],
			"to": [16, 16, 2],
			"rotation": {"angle": -22.5, "axis": "x", "origin": [14.5, 13.5, 2]},
			"faces": {
				"north": {"uv": [6, 0, 11, 5], "texture": "#0"},
				"south": {"uv": [11, 0, 6, 5], "texture": "#0"}
			}
		},
		{
			"from": [8.25, -2.25, 0.75],
			"to": [12.25, 1.75, 0.75],
			"faces": {
				"north": {"uv": [6, 0, 0, 6], "texture": "#0"},
				"south": {"uv": [0, 0, 6, 6], "texture": "#0"}
			}
		},
		{
			"from": [10.5, 11.25, 0.75],
			"to": [13.5, 14.25, 0.75],
			"faces": {
				"north": {"uv": [16, 0, 11, 5], "texture": "#0"},
				"south": {"uv": [11, 0, 16, 5], "texture": "#0"}
			}
		},
		{
			"from": [8.5, 6.25, 2],
			"to": [12, 10.25, 2],
			"rotation": {"angle": -22.5, "axis": "x", "origin": [11, 9.75, 2]},
			"faces": {
				"north": {"uv": [6, 10, 0, 16], "texture": "#0"},
				"south": {"uv": [0, 10, 6, 16], "texture": "#0"}
			}
		},
		{
			"from": [0.5, 7.25, 2.25],
			"to": [4.5, 11.25, 2.25],
			"rotation": {"angle": -22.5, "axis": "y", "origin": [3, 9.75, 2.25]},
			"faces": {
				"north": {"uv": [0, 0, 6, 6], "texture": "#0"},
				"south": {"uv": [6, 0, 0, 6], "texture": "#0"}
			}
		},
		{
			"from": [4.75, 12, 2.75],
			"to": [8.75, 16, 2.75],
			"rotation": {"angle": 22.5, "axis": "y", "origin": [7.25, 14.5, 2.75]},
			"faces": {
				"north": {"uv": [6, 10, 12, 16], "texture": "#0"},
				"south": {"uv": [12, 10, 6, 16], "texture": "#0"}
			}
		},
		{
			"from": [3.25, -0.5, 2],
			"to": [7.25, 3.5, 2],
			"rotation": {"angle": -22.5, "axis": "x", "origin": [5.75, 2, 2]},
			"faces": {
				"north": {"uv": [11, 0, 6, 5], "texture": "#0"},
				"south": {"uv": [6, 0, 11, 5], "texture": "#0"}
			}
		},
		{
			"from": [-0.75, -3.5, 1.85],
			"to": [3.25, 0.5, 1.85],
			"rotation": {"angle": -22.5, "axis": "y", "origin": [1.75, -1, 3.85]},
			"faces": {
				"north": {"uv": [16, 0, 11, 5], "texture": "#0"},
				"south": {"uv": [11, 0, 16, 5], "texture": "#0"}
			}
		},
		{
			"from": [13.65, 10.35, 1.3],
			"to": [16.65, 13.35, 1.3],
			"rotation": {"angle": 0, "axis": "y", "origin": [6.4, 8.6, 7.3]},
			"faces": {
				"north": {"uv": [16, 0, 11, 5], "texture": "#0"},
				"south": {"uv": [16, 0, 11, 5], "texture": "#0"}
			}
		},
		{
			"from": [11.5, 3, 2.5],
			"to": [15, 6.5, 2.5],
			"rotation": {"angle": -22.5, "axis": "x", "origin": [14, 4.5, 2.5]},
			"faces": {
				"north": {"uv": [6, 0, 11, 5], "texture": "#0"},
				"south": {"uv": [11, 0, 6, 5], "texture": "#0"}
			}
		},
		{
			"from": [12.5, -0.25, 1.5],
			"to": [15.75, 3, 1.5],
			"rotation": {"angle": 22.5, "axis": "y", "origin": [15, 2.25, 1.5]},
			"faces": {
				"north": {"uv": [0, 0, 6, 6], "texture": "#0"},
				"east": {"uv": [0, 0, 0, 5], "texture": "#missing"},
				"south": {"uv": [6, 0, 0, 6], "texture": "#0"},
				"west": {"uv": [0, 0, 0, 5], "texture": "#missing"},
				"up": {"uv": [5, 0, 0, 0], "rotation": 180, "texture": "#missing"},
				"down": {"uv": [5, 0, 0, 0], "rotation": 180, "texture": "#missing"}
			}
		},
		{
			"from": [3, 10.25, 1.5],
			"to": [6, 13.25, 1.5],
			"faces": {
				"north": {"uv": [12, 10, 6, 16], "texture": "#0"},
				"south": {"uv": [6, 10, 12, 16], "texture": "#0"}
			}
		},
		{
			"name": "background",
			"from": [0.25, -0.75, 0.25],
			"to": [17.25, 16.25, 0.25],
			"faces": {
				"north": {"uv": [0, 0, 16, 16], "texture": "#1"},
				"south": {"uv": [0, 0, 16, 16], "texture": "#1"}
			}
		},
		{
			"from": [10.86449, 14.26326, 8.25],
			"to": [10.86449, 17.76326, 11.75],
			"rotation": {"angle": -22.5, "axis": "z", "origin": [8, 8, 8]},
			"faces": {
				"east": {"uv": [11, 0, 6, 5], "texture": "#0"},
				"west": {"uv": [6, 0, 11, 5], "texture": "#0"}
			}
		},
		{
			"from": [14.73096, 6.58207, 5.75],
			"to": [14.73096, 10.58207, 9.75],
			"rotation": {"angle": -22.5, "axis": "z", "origin": [8, 8, 8]},
			"faces": {
				"east": {"uv": [16, 5, 11, 10], "texture": "#0"},
				"west": {"uv": [11, 5, 16, 10], "texture": "#0"}
			}
		},
		{
			"from": [12.39523, 9.56774, 4.75],
			"to": [12.39523, 12.81774, 7.75],
			"rotation": {"angle": -22.5, "axis": "z", "origin": [8, 8, 8]},
			"faces": {
				"east": {"uv": [6, 10, 0, 16], "texture": "#0"},
				"west": {"uv": [0, 10, 6, 16], "texture": "#0"}
			}
		},
		{
			"from": [14.57924, 10.75, 7.10162],
			"to": [14.57924, 14.75, 11.10162],
			"rotation": {"angle": 22.5, "axis": "y", "origin": [8, 8, 8]},
			"faces": {
				"east": {"uv": [12, 10, 6, 16], "texture": "#0"},
				"west": {"uv": [6, 10, 12, 16], "texture": "#0"}
			}
		},
		{
			"from": [14, 7.25, 5.5],
			"to": [14, 10.75, 9],
			"faces": {
				"east": {"uv": [12, 10, 6, 16], "texture": "#0"},
				"west": {"uv": [6, 10, 12, 16], "texture": "#0"}
			}
		},
		{
			"from": [10.62672, 11.91759, 7.25],
			"to": [10.62672, 15.91759, 11.25],
			"rotation": {"angle": -22.5, "axis": "z", "origin": [8, 8, 8]},
			"faces": {
				"east": {"uv": [16, 5, 11, 10], "texture": "#0"},
				"west": {"uv": [11, 5, 16, 10], "texture": "#0"}
			}
		},
		{
			"from": [11.37568, 4.25, 11.41603],
			"to": [11.37568, 7.25, 14.41603],
			"rotation": {"angle": 22.5, "axis": "y", "origin": [8, 8, 8]},
			"faces": {
				"east": {"uv": [16, 0, 11, 5], "texture": "#0"},
				"west": {"uv": [11, 0, 16, 5], "texture": "#0"}
			}
		},
		{
			"from": [11.36606, 7.25, 15.51221],
			"to": [11.36606, 11.25, 19.51221],
			"rotation": {"angle": 22.5, "axis": "y", "origin": [8, 8, 8]},
			"faces": {
				"east": {"uv": [6, 0, 11, 5], "texture": "#0"},
				"west": {"uv": [11, 0, 6, 5], "texture": "#0"}
			}
		},
		{
			"from": [11.51777, 12.5, 13.99266],
			"to": [11.51777, 16.5, 17.99266],
			"rotation": {"angle": 22.5, "axis": "y", "origin": [8, 8, 8]},
			"faces": {
				"east": {"uv": [12, 10, 6, 16], "texture": "#0"},
				"west": {"uv": [6, 10, 12, 16], "texture": "#0"}
			}
		},
		{
			"from": [15.25, -0.5, 5.5],
			"to": [15.25, 3.5, 9.5],
			"faces": {
				"east": {"uv": [11, 0, 6, 5], "texture": "#0"},
				"west": {"uv": [6, 0, 11, 5], "texture": "#0"}
			}
		},
		{
			"from": [14.5, 3, 4],
			"to": [14.5, 6, 7],
			"faces": {
				"east": {"uv": [12, 10, 6, 16], "texture": "#0"},
				"west": {"uv": [6, 10, 12, 16], "texture": "#0"}
			}
		},
		{
			"from": [12.85717, -1.25, 10.75908],
			"to": [12.85717, 2.75, 14.75908],
			"rotation": {"angle": 22.5, "axis": "y", "origin": [8, 8, 8]},
			"faces": {
				"east": {"uv": [0, 0, 6, 6], "texture": "#0"},
				"west": {"uv": [6, 0, 0, 6], "texture": "#0"}
			}
		},
		{
			"from": [12.02896, 11.14543, 1],
			"to": [12.02896, 15.14543, 5],
			"rotation": {"angle": -22.5, "axis": "z", "origin": [8, 8, 8]},
			"faces": {
				"east": {"uv": [6, 0, 11, 5], "texture": "#0"},
				"west": {"uv": [11, 0, 6, 5], "texture": "#0"}
			}
		},
		{
			"from": [14.63857, 5.5438, 2.5],
			"to": [14.63857, 9.5438, 6.5],
			"rotation": {"angle": -22.5, "axis": "z", "origin": [8, 8, 8]},
			"faces": {
				"east": {"uv": [11, 0, 6, 5], "texture": "#0"},
				"west": {"uv": [6, 0, 11, 5], "texture": "#0"}
			}
		},
		{
			"from": [14.25, 11.75, 2.5],
			"to": [14.25, 14.75, 5.5],
			"faces": {
				"east": {"uv": [16, 0, 11, 5], "texture": "#0"},
				"west": {"uv": [11, 0, 16, 5], "texture": "#0"}
			}
		},
		{
			"from": [14.16707, 1, 8.37411],
			"to": [14.16707, 5, 12.37411],
			"rotation": {"angle": -22.5, "axis": "y", "origin": [8, 8, 8]},
			"faces": {
				"east": {"uv": [16, 0, 11, 5], "texture": "#0"},
				"west": {"uv": [11, 0, 16, 5], "texture": "#0"}
			}
		},
		{
			"from": [15.36102, 4.40767, 13.5],
			"to": [15.36102, 8.40767, 17.5],
			"rotation": {"angle": -22.5, "axis": "z", "origin": [8, 8, 8]},
			"faces": {
				"east": {"uv": [16, 5, 11, 10], "texture": "#0"},
				"west": {"uv": [11, 5, 16, 10], "texture": "#0"}
			}
		},
		{
			"from": [13.25626, 8.48901, 8.25],
			"to": [13.25626, 12.48901, 12.25],
			"rotation": {"angle": -22.5, "axis": "z", "origin": [8, 8, 8]},
			"faces": {
				"east": {"uv": [11, 0, 6, 5], "texture": "#0"},
				"west": {"uv": [6, 0, 11, 5], "texture": "#0"}
			}
		},
		{
			"from": [16.98743, 0.48118, 2],
			"to": [16.98743, 4.48118, 6],
			"rotation": {"angle": -22.5, "axis": "z", "origin": [8, 8, 8]},
			"faces": {
				"east": {"uv": [6, 0, 11, 5], "texture": "#0"},
				"west": {"uv": [11, 0, 6, 5], "texture": "#0"}
			}
		},
		{
			"from": [11.01621, 6.25, -1.24371],
			"to": [11.01621, 9.25, 1.75629],
			"rotation": {"angle": -22.5, "axis": "y", "origin": [8, 8, 8]},
			"faces": {
				"east": {"uv": [6, 0, 11, 5], "texture": "#0"},
				"west": {"uv": [11, 0, 6, 5], "texture": "#0"}
			}
		},
		{
			"from": [15.60841, 7.25, 8.84285],
			"to": [15.60841, 11.25, 12.84285],
			"rotation": {"angle": -22.5, "axis": "y", "origin": [8, 8, 8]},
			"faces": {
				"east": {"uv": [0, 0, 6, 6], "texture": "#0"},
				"west": {"uv": [6, 0, 0, 6], "texture": "#0"}
			}
		},
		{
			"from": [14.787, 3.79349, 0.75],
			"to": [14.787, 7.79349, 4.75],
			"rotation": {"angle": -22.5, "axis": "z", "origin": [8, 8, 8]},
			"faces": {
				"east": {"uv": [6, 10, 0, 16], "texture": "#0"},
				"west": {"uv": [0, 10, 6, 16], "texture": "#0"}
			}
		},
		{
			"from": [13.5, -2.75, 11],
			"to": [13.5, 1.25, 15],
			"faces": {
				"east": {"uv": [12, 10, 6, 16], "texture": "#0"},
				"west": {"uv": [6, 10, 12, 16], "texture": "#0"}
			}
		},
		{
			"from": [15, 9.75, 10.5],
			"to": [15, 12.75, 13.5],
			"faces": {
				"east": {"uv": [16, 0, 11, 5], "texture": "#0"},
				"west": {"uv": [11, 0, 16, 5], "texture": "#0"}
			}
		},
		{
			"from": [15.25, -4.25, 5],
			"to": [15.25, -0.25, 9],
			"faces": {
				"east": {"uv": [6, 0, 0, 6], "texture": "#0"},
				"west": {"uv": [0, 0, 6, 6], "texture": "#0"}
			}
		},
		{
			"from": [15.07401, 5.10058, 11],
			"to": [15.07401, 9.10058, 15],
			"rotation": {"angle": -22.5, "axis": "z", "origin": [8, 8, 8]},
			"faces": {
				"east": {"uv": [6, 0, 11, 5], "texture": "#0"},
				"west": {"uv": [11, 0, 6, 5], "texture": "#0"}
			}
		},
		{
			"from": [10.62672, 11.91759, 0],
			"to": [10.62672, 15.91759, 4],
			"rotation": {"angle": -22.5, "axis": "z", "origin": [8, 8, 8]},
			"faces": {
				"east": {"uv": [16, 5, 11, 10], "texture": "#0"},
				"west": {"uv": [11, 5, 16, 10], "texture": "#0"}
			}
		},
		{
			"name": "background",
			"from": [15.75, -0.75, 0.25],
			"to": [15.75, 16.25, 17.25],
			"faces": {
				"east": {"uv": [0, 0, 16, 16], "texture": "#1"},
				"west": {"uv": [0, 0, 16, 16], "texture": "#1"}
			}
		}
	]
}