{
	"credit": "Made with Blockbench",
	"textures": {
		"0": "block/umsoea_models/vine_leaves",
		"1": "block/umsoea_models/vine_background",
		"particle": "block/umsoea_models/vine_leaves"
	},
	"elements": [
		{
			"from": [8.5, 5.5, 12.5],
			"to": [12.5, 9.5, 12.5],
			"rotation": {"angle": 22.5, "axis": "x", "origin": [11, 7, 12.5]},
			"faces": {
				"north": {"uv": [11, 5, 16, 10], "texture": "#0"},
				"south": {"uv": [16, 5, 11, 10], "texture": "#0"}
			}
		},
		{
			"from": [0, 12, 14],
			"to": [4, 16, 14],
			"rotation": {"angle": 22.5, "axis": "x", "origin": [1.5, 13.5, 14]},
			"faces": {
				"north": {"uv": [11, 0, 6, 5], "texture": "#0"},
				"south": {"uv": [6, 0, 11, 5], "texture": "#0"}
			}
		},
		{
			"from": [3.75, -2.25, 15.25],
			"to": [7.75, 1.75, 15.25],
			"faces": {
				"north": {"uv": [0, 0, 6, 6], "texture": "#0"},
				"south": {"uv": [6, 0, 0, 6], "texture": "#0"}
			}
		},
		{
			"from": [2.5, 11.25, 15.25],
			"to": [5.5, 14.25, 15.25],
			"faces": {
				"north": {"uv": [11, 0, 16, 5], "texture": "#0"},
				"south": {"uv": [16, 0, 11, 5], "texture": "#0"}
			}
		},
		{
			"from": [4, 6.25, 14],
			"to": [7.5, 10.25, 14],
			"rotation": {"angle": 22.5, "axis": "x", "origin": [5, 9.75, 14]},
			"faces": {
				"north": {"uv": [0, 10, 6, 16], "texture": "#0"},
				"south": {"uv": [6, 10, 0, 16], "texture": "#0"}
			}
		},
		{
			"from": [11.5, 7.25, 13.75],
			"to": [15.5, 11.25, 13.75],
			"rotation": {"angle": -22.5, "axis": "y", "origin": [13, 9.75, 13.75]},
			"faces": {
				"north": {"uv": [6, 0, 0, 6], "texture": "#0"},
				"south": {"uv": [0, 0, 6, 6], "texture": "#0"}
			}
		},
		{
			"from": [7.25, 12, 13.25],
			"to": [11.25, 16, 13.25],
			"rotation": {"angle": 22.5, "axis": "y", "origin": [8.75, 14.5, 13.25]},
			"faces": {
				"north": {"uv": [12, 10, 6, 16], "texture": "#0"},
				"south": {"uv": [6, 10, 12, 16], "texture": "#0"}
			}
		},
		{
			"from": [8.75, -0.5, 14],
			"to": [12.75, 3.5, 14],
			"rotation": {"angle": 22.5, "axis": "x", "origin": [10.25, 2, 14]},
			"faces": {
				"north": {"uv": [6, 0, 11, 5], "texture": "#0"},
				"south": {"uv": [11, 0, 6, 5], "texture": "#0"}
			}
		},
		{
			"from": [12.75, -3.5, 14.15],
			"to": [16.75, 0.5, 14.15],
			"rotation": {"angle": -22.5, "axis": "y", "origin": [14.25, -1, 12.15]},
			"faces": {
				"north": {"uv": [11, 0, 16, 5], "texture": "#0"},
				"south": {"uv": [16, 0, 11, 5], "texture": "#0"}
			}
		},
		{
			"from": [-0.65, 10.35, 14.7],
			"to": [2.35, 13.35, 14.7],
			"rotation": {"angle": 0, "axis": "y", "origin": [9.6, 8.6, 8.7]},
			"faces": {
				"north": {"uv": [16, 0, 11, 5], "texture": "#0"},
				"south": {"uv": [16, 0, 11, 5], "texture": "#0"}
			}
		},
		{
			"from": [1, 3, 13.5],
			"to": [4.5, 6.5, 13.5],
			"rotation": {"angle": 22.5, "axis": "x", "origin": [2, 4.5, 13.5]},
			"faces": {
				"north": {"uv": [11, 0, 6, 5], "texture": "#0"},
				"south": {"uv": [6, 0, 11, 5], "texture": "#0"}
			}
		},
		{
			"from": [0.25, -0.25, 14.5],
			"to": [3.5, 3, 14.5],
			"rotation": {"angle": 22.5, "axis": "y", "origin": [1, 2.25, 14.5]},
			"faces": {
				"north": {"uv": [6, 0, 0, 6], "texture": "#0"},
				"east": {"uv": [0, 0, 0, 5], "texture": "#missing"},
				"south": {"uv": [0, 0, 6, 6], "texture": "#0"},
				"west": {"uv": [0, 0, 0, 5], "texture": "#missing"},
				"up": {"uv": [5, 0, 0, 0], "texture": "#missing"},
				"down": {"uv": [5, 0, 0, 0], "texture": "#missing"}
			}
		},
		{
			"from": [10, 10.25, 14.5],
			"to": [13, 13.25, 14.5],
			"faces": {
				"north": {"uv": [6, 10, 12, 16], "texture": "#0"},
				"south": {"uv": [12, 10, 6, 16], "texture": "#0"}
			}
		},
		{
			"name": "background",
			"from": [-1.25, -0.75, 15.75],
			"to": [15.75, 16.25, 15.75],
			"faces": {
				"north": {"uv": [0, 0, 16, 16], "texture": "#1"},
				"south": {"uv": [0, 0, 16, 16], "texture": "#1"}
			}
		}
	]
}